2025-11-25T15:30:33.543+08:00  INFO 6352 --- [todo] [restartedMain] com.todo.demo.TodoApplication            : Starting TodoApplication using Java 21.0.7 with PID 6352 (D:\java_practice\todo\target\classes started by snl19 in D:\java_practice)
2025-11-25T15:30:33.552+08:00 DEBUG 6352 --- [todo] [restartedMain] com.todo.demo.TodoApplication            : Running with Spring Boot v3.3.3, Spring v6.1.12
2025-11-25T15:30:33.552+08:00  INFO 6352 --- [todo] [restartedMain] com.todo.demo.TodoApplication            : No active profile set, falling back to 1 default profile: "default"
2025-11-25T15:30:33.593+08:00  INFO 6352 --- [todo] [restartedMain] .e.DevToolsPropertyDefaultsPostProcessor : Devtools property defaults active! Set 'spring.devtools.add-properties' to 'false' to disable
2025-11-25T15:30:33.594+08:00  INFO 6352 --- [todo] [restartedMain] .e.DevToolsPropertyDefaultsPostProcessor : For additional web related logging consider setting the 'logging.level.web' property to 'DEBUG'
2025-11-25T15:30:34.643+08:00  INFO 6352 --- [todo] [restartedMain] o.s.b.w.embedded.tomcat.TomcatWebServer  : Tomcat initialized with port 8065 (http)
2025-11-25T15:30:34.654+08:00  INFO 6352 --- [todo] [restartedMain] o.apache.catalina.core.StandardService   : Starting service [Tomcat]
2025-11-25T15:30:34.654+08:00  INFO 6352 --- [todo] [restartedMain] o.apache.catalina.core.StandardEngine    : Starting Servlet engine: [Apache Tomcat/10.1.28]
2025-11-25T15:30:34.702+08:00  INFO 6352 --- [todo] [restartedMain] o.a.c.c.C.[Tomcat].[localhost].[/]       : Initializing Spring embedded WebApplicationContext
2025-11-25T15:30:34.702+08:00  INFO 6352 --- [todo] [restartedMain] w.s.c.ServletWebServerApplicationContext : Root WebApplicationContext: initialization completed in 1108 ms
2025-11-25T15:30:34.970+08:00  INFO 6352 --- [todo] [restartedMain] com.zaxxer.hikari.HikariDataSource       : HikariPool-1 - Starting...
2025-11-25T15:30:35.111+08:00  INFO 6352 --- [todo] [restartedMain] com.zaxxer.hikari.pool.HikariPool        : HikariPool-1 - Added connection com.mysql.cj.jdbc.ConnectionImpl@1707f168
2025-11-25T15:30:35.113+08:00  INFO 6352 --- [todo] [restartedMain] com.zaxxer.hikari.HikariDataSource       : HikariPool-1 - Start completed.
2025-11-25T15:30:35.491+08:00  INFO 6352 --- [todo] [restartedMain] o.s.b.d.a.OptionalLiveReloadServer       : LiveReload server is running on port 35729
2025-11-25T15:30:35.520+08:00  INFO 6352 --- [todo] [restartedMain] o.s.b.w.embedded.tomcat.TomcatWebServer  : Tomcat started on port 8065 (http) with context path '/'
2025-11-25T15:30:35.531+08:00  INFO 6352 --- [todo] [restartedMain] com.todo.demo.TodoApplication            : Started TodoApplication in 2.347 seconds (process running for 2.732)
2025-11-25T15:30:38.171+08:00 DEBUG 6352 --- [todo] [总任务] c.t.d.todo.mapper.ToDoMapper.countAll    : ==>  Preparing: SELECT COUNT(*) FROM todo WHERE status = ?
2025-11-25T15:30:38.192+08:00 DEBUG 6352 --- [todo] [总任务] c.t.d.todo.mapper.ToDoMapper.countAll    : ==> Parameters: 10(String)
2025-11-25T15:30:38.230+08:00 DEBUG 6352 --- [todo] [总任务] c.t.d.todo.mapper.ToDoMapper.countAll    : <==      Total: 1
2025-11-25T15:30:41.136+08:00 DEBUG 6352 --- [todo] [总任务] c.t.d.todo.mapper.ToDoMapper.countAll    : ==>  Preparing: SELECT COUNT(*) FROM todo WHERE status = ?
2025-11-25T15:30:41.137+08:00 DEBUG 6352 --- [todo] [总任务] c.t.d.todo.mapper.ToDoMapper.countAll    : ==> Parameters: 10(String)
2025-11-25T15:30:41.138+08:00 DEBUG 6352 --- [todo] [总任务] c.t.d.todo.mapper.ToDoMapper.countAll    : <==      Total: 1
2025-11-25T15:30:41.470+08:00  INFO 6352 --- [todo] [http-nio-8065-exec-1] o.a.c.c.C.[Tomcat].[localhost].[/]       : Initializing Spring DispatcherServlet 'dispatcherServlet'
2025-11-25T15:30:41.471+08:00  INFO 6352 --- [todo] [http-nio-8065-exec-1] o.s.web.servlet.DispatcherServlet        : Initializing Servlet 'dispatcherServlet'
2025-11-25T15:30:41.476+08:00  INFO 6352 --- [todo] [http-nio-8065-exec-1] o.s.web.servlet.DispatcherServlet        : Completed initialization in 5 ms
2025-11-25T15:30:41.601+08:00 DEBUG 6352 --- [todo] [http-nio-8065-exec-2] c.t.d.todo.mapper.ToDoMapper.loadTags    : ==>  Preparing: SELECT id , code ,message FROM tag
2025-11-25T15:30:41.614+08:00 DEBUG 6352 --- [todo] [http-nio-8065-exec-2] c.t.d.todo.mapper.ToDoMapper.loadTags    : ==> Parameters: 
2025-11-25T15:30:41.633+08:00 DEBUG 6352 --- [todo] [http-nio-8065-exec-2] c.t.d.todo.mapper.ToDoMapper.loadTags    : <==      Total: 10
2025-11-25T15:30:41.751+08:00 DEBUG 6352 --- [todo] [http-nio-8065-exec-1] c.t.demo.todo.controller.ToDoController  : 查询参数:ToDoQuery(id=null, title=, tag=null, messageLevel=null, message=, tagCode=null, status=10, pageNumber=1, pageSize=2)
2025-11-25T15:30:41.787+08:00 DEBUG 6352 --- [todo] [http-nio-8065-exec-1] c.t.demo.todo.mapper.ToDoMapper.query    : ==>  Preparing: SELECT td.id,td.title,td.status,td.message_level as messageLevel , td.tag,td.description,td.message,td.create_time as createTime, td.expire_time as expireTime,td.complete_time as completeTime, td.update_time as updateTime,ta.code AS tagCode FROM todo AS td INNER JOIN tag AS ta ON td.tag = ta.code WHERE status = ? ORDER BY create_time DESC LIMIT ?,?
2025-11-25T15:30:41.800+08:00 DEBUG 6352 --- [todo] [http-nio-8065-exec-1] c.t.demo.todo.mapper.ToDoMapper.query    : ==> Parameters: 10(String), 0(Integer), 2(Integer)
2025-11-25T15:30:41.845+08:00 DEBUG 6352 --- [todo] [http-nio-8065-exec-1] c.t.demo.todo.mapper.ToDoMapper.query    : <==      Total: 2
2025-11-25T15:30:41.863+08:00 DEBUG 6352 --- [todo] [http-nio-8065-exec-1] c.t.d.todo.mapper.ToDoMapper.countAll    : ==>  Preparing: SELECT COUNT(*) FROM todo WHERE status = ?
2025-11-25T15:30:41.866+08:00 DEBUG 6352 --- [todo] [http-nio-8065-exec-1] c.t.d.todo.mapper.ToDoMapper.countAll    : ==> Parameters: 10(String)
2025-11-25T15:30:41.870+08:00 DEBUG 6352 --- [todo] [http-nio-8065-exec-1] c.t.d.todo.mapper.ToDoMapper.countAll    : <==      Total: 1
2025-11-25T15:30:44.137+08:00 DEBUG 6352 --- [todo] [总任务] c.t.d.todo.mapper.ToDoMapper.countAll    : ==>  Preparing: SELECT COUNT(*) FROM todo WHERE status = ?
2025-11-25T15:30:44.138+08:00 DEBUG 6352 --- [todo] [总任务] c.t.d.todo.mapper.ToDoMapper.countAll    : ==> Parameters: 10(String)
2025-11-25T15:30:44.139+08:00 DEBUG 6352 --- [todo] [总任务] c.t.d.todo.mapper.ToDoMapper.countAll    : <==      Total: 1
2025-11-25T15:30:45.142+08:00 DEBUG 6352 --- [todo] [时间调度器] c.t.demo.todo.mapper.ToDoMapper.query    : ==>  Preparing: SELECT td.id,td.title,td.status,td.message_level as messageLevel , td.tag,td.description,td.message,td.create_time as createTime, td.expire_time as expireTime,td.complete_time as completeTime, td.update_time as updateTime,ta.code AS tagCode FROM todo AS td INNER JOIN tag AS ta ON td.tag = ta.code WHERE status = ? ORDER BY create_time DESC
2025-11-25T15:30:45.145+08:00 DEBUG 6352 --- [todo] [时间调度器] c.t.demo.todo.mapper.ToDoMapper.query    : ==> Parameters: 10(String)
2025-11-25T15:30:45.153+08:00 DEBUG 6352 --- [todo] [时间调度器] c.t.demo.todo.mapper.ToDoMapper.query    : <==      Total: 2
2025-11-25T15:30:45.173+08:00 DEBUG 6352 --- [todo] [时间调度器] c.t.demo.todo.mapper.ToDoMapper.update   : ==>  Preparing: UPDATE todo SET status = ?, update_time = ?, expire_time = ? WHERE id = ?
2025-11-25T15:30:45.195+08:00 DEBUG 6352 --- [todo] [时间调度器] c.t.demo.todo.mapper.ToDoMapper.update   : ==> Parameters: 30(String), 2025-11-25 15:30:45.157(Timestamp), 2025-11-25 15:30:45.157(Timestamp), 222(Long)
2025-11-25T15:30:45.244+08:00 DEBUG 6352 --- [todo] [时间调度器] c.t.demo.todo.mapper.ToDoMapper.update   : <==    Updates: 1
2025-11-25T15:30:45.245+08:00 DEBUG 6352 --- [todo] [时间调度器] c.t.demo.todo.mapper.ToDoMapper.update   : ==>  Preparing: UPDATE todo SET status = ?, update_time = ?, expire_time = ? WHERE id = ?
2025-11-25T15:30:45.250+08:00 DEBUG 6352 --- [todo] [时间调度器] c.t.demo.todo.mapper.ToDoMapper.update   : ==> Parameters: 30(String), 2025-11-25 15:30:45.245(Timestamp), 2025-11-25 15:30:45.245(Timestamp), 221(Long)
2025-11-25T15:30:45.255+08:00 DEBUG 6352 --- [todo] [时间调度器] c.t.demo.todo.mapper.ToDoMapper.update   : <==    Updates: 1
2025-11-25T15:30:47.137+08:00 DEBUG 6352 --- [todo] [总任务] c.t.d.todo.mapper.ToDoMapper.countAll    : ==>  Preparing: SELECT COUNT(*) FROM todo WHERE status = ?
2025-11-25T15:30:47.138+08:00 DEBUG 6352 --- [todo] [总任务] c.t.d.todo.mapper.ToDoMapper.countAll    : ==> Parameters: 10(String)
2025-11-25T15:30:47.140+08:00 DEBUG 6352 --- [todo] [总任务] c.t.d.todo.mapper.ToDoMapper.countAll    : <==      Total: 1
2025-11-25T15:30:50.137+08:00 DEBUG 6352 --- [todo] [总任务] c.t.d.todo.mapper.ToDoMapper.countAll    : ==>  Preparing: SELECT COUNT(*) FROM todo WHERE status = ?
2025-11-25T15:30:50.137+08:00 DEBUG 6352 --- [todo] [总任务] c.t.d.todo.mapper.ToDoMapper.countAll    : ==> Parameters: 10(String)
2025-11-25T15:30:50.138+08:00 DEBUG 6352 --- [todo] [总任务] c.t.d.todo.mapper.ToDoMapper.countAll    : <==      Total: 1
2025-11-25T15:30:53.138+08:00 DEBUG 6352 --- [todo] [总任务] c.t.d.todo.mapper.ToDoMapper.countAll    : ==>  Preparing: SELECT COUNT(*) FROM todo WHERE status = ?
2025-11-25T15:30:53.138+08:00 DEBUG 6352 --- [todo] [总任务] c.t.d.todo.mapper.ToDoMapper.countAll    : ==> Parameters: 10(String)
2025-11-25T15:30:53.139+08:00 DEBUG 6352 --- [todo] [总任务] c.t.d.todo.mapper.ToDoMapper.countAll    : <==      Total: 1
2025-11-25T15:30:55.135+08:00 DEBUG 6352 --- [todo] [时间调度器] c.t.demo.todo.mapper.ToDoMapper.query    : ==>  Preparing: SELECT td.id,td.title,td.status,td.message_level as messageLevel , td.tag,td.description,td.message,td.create_time as createTime, td.expire_time as expireTime,td.complete_time as completeTime, td.update_time as updateTime,ta.code AS tagCode FROM todo AS td INNER JOIN tag AS ta ON td.tag = ta.code WHERE status = ? ORDER BY create_time DESC
2025-11-25T15:30:55.136+08:00 DEBUG 6352 --- [todo] [时间调度器] c.t.demo.todo.mapper.ToDoMapper.query    : ==> Parameters: 10(String)
2025-11-25T15:30:55.137+08:00 DEBUG 6352 --- [todo] [时间调度器] c.t.demo.todo.mapper.ToDoMapper.query    : <==      Total: 0
2025-11-25T15:30:56.138+08:00 DEBUG 6352 --- [todo] [总任务] c.t.d.todo.mapper.ToDoMapper.countAll    : ==>  Preparing: SELECT COUNT(*) FROM todo WHERE status = ?
2025-11-25T15:30:56.138+08:00 DEBUG 6352 --- [todo] [总任务] c.t.d.todo.mapper.ToDoMapper.countAll    : ==> Parameters: 10(String)
2025-11-25T15:30:56.140+08:00 DEBUG 6352 --- [todo] [总任务] c.t.d.todo.mapper.ToDoMapper.countAll    : <==      Total: 1
2025-11-25T15:30:59.139+08:00 DEBUG 6352 --- [todo] [总任务] c.t.d.todo.mapper.ToDoMapper.countAll    : ==>  Preparing: SELECT COUNT(*) FROM todo WHERE status = ?
2025-11-25T15:30:59.139+08:00 DEBUG 6352 --- [todo] [总任务] c.t.d.todo.mapper.ToDoMapper.countAll    : ==> Parameters: 10(String)
2025-11-25T15:30:59.140+08:00 DEBUG 6352 --- [todo] [总任务] c.t.d.todo.mapper.ToDoMapper.countAll    : <==      Total: 1
2025-11-25T15:31:02.140+08:00 DEBUG 6352 --- [todo] [总任务] c.t.d.todo.mapper.ToDoMapper.countAll    : ==>  Preparing: SELECT COUNT(*) FROM todo WHERE status = ?
2025-11-25T15:31:02.141+08:00 DEBUG 6352 --- [todo] [总任务] c.t.d.todo.mapper.ToDoMapper.countAll    : ==> Parameters: 10(String)
2025-11-25T15:31:02.142+08:00 DEBUG 6352 --- [todo] [总任务] c.t.d.todo.mapper.ToDoMapper.countAll    : <==      Total: 1
2025-11-25T15:31:05.134+08:00 DEBUG 6352 --- [todo] [时间调度器] c.t.demo.todo.mapper.ToDoMapper.query    : ==>  Preparing: SELECT td.id,td.title,td.status,td.message_level as messageLevel , td.tag,td.description,td.message,td.create_time as createTime, td.expire_time as expireTime,td.complete_time as completeTime, td.update_time as updateTime,ta.code AS tagCode FROM todo AS td INNER JOIN tag AS ta ON td.tag = ta.code WHERE status = ? ORDER BY create_time DESC
2025-11-25T15:31:05.136+08:00 DEBUG 6352 --- [todo] [时间调度器] c.t.demo.todo.mapper.ToDoMapper.query    : ==> Parameters: 10(String)
2025-11-25T15:31:05.136+08:00 DEBUG 6352 --- [todo] [时间调度器] c.t.demo.todo.mapper.ToDoMapper.query    : <==      Total: 0
2025-11-25T15:31:05.140+08:00 DEBUG 6352 --- [todo] [总任务] c.t.d.todo.mapper.ToDoMapper.countAll    : ==>  Preparing: SELECT COUNT(*) FROM todo WHERE status = ?
2025-11-25T15:31:05.140+08:00 DEBUG 6352 --- [todo] [总任务] c.t.d.todo.mapper.ToDoMapper.countAll    : ==> Parameters: 10(String)
2025-11-25T15:31:05.142+08:00 DEBUG 6352 --- [todo] [总任务] c.t.d.todo.mapper.ToDoMapper.countAll    : <==      Total: 1
2025-11-25T15:31:08.140+08:00 DEBUG 6352 --- [todo] [总任务] c.t.d.todo.mapper.ToDoMapper.countAll    : ==>  Preparing: SELECT COUNT(*) FROM todo WHERE status = ?
2025-11-25T15:31:08.140+08:00 DEBUG 6352 --- [todo] [总任务] c.t.d.todo.mapper.ToDoMapper.countAll    : ==> Parameters: 10(String)
2025-11-25T15:31:08.141+08:00 DEBUG 6352 --- [todo] [总任务] c.t.d.todo.mapper.ToDoMapper.countAll    : <==      Total: 1
2025-11-25T15:31:11.140+08:00 DEBUG 6352 --- [todo] [总任务] c.t.d.todo.mapper.ToDoMapper.countAll    : ==>  Preparing: SELECT COUNT(*) FROM todo WHERE status = ?
2025-11-25T15:31:11.141+08:00 DEBUG 6352 --- [todo] [总任务] c.t.d.todo.mapper.ToDoMapper.countAll    : ==> Parameters: 10(String)
2025-11-25T15:31:11.141+08:00 DEBUG 6352 --- [todo] [总任务] c.t.d.todo.mapper.ToDoMapper.countAll    : <==      Total: 1
2025-11-25T15:31:14.142+08:00 DEBUG 6352 --- [todo] [总任务] c.t.d.todo.mapper.ToDoMapper.countAll    : ==>  Preparing: SELECT COUNT(*) FROM todo WHERE status = ?
2025-11-25T15:31:14.143+08:00 DEBUG 6352 --- [todo] [总任务] c.t.d.todo.mapper.ToDoMapper.countAll    : ==> Parameters: 10(String)
2025-11-25T15:31:14.143+08:00 DEBUG 6352 --- [todo] [总任务] c.t.d.todo.mapper.ToDoMapper.countAll    : <==      Total: 1
2025-11-25T15:31:15.135+08:00 DEBUG 6352 --- [todo] [时间调度器] c.t.demo.todo.mapper.ToDoMapper.query    : ==>  Preparing: SELECT td.id,td.title,td.status,td.message_level as messageLevel , td.tag,td.description,td.message,td.create_time as createTime, td.expire_time as expireTime,td.complete_time as completeTime, td.update_time as updateTime,ta.code AS tagCode FROM todo AS td INNER JOIN tag AS ta ON td.tag = ta.code WHERE status = ? ORDER BY create_time DESC
2025-11-25T15:31:15.136+08:00 DEBUG 6352 --- [todo] [时间调度器] c.t.demo.todo.mapper.ToDoMapper.query    : ==> Parameters: 10(String)
2025-11-25T15:31:15.136+08:00 DEBUG 6352 --- [todo] [时间调度器] c.t.demo.todo.mapper.ToDoMapper.query    : <==      Total: 0
2025-11-25T15:31:17.142+08:00 DEBUG 6352 --- [todo] [总任务] c.t.d.todo.mapper.ToDoMapper.countAll    : ==>  Preparing: SELECT COUNT(*) FROM todo WHERE status = ?
2025-11-25T15:31:17.143+08:00 DEBUG 6352 --- [todo] [总任务] c.t.d.todo.mapper.ToDoMapper.countAll    : ==> Parameters: 10(String)
2025-11-25T15:31:17.143+08:00 DEBUG 6352 --- [todo] [总任务] c.t.d.todo.mapper.ToDoMapper.countAll    : <==      Total: 1
2025-11-25T15:31:20.143+08:00 DEBUG 6352 --- [todo] [总任务] c.t.d.todo.mapper.ToDoMapper.countAll    : ==>  Preparing: SELECT COUNT(*) FROM todo WHERE status = ?
2025-11-25T15:31:20.144+08:00 DEBUG 6352 --- [todo] [总任务] c.t.d.todo.mapper.ToDoMapper.countAll    : ==> Parameters: 10(String)
2025-11-25T15:31:20.144+08:00 DEBUG 6352 --- [todo] [总任务] c.t.d.todo.mapper.ToDoMapper.countAll    : <==      Total: 1
2025-11-25T15:31:23.143+08:00 DEBUG 6352 --- [todo] [总任务] c.t.d.todo.mapper.ToDoMapper.countAll    : ==>  Preparing: SELECT COUNT(*) FROM todo WHERE status = ?
2025-11-25T15:31:23.144+08:00 DEBUG 6352 --- [todo] [总任务] c.t.d.todo.mapper.ToDoMapper.countAll    : ==> Parameters: 10(String)
2025-11-25T15:31:23.144+08:00 DEBUG 6352 --- [todo] [总任务] c.t.d.todo.mapper.ToDoMapper.countAll    : <==      Total: 1
2025-11-25T15:31:25.135+08:00 DEBUG 6352 --- [todo] [时间调度器] c.t.demo.todo.mapper.ToDoMapper.query    : ==>  Preparing: SELECT td.id,td.title,td.status,td.message_level as messageLevel , td.tag,td.description,td.message,td.create_time as createTime, td.expire_time as expireTime,td.complete_time as completeTime, td.update_time as updateTime,ta.code AS tagCode FROM todo AS td INNER JOIN tag AS ta ON td.tag = ta.code WHERE status = ? ORDER BY create_time DESC
2025-11-25T15:31:25.136+08:00 DEBUG 6352 --- [todo] [时间调度器] c.t.demo.todo.mapper.ToDoMapper.query    : ==> Parameters: 10(String)
2025-11-25T15:31:25.136+08:00 DEBUG 6352 --- [todo] [时间调度器] c.t.demo.todo.mapper.ToDoMapper.query    : <==      Total: 0
2025-11-25T15:31:26.144+08:00 DEBUG 6352 --- [todo] [总任务] c.t.d.todo.mapper.ToDoMapper.countAll    : ==>  Preparing: SELECT COUNT(*) FROM todo WHERE status = ?
2025-11-25T15:31:26.144+08:00 DEBUG 6352 --- [todo] [总任务] c.t.d.todo.mapper.ToDoMapper.countAll    : ==> Parameters: 10(String)
2025-11-25T15:31:26.145+08:00 DEBUG 6352 --- [todo] [总任务] c.t.d.todo.mapper.ToDoMapper.countAll    : <==      Total: 1
2025-11-25T15:31:29.144+08:00 DEBUG 6352 --- [todo] [总任务] c.t.d.todo.mapper.ToDoMapper.countAll    : ==>  Preparing: SELECT COUNT(*) FROM todo WHERE status = ?
2025-11-25T15:31:29.145+08:00 DEBUG 6352 --- [todo] [总任务] c.t.d.todo.mapper.ToDoMapper.countAll    : ==> Parameters: 10(String)
2025-11-25T15:31:29.145+08:00 DEBUG 6352 --- [todo] [总任务] c.t.d.todo.mapper.ToDoMapper.countAll    : <==      Total: 1
2025-11-25T15:31:32.144+08:00 DEBUG 6352 --- [todo] [总任务] c.t.d.todo.mapper.ToDoMapper.countAll    : ==>  Preparing: SELECT COUNT(*) FROM todo WHERE status = ?
2025-11-25T15:31:32.145+08:00 DEBUG 6352 --- [todo] [总任务] c.t.d.todo.mapper.ToDoMapper.countAll    : ==> Parameters: 10(String)
2025-11-25T15:31:32.145+08:00 DEBUG 6352 --- [todo] [总任务] c.t.d.todo.mapper.ToDoMapper.countAll    : <==      Total: 1
2025-11-25T15:31:35.136+08:00 DEBUG 6352 --- [todo] [时间调度器] c.t.demo.todo.mapper.ToDoMapper.query    : ==>  Preparing: SELECT td.id,td.title,td.status,td.message_level as messageLevel , td.tag,td.description,td.message,td.create_time as createTime, td.expire_time as expireTime,td.complete_time as completeTime, td.update_time as updateTime,ta.code AS tagCode FROM todo AS td INNER JOIN tag AS ta ON td.tag = ta.code WHERE status = ? ORDER BY create_time DESC
2025-11-25T15:31:35.137+08:00 DEBUG 6352 --- [todo] [时间调度器] c.t.demo.todo.mapper.ToDoMapper.query    : ==> Parameters: 10(String)
2025-11-25T15:31:35.137+08:00 DEBUG 6352 --- [todo] [时间调度器] c.t.demo.todo.mapper.ToDoMapper.query    : <==      Total: 0
2025-11-25T15:31:35.145+08:00 DEBUG 6352 --- [todo] [总任务] c.t.d.todo.mapper.ToDoMapper.countAll    : ==>  Preparing: SELECT COUNT(*) FROM todo WHERE status = ?
2025-11-25T15:31:35.145+08:00 DEBUG 6352 --- [todo] [总任务] c.t.d.todo.mapper.ToDoMapper.countAll    : ==> Parameters: 10(String)
2025-11-25T15:31:35.146+08:00 DEBUG 6352 --- [todo] [总任务] c.t.d.todo.mapper.ToDoMapper.countAll    : <==      Total: 1
2025-11-25T15:31:37.435+08:00 DEBUG 6352 --- [todo] [http-nio-8065-exec-5] c.t.demo.todo.controller.ToDoController  : 保存参数:TodoSave(title=学习websocket, messageLevel=10, tag=40, description=好好学习websocket, message=学习websocket，整合到spring-boot中)
2025-11-25T15:31:37.436+08:00 DEBUG 6352 --- [todo] [http-nio-8065-exec-5] c.t.d.t.s.Imp.ToDoServiceImplement       : 进入到参数是:TodoSave(title=学习websocket, messageLevel=10, tag=40, description=好好学习websocket, message=学习websocket，整合到spring-boot中)
2025-11-25T15:31:37.437+08:00 DEBUG 6352 --- [todo] [http-nio-8065-exec-5] c.todo.demo.todo.mapper.ToDoMapper.save  : ==>  Preparing: INSERT INTO todo(title,status,message_level,tag,description,message,create_time) VALUES(?,?,?,?,?,?,?)
2025-11-25T15:31:37.438+08:00 DEBUG 6352 --- [todo] [http-nio-8065-exec-5] c.todo.demo.todo.mapper.ToDoMapper.save  : ==> Parameters: 学习websocket(String), 10(String), 10(String), 40(String), 好好学习websocket(String), 学习websocket，整合到spring-boot中(String), 2025-11-25 15:31:37.436(Timestamp)
2025-11-25T15:31:37.445+08:00 DEBUG 6352 --- [todo] [http-nio-8065-exec-5] c.todo.demo.todo.mapper.ToDoMapper.save  : <==    Updates: 1
2025-11-25T15:31:37.456+08:00 DEBUG 6352 --- [todo] [http-nio-8065-exec-6] c.t.demo.todo.controller.ToDoController  : 查询参数:ToDoQuery(id=null, title=, tag=null, messageLevel=null, message=, tagCode=null, status=10, pageNumber=1, pageSize=2)
2025-11-25T15:31:37.456+08:00 DEBUG 6352 --- [todo] [http-nio-8065-exec-6] c.t.demo.todo.mapper.ToDoMapper.query    : ==>  Preparing: SELECT td.id,td.title,td.status,td.message_level as messageLevel , td.tag,td.description,td.message,td.create_time as createTime, td.expire_time as expireTime,td.complete_time as completeTime, td.update_time as updateTime,ta.code AS tagCode FROM todo AS td INNER JOIN tag AS ta ON td.tag = ta.code WHERE status = ? ORDER BY create_time DESC LIMIT ?,?
2025-11-25T15:31:37.457+08:00 DEBUG 6352 --- [todo] [http-nio-8065-exec-6] c.t.demo.todo.mapper.ToDoMapper.query    : ==> Parameters: 10(String), 0(Integer), 2(Integer)
2025-11-25T15:31:37.458+08:00 DEBUG 6352 --- [todo] [http-nio-8065-exec-6] c.t.demo.todo.mapper.ToDoMapper.query    : <==      Total: 1
2025-11-25T15:31:37.459+08:00 DEBUG 6352 --- [todo] [http-nio-8065-exec-6] c.t.d.todo.mapper.ToDoMapper.countAll    : ==>  Preparing: SELECT COUNT(*) FROM todo WHERE status = ?
2025-11-25T15:31:37.459+08:00 DEBUG 6352 --- [todo] [http-nio-8065-exec-6] c.t.d.todo.mapper.ToDoMapper.countAll    : ==> Parameters: 10(String)
2025-11-25T15:31:37.460+08:00 DEBUG 6352 --- [todo] [http-nio-8065-exec-6] c.t.d.todo.mapper.ToDoMapper.countAll    : <==      Total: 1
2025-11-25T15:31:38.146+08:00 DEBUG 6352 --- [todo] [总任务] c.t.d.todo.mapper.ToDoMapper.countAll    : ==>  Preparing: SELECT COUNT(*) FROM todo WHERE status = ?
2025-11-25T15:31:38.147+08:00 DEBUG 6352 --- [todo] [总任务] c.t.d.todo.mapper.ToDoMapper.countAll    : ==> Parameters: 10(String)
2025-11-25T15:31:38.147+08:00 DEBUG 6352 --- [todo] [总任务] c.t.d.todo.mapper.ToDoMapper.countAll    : <==      Total: 1
2025-11-25T15:31:41.146+08:00 DEBUG 6352 --- [todo] [总任务] c.t.d.todo.mapper.ToDoMapper.countAll    : ==>  Preparing: SELECT COUNT(*) FROM todo WHERE status = ?
2025-11-25T15:31:41.147+08:00 DEBUG 6352 --- [todo] [总任务] c.t.d.todo.mapper.ToDoMapper.countAll    : ==> Parameters: 10(String)
2025-11-25T15:31:41.147+08:00 DEBUG 6352 --- [todo] [总任务] c.t.d.todo.mapper.ToDoMapper.countAll    : <==      Total: 1
2025-11-25T15:31:44.146+08:00 DEBUG 6352 --- [todo] [总任务] c.t.d.todo.mapper.ToDoMapper.countAll    : ==>  Preparing: SELECT COUNT(*) FROM todo WHERE status = ?
2025-11-25T15:31:44.147+08:00 DEBUG 6352 --- [todo] [总任务] c.t.d.todo.mapper.ToDoMapper.countAll    : ==> Parameters: 10(String)
2025-11-25T15:31:44.148+08:00 DEBUG 6352 --- [todo] [总任务] c.t.d.todo.mapper.ToDoMapper.countAll    : <==      Total: 1
2025-11-25T15:31:45.136+08:00 DEBUG 6352 --- [todo] [时间调度器] c.t.demo.todo.mapper.ToDoMapper.query    : ==>  Preparing: SELECT td.id,td.title,td.status,td.message_level as messageLevel , td.tag,td.description,td.message,td.create_time as createTime, td.expire_time as expireTime,td.complete_time as completeTime, td.update_time as updateTime,ta.code AS tagCode FROM todo AS td INNER JOIN tag AS ta ON td.tag = ta.code WHERE status = ? ORDER BY create_time DESC
2025-11-25T15:31:45.136+08:00 DEBUG 6352 --- [todo] [时间调度器] c.t.demo.todo.mapper.ToDoMapper.query    : ==> Parameters: 10(String)
2025-11-25T15:31:45.138+08:00 DEBUG 6352 --- [todo] [时间调度器] c.t.demo.todo.mapper.ToDoMapper.query    : <==      Total: 1
2025-11-25T15:31:46.063+08:00 DEBUG 6352 --- [todo] [http-nio-8065-exec-8] c.t.demo.todo.controller.ToDoController  : 查询参数:ToDoQuery(id=null, title=, tag=null, messageLevel=null, message=, tagCode=null, status=30, pageNumber=1, pageSize=2)
2025-11-25T15:31:46.064+08:00 DEBUG 6352 --- [todo] [http-nio-8065-exec-8] c.t.demo.todo.mapper.ToDoMapper.query    : ==>  Preparing: SELECT td.id,td.title,td.status,td.message_level as messageLevel , td.tag,td.description,td.message,td.create_time as createTime, td.expire_time as expireTime,td.complete_time as completeTime, td.update_time as updateTime,ta.code AS tagCode FROM todo AS td INNER JOIN tag AS ta ON td.tag = ta.code WHERE status = ? ORDER BY create_time DESC LIMIT ?,?
2025-11-25T15:31:46.064+08:00 DEBUG 6352 --- [todo] [http-nio-8065-exec-8] c.t.demo.todo.mapper.ToDoMapper.query    : ==> Parameters: 30(String), 0(Integer), 2(Integer)
2025-11-25T15:31:46.066+08:00 DEBUG 6352 --- [todo] [http-nio-8065-exec-8] c.t.demo.todo.mapper.ToDoMapper.query    : <==      Total: 2
2025-11-25T15:31:46.066+08:00 DEBUG 6352 --- [todo] [http-nio-8065-exec-8] c.t.d.todo.mapper.ToDoMapper.countAll    : ==>  Preparing: SELECT COUNT(*) FROM todo WHERE status = ?
2025-11-25T15:31:46.066+08:00 DEBUG 6352 --- [todo] [http-nio-8065-exec-8] c.t.d.todo.mapper.ToDoMapper.countAll    : ==> Parameters: 30(String)
2025-11-25T15:31:46.067+08:00 DEBUG 6352 --- [todo] [http-nio-8065-exec-8] c.t.d.todo.mapper.ToDoMapper.countAll    : <==      Total: 1
2025-11-25T15:31:47.147+08:00 DEBUG 6352 --- [todo] [总任务] c.t.d.todo.mapper.ToDoMapper.countAll    : ==>  Preparing: SELECT COUNT(*) FROM todo WHERE status = ?
2025-11-25T15:31:47.147+08:00 DEBUG 6352 --- [todo] [总任务] c.t.d.todo.mapper.ToDoMapper.countAll    : ==> Parameters: 10(String)
2025-11-25T15:31:47.148+08:00 DEBUG 6352 --- [todo] [总任务] c.t.d.todo.mapper.ToDoMapper.countAll    : <==      Total: 1
2025-11-25T15:31:48.263+08:00 DEBUG 6352 --- [todo] [http-nio-8065-exec-9] c.t.demo.todo.controller.ToDoController  : 查询参数:ToDoQuery(id=null, title=, tag=null, messageLevel=null, message=, tagCode=null, status=30, pageNumber=2, pageSize=2)
2025-11-25T15:31:48.263+08:00 DEBUG 6352 --- [todo] [http-nio-8065-exec-9] c.t.demo.todo.mapper.ToDoMapper.query    : ==>  Preparing: SELECT td.id,td.title,td.status,td.message_level as messageLevel , td.tag,td.description,td.message,td.create_time as createTime, td.expire_time as expireTime,td.complete_time as completeTime, td.update_time as updateTime,ta.code AS tagCode FROM todo AS td INNER JOIN tag AS ta ON td.tag = ta.code WHERE status = ? ORDER BY create_time DESC LIMIT ?,?
2025-11-25T15:31:48.263+08:00 DEBUG 6352 --- [todo] [http-nio-8065-exec-9] c.t.demo.todo.mapper.ToDoMapper.query    : ==> Parameters: 30(String), 2(Integer), 2(Integer)
2025-11-25T15:31:48.265+08:00 DEBUG 6352 --- [todo] [http-nio-8065-exec-9] c.t.demo.todo.mapper.ToDoMapper.query    : <==      Total: 2
2025-11-25T15:31:48.265+08:00 DEBUG 6352 --- [todo] [http-nio-8065-exec-9] c.t.d.todo.mapper.ToDoMapper.countAll    : ==>  Preparing: SELECT COUNT(*) FROM todo WHERE status = ?
2025-11-25T15:31:48.265+08:00 DEBUG 6352 --- [todo] [http-nio-8065-exec-9] c.t.d.todo.mapper.ToDoMapper.countAll    : ==> Parameters: 30(String)
2025-11-25T15:31:48.266+08:00 DEBUG 6352 --- [todo] [http-nio-8065-exec-9] c.t.d.todo.mapper.ToDoMapper.countAll    : <==      Total: 1
2025-11-25T15:31:48.942+08:00 DEBUG 6352 --- [todo] [http-nio-8065-exec-10] c.t.demo.todo.controller.ToDoController  : 查询参数:ToDoQuery(id=null, title=, tag=null, messageLevel=null, message=, tagCode=null, status=30, pageNumber=3, pageSize=2)
2025-11-25T15:31:48.943+08:00 DEBUG 6352 --- [todo] [http-nio-8065-exec-10] c.t.demo.todo.mapper.ToDoMapper.query    : ==>  Preparing: SELECT td.id,td.title,td.status,td.message_level as messageLevel , td.tag,td.description,td.message,td.create_time as createTime, td.expire_time as expireTime,td.complete_time as completeTime, td.update_time as updateTime,ta.code AS tagCode FROM todo AS td INNER JOIN tag AS ta ON td.tag = ta.code WHERE status = ? ORDER BY create_time DESC LIMIT ?,?
2025-11-25T15:31:48.943+08:00 DEBUG 6352 --- [todo] [http-nio-8065-exec-10] c.t.demo.todo.mapper.ToDoMapper.query    : ==> Parameters: 30(String), 4(Integer), 2(Integer)
2025-11-25T15:31:48.944+08:00 DEBUG 6352 --- [todo] [http-nio-8065-exec-10] c.t.demo.todo.mapper.ToDoMapper.query    : <==      Total: 1
2025-11-25T15:31:48.944+08:00 DEBUG 6352 --- [todo] [http-nio-8065-exec-10] c.t.d.todo.mapper.ToDoMapper.countAll    : ==>  Preparing: SELECT COUNT(*) FROM todo WHERE status = ?
2025-11-25T15:31:48.945+08:00 DEBUG 6352 --- [todo] [http-nio-8065-exec-10] c.t.d.todo.mapper.ToDoMapper.countAll    : ==> Parameters: 30(String)
2025-11-25T15:31:48.945+08:00 DEBUG 6352 --- [todo] [http-nio-8065-exec-10] c.t.d.todo.mapper.ToDoMapper.countAll    : <==      Total: 1
2025-11-25T15:31:50.147+08:00 DEBUG 6352 --- [todo] [总任务] c.t.d.todo.mapper.ToDoMapper.countAll    : ==>  Preparing: SELECT COUNT(*) FROM todo WHERE status = ?
2025-11-25T15:31:50.148+08:00 DEBUG 6352 --- [todo] [总任务] c.t.d.todo.mapper.ToDoMapper.countAll    : ==> Parameters: 10(String)
2025-11-25T15:31:50.148+08:00 DEBUG 6352 --- [todo] [总任务] c.t.d.todo.mapper.ToDoMapper.countAll    : <==      Total: 1
2025-11-25T15:31:50.670+08:00 DEBUG 6352 --- [todo] [http-nio-8065-exec-2] c.t.demo.todo.controller.ToDoController  : 查询参数:ToDoQuery(id=null, title=, tag=null, messageLevel=null, message=, tagCode=null, status=30, pageNumber=1, pageSize=2)
2025-11-25T15:31:50.671+08:00 DEBUG 6352 --- [todo] [http-nio-8065-exec-2] c.t.demo.todo.mapper.ToDoMapper.query    : ==>  Preparing: SELECT td.id,td.title,td.status,td.message_level as messageLevel , td.tag,td.description,td.message,td.create_time as createTime, td.expire_time as expireTime,td.complete_time as completeTime, td.update_time as updateTime,ta.code AS tagCode FROM todo AS td INNER JOIN tag AS ta ON td.tag = ta.code WHERE status = ? ORDER BY create_time DESC LIMIT ?,?
2025-11-25T15:31:50.671+08:00 DEBUG 6352 --- [todo] [http-nio-8065-exec-2] c.t.demo.todo.mapper.ToDoMapper.query    : ==> Parameters: 30(String), 0(Integer), 2(Integer)
2025-11-25T15:31:50.672+08:00 DEBUG 6352 --- [todo] [http-nio-8065-exec-2] c.t.demo.todo.mapper.ToDoMapper.query    : <==      Total: 2
2025-11-25T15:31:50.673+08:00 DEBUG 6352 --- [todo] [http-nio-8065-exec-2] c.t.d.todo.mapper.ToDoMapper.countAll    : ==>  Preparing: SELECT COUNT(*) FROM todo WHERE status = ?
2025-11-25T15:31:50.673+08:00 DEBUG 6352 --- [todo] [http-nio-8065-exec-2] c.t.d.todo.mapper.ToDoMapper.countAll    : ==> Parameters: 30(String)
2025-11-25T15:31:50.673+08:00 DEBUG 6352 --- [todo] [http-nio-8065-exec-2] c.t.d.todo.mapper.ToDoMapper.countAll    : <==      Total: 1
2025-11-25T15:31:52.737+08:00 DEBUG 6352 --- [todo] [http-nio-8065-exec-1] c.t.demo.todo.controller.ToDoController  : 查询参数:ToDoQuery(id=null, title=, tag=null, messageLevel=null, message=, tagCode=null, status=20, pageNumber=1, pageSize=2)
2025-11-25T15:31:52.738+08:00 DEBUG 6352 --- [todo] [http-nio-8065-exec-1] c.t.demo.todo.mapper.ToDoMapper.query    : ==>  Preparing: SELECT td.id,td.title,td.status,td.message_level as messageLevel , td.tag,td.description,td.message,td.create_time as createTime, td.expire_time as expireTime,td.complete_time as completeTime, td.update_time as updateTime,ta.code AS tagCode FROM todo AS td INNER JOIN tag AS ta ON td.tag = ta.code WHERE status = ? ORDER BY create_time DESC LIMIT ?,?
2025-11-25T15:31:52.739+08:00 DEBUG 6352 --- [todo] [http-nio-8065-exec-1] c.t.demo.todo.mapper.ToDoMapper.query    : ==> Parameters: 20(String), 0(Integer), 2(Integer)
2025-11-25T15:31:52.742+08:00 DEBUG 6352 --- [todo] [http-nio-8065-exec-1] c.t.demo.todo.mapper.ToDoMapper.query    : <==      Total: 2
2025-11-25T15:31:52.743+08:00 DEBUG 6352 --- [todo] [http-nio-8065-exec-1] c.t.d.todo.mapper.ToDoMapper.countAll    : ==>  Preparing: SELECT COUNT(*) FROM todo WHERE status = ?
2025-11-25T15:31:52.743+08:00 DEBUG 6352 --- [todo] [http-nio-8065-exec-1] c.t.d.todo.mapper.ToDoMapper.countAll    : ==> Parameters: 20(String)
2025-11-25T15:31:52.744+08:00 DEBUG 6352 --- [todo] [http-nio-8065-exec-1] c.t.d.todo.mapper.ToDoMapper.countAll    : <==      Total: 1
2025-11-25T15:31:53.147+08:00 DEBUG 6352 --- [todo] [总任务] c.t.d.todo.mapper.ToDoMapper.countAll    : ==>  Preparing: SELECT COUNT(*) FROM todo WHERE status = ?
2025-11-25T15:31:53.147+08:00 DEBUG 6352 --- [todo] [总任务] c.t.d.todo.mapper.ToDoMapper.countAll    : ==> Parameters: 10(String)
2025-11-25T15:31:53.148+08:00 DEBUG 6352 --- [todo] [总任务] c.t.d.todo.mapper.ToDoMapper.countAll    : <==      Total: 1
2025-11-25T15:31:54.050+08:00 DEBUG 6352 --- [todo] [http-nio-8065-exec-7] c.t.demo.todo.controller.ToDoController  : 查询参数:ToDoQuery(id=null, title=, tag=null, messageLevel=null, message=, tagCode=null, status=30, pageNumber=1, pageSize=2)
2025-11-25T15:31:54.051+08:00 DEBUG 6352 --- [todo] [http-nio-8065-exec-7] c.t.demo.todo.mapper.ToDoMapper.query    : ==>  Preparing: SELECT td.id,td.title,td.status,td.message_level as messageLevel , td.tag,td.description,td.message,td.create_time as createTime, td.expire_time as expireTime,td.complete_time as completeTime, td.update_time as updateTime,ta.code AS tagCode FROM todo AS td INNER JOIN tag AS ta ON td.tag = ta.code WHERE status = ? ORDER BY create_time DESC LIMIT ?,?
2025-11-25T15:31:54.051+08:00 DEBUG 6352 --- [todo] [http-nio-8065-exec-7] c.t.demo.todo.mapper.ToDoMapper.query    : ==> Parameters: 30(String), 0(Integer), 2(Integer)
2025-11-25T15:31:54.053+08:00 DEBUG 6352 --- [todo] [http-nio-8065-exec-7] c.t.demo.todo.mapper.ToDoMapper.query    : <==      Total: 2
2025-11-25T15:31:54.054+08:00 DEBUG 6352 --- [todo] [http-nio-8065-exec-7] c.t.d.todo.mapper.ToDoMapper.countAll    : ==>  Preparing: SELECT COUNT(*) FROM todo WHERE status = ?
2025-11-25T15:31:54.054+08:00 DEBUG 6352 --- [todo] [http-nio-8065-exec-7] c.t.d.todo.mapper.ToDoMapper.countAll    : ==> Parameters: 30(String)
2025-11-25T15:31:54.055+08:00 DEBUG 6352 --- [todo] [http-nio-8065-exec-7] c.t.d.todo.mapper.ToDoMapper.countAll    : <==      Total: 1
2025-11-25T15:31:55.137+08:00 DEBUG 6352 --- [todo] [时间调度器] c.t.demo.todo.mapper.ToDoMapper.query    : ==>  Preparing: SELECT td.id,td.title,td.status,td.message_level as messageLevel , td.tag,td.description,td.message,td.create_time as createTime, td.expire_time as expireTime,td.complete_time as completeTime, td.update_time as updateTime,ta.code AS tagCode FROM todo AS td INNER JOIN tag AS ta ON td.tag = ta.code WHERE status = ? ORDER BY create_time DESC
2025-11-25T15:31:55.138+08:00 DEBUG 6352 --- [todo] [时间调度器] c.t.demo.todo.mapper.ToDoMapper.query    : ==> Parameters: 10(String)
2025-11-25T15:31:55.139+08:00 DEBUG 6352 --- [todo] [时间调度器] c.t.demo.todo.mapper.ToDoMapper.query    : <==      Total: 1
2025-11-25T15:31:56.147+08:00 DEBUG 6352 --- [todo] [总任务] c.t.d.todo.mapper.ToDoMapper.countAll    : ==>  Preparing: SELECT COUNT(*) FROM todo WHERE status = ?
2025-11-25T15:31:56.147+08:00 DEBUG 6352 --- [todo] [总任务] c.t.d.todo.mapper.ToDoMapper.countAll    : ==> Parameters: 10(String)
2025-11-25T15:31:56.149+08:00 DEBUG 6352 --- [todo] [总任务] c.t.d.todo.mapper.ToDoMapper.countAll    : <==      Total: 1
2025-11-25T15:31:59.148+08:00 DEBUG 6352 --- [todo] [总任务] c.t.d.todo.mapper.ToDoMapper.countAll    : ==>  Preparing: SELECT COUNT(*) FROM todo WHERE status = ?
2025-11-25T15:31:59.149+08:00 DEBUG 6352 --- [todo] [总任务] c.t.d.todo.mapper.ToDoMapper.countAll    : ==> Parameters: 10(String)
2025-11-25T15:31:59.149+08:00 DEBUG 6352 --- [todo] [总任务] c.t.d.todo.mapper.ToDoMapper.countAll    : <==      Total: 1
2025-11-25T15:32:02.149+08:00 DEBUG 6352 --- [todo] [总任务] c.t.d.todo.mapper.ToDoMapper.countAll    : ==>  Preparing: SELECT COUNT(*) FROM todo WHERE status = ?
2025-11-25T15:32:02.149+08:00 DEBUG 6352 --- [todo] [总任务] c.t.d.todo.mapper.ToDoMapper.countAll    : ==> Parameters: 10(String)
2025-11-25T15:32:02.150+08:00 DEBUG 6352 --- [todo] [总任务] c.t.d.todo.mapper.ToDoMapper.countAll    : <==      Total: 1
2025-11-25T15:32:05.138+08:00 DEBUG 6352 --- [todo] [时间调度器] c.t.demo.todo.mapper.ToDoMapper.query    : ==>  Preparing: SELECT td.id,td.title,td.status,td.message_level as messageLevel , td.tag,td.description,td.message,td.create_time as createTime, td.expire_time as expireTime,td.complete_time as completeTime, td.update_time as updateTime,ta.code AS tagCode FROM todo AS td INNER JOIN tag AS ta ON td.tag = ta.code WHERE status = ? ORDER BY create_time DESC
2025-11-25T15:32:05.138+08:00 DEBUG 6352 --- [todo] [时间调度器] c.t.demo.todo.mapper.ToDoMapper.query    : ==> Parameters: 10(String)
2025-11-25T15:32:05.139+08:00 DEBUG 6352 --- [todo] [时间调度器] c.t.demo.todo.mapper.ToDoMapper.query    : <==      Total: 1
2025-11-25T15:32:05.149+08:00 DEBUG 6352 --- [todo] [总任务] c.t.d.todo.mapper.ToDoMapper.countAll    : ==>  Preparing: SELECT COUNT(*) FROM todo WHERE status = ?
2025-11-25T15:32:05.149+08:00 DEBUG 6352 --- [todo] [总任务] c.t.d.todo.mapper.ToDoMapper.countAll    : ==> Parameters: 10(String)
2025-11-25T15:32:05.150+08:00 DEBUG 6352 --- [todo] [总任务] c.t.d.todo.mapper.ToDoMapper.countAll    : <==      Total: 1
2025-11-25T15:32:08.150+08:00 DEBUG 6352 --- [todo] [总任务] c.t.d.todo.mapper.ToDoMapper.countAll    : ==>  Preparing: SELECT COUNT(*) FROM todo WHERE status = ?
2025-11-25T15:32:08.151+08:00 DEBUG 6352 --- [todo] [总任务] c.t.d.todo.mapper.ToDoMapper.countAll    : ==> Parameters: 10(String)
2025-11-25T15:32:08.151+08:00 DEBUG 6352 --- [todo] [总任务] c.t.d.todo.mapper.ToDoMapper.countAll    : <==      Total: 1
2025-11-25T15:32:11.150+08:00 DEBUG 6352 --- [todo] [总任务] c.t.d.todo.mapper.ToDoMapper.countAll    : ==>  Preparing: SELECT COUNT(*) FROM todo WHERE status = ?
2025-11-25T15:32:11.151+08:00 DEBUG 6352 --- [todo] [总任务] c.t.d.todo.mapper.ToDoMapper.countAll    : ==> Parameters: 10(String)
2025-11-25T15:32:11.154+08:00 DEBUG 6352 --- [todo] [总任务] c.t.d.todo.mapper.ToDoMapper.countAll    : <==      Total: 1
2025-11-25T15:32:14.152+08:00 DEBUG 6352 --- [todo] [总任务] c.t.d.todo.mapper.ToDoMapper.countAll    : ==>  Preparing: SELECT COUNT(*) FROM todo WHERE status = ?
2025-11-25T15:32:14.152+08:00 DEBUG 6352 --- [todo] [总任务] c.t.d.todo.mapper.ToDoMapper.countAll    : ==> Parameters: 10(String)
2025-11-25T15:32:14.153+08:00 DEBUG 6352 --- [todo] [总任务] c.t.d.todo.mapper.ToDoMapper.countAll    : <==      Total: 1
2025-11-25T15:32:15.138+08:00 DEBUG 6352 --- [todo] [时间调度器] c.t.demo.todo.mapper.ToDoMapper.query    : ==>  Preparing: SELECT td.id,td.title,td.status,td.message_level as messageLevel , td.tag,td.description,td.message,td.create_time as createTime, td.expire_time as expireTime,td.complete_time as completeTime, td.update_time as updateTime,ta.code AS tagCode FROM todo AS td INNER JOIN tag AS ta ON td.tag = ta.code WHERE status = ? ORDER BY create_time DESC
2025-11-25T15:32:15.139+08:00 DEBUG 6352 --- [todo] [时间调度器] c.t.demo.todo.mapper.ToDoMapper.query    : ==> Parameters: 10(String)
2025-11-25T15:32:15.142+08:00 DEBUG 6352 --- [todo] [时间调度器] c.t.demo.todo.mapper.ToDoMapper.query    : <==      Total: 1
2025-11-25T15:32:17.154+08:00 DEBUG 6352 --- [todo] [总任务] c.t.d.todo.mapper.ToDoMapper.countAll    : ==>  Preparing: SELECT COUNT(*) FROM todo WHERE status = ?
2025-11-25T15:32:17.155+08:00 DEBUG 6352 --- [todo] [总任务] c.t.d.todo.mapper.ToDoMapper.countAll    : ==> Parameters: 10(String)
2025-11-25T15:32:17.156+08:00 DEBUG 6352 --- [todo] [总任务] c.t.d.todo.mapper.ToDoMapper.countAll    : <==      Total: 1
2025-11-25T15:32:20.152+08:00 DEBUG 6352 --- [todo] [总任务] c.t.d.todo.mapper.ToDoMapper.countAll    : ==>  Preparing: SELECT COUNT(*) FROM todo WHERE status = ?
2025-11-25T15:32:20.153+08:00 DEBUG 6352 --- [todo] [总任务] c.t.d.todo.mapper.ToDoMapper.countAll    : ==> Parameters: 10(String)
2025-11-25T15:32:20.155+08:00 DEBUG 6352 --- [todo] [总任务] c.t.d.todo.mapper.ToDoMapper.countAll    : <==      Total: 1
2025-11-25T15:32:23.153+08:00 DEBUG 6352 --- [todo] [总任务] c.t.d.todo.mapper.ToDoMapper.countAll    : ==>  Preparing: SELECT COUNT(*) FROM todo WHERE status = ?
2025-11-25T15:32:23.154+08:00 DEBUG 6352 --- [todo] [总任务] c.t.d.todo.mapper.ToDoMapper.countAll    : ==> Parameters: 10(String)
2025-11-25T15:32:23.155+08:00 DEBUG 6352 --- [todo] [总任务] c.t.d.todo.mapper.ToDoMapper.countAll    : <==      Total: 1
2025-11-25T15:32:25.139+08:00 DEBUG 6352 --- [todo] [时间调度器] c.t.demo.todo.mapper.ToDoMapper.query    : ==>  Preparing: SELECT td.id,td.title,td.status,td.message_level as messageLevel , td.tag,td.description,td.message,td.create_time as createTime, td.expire_time as expireTime,td.complete_time as completeTime, td.update_time as updateTime,ta.code AS tagCode FROM todo AS td INNER JOIN tag AS ta ON td.tag = ta.code WHERE status = ? ORDER BY create_time DESC
2025-11-25T15:32:25.140+08:00 DEBUG 6352 --- [todo] [时间调度器] c.t.demo.todo.mapper.ToDoMapper.query    : ==> Parameters: 10(String)
2025-11-25T15:32:25.142+08:00 DEBUG 6352 --- [todo] [时间调度器] c.t.demo.todo.mapper.ToDoMapper.query    : <==      Total: 1
2025-11-25T15:32:26.156+08:00 DEBUG 6352 --- [todo] [总任务] c.t.d.todo.mapper.ToDoMapper.countAll    : ==>  Preparing: SELECT COUNT(*) FROM todo WHERE status = ?
2025-11-25T15:32:26.157+08:00 DEBUG 6352 --- [todo] [总任务] c.t.d.todo.mapper.ToDoMapper.countAll    : ==> Parameters: 10(String)
2025-11-25T15:32:26.158+08:00 DEBUG 6352 --- [todo] [总任务] c.t.d.todo.mapper.ToDoMapper.countAll    : <==      Total: 1
2025-11-25T15:32:29.154+08:00 DEBUG 6352 --- [todo] [总任务] c.t.d.todo.mapper.ToDoMapper.countAll    : ==>  Preparing: SELECT COUNT(*) FROM todo WHERE status = ?
2025-11-25T15:32:29.154+08:00 DEBUG 6352 --- [todo] [总任务] c.t.d.todo.mapper.ToDoMapper.countAll    : ==> Parameters: 10(String)
2025-11-25T15:32:29.155+08:00 DEBUG 6352 --- [todo] [总任务] c.t.d.todo.mapper.ToDoMapper.countAll    : <==      Total: 1
2025-11-25T15:32:32.155+08:00 DEBUG 6352 --- [todo] [总任务] c.t.d.todo.mapper.ToDoMapper.countAll    : ==>  Preparing: SELECT COUNT(*) FROM todo WHERE status = ?
2025-11-25T15:32:32.156+08:00 DEBUG 6352 --- [todo] [总任务] c.t.d.todo.mapper.ToDoMapper.countAll    : ==> Parameters: 10(String)
2025-11-25T15:32:32.158+08:00 DEBUG 6352 --- [todo] [总任务] c.t.d.todo.mapper.ToDoMapper.countAll    : <==      Total: 1
2025-11-25T15:32:35.140+08:00 DEBUG 6352 --- [todo] [时间调度器] c.t.demo.todo.mapper.ToDoMapper.query    : ==>  Preparing: SELECT td.id,td.title,td.status,td.message_level as messageLevel , td.tag,td.description,td.message,td.create_time as createTime, td.expire_time as expireTime,td.complete_time as completeTime, td.update_time as updateTime,ta.code AS tagCode FROM todo AS td INNER JOIN tag AS ta ON td.tag = ta.code WHERE status = ? ORDER BY create_time DESC
2025-11-25T15:32:35.141+08:00 DEBUG 6352 --- [todo] [时间调度器] c.t.demo.todo.mapper.ToDoMapper.query    : ==> Parameters: 10(String)
2025-11-25T15:32:35.142+08:00 DEBUG 6352 --- [todo] [时间调度器] c.t.demo.todo.mapper.ToDoMapper.query    : <==      Total: 1
2025-11-25T15:32:35.156+08:00 DEBUG 6352 --- [todo] [总任务] c.t.d.todo.mapper.ToDoMapper.countAll    : ==>  Preparing: SELECT COUNT(*) FROM todo WHERE status = ?
2025-11-25T15:32:35.157+08:00 DEBUG 6352 --- [todo] [总任务] c.t.d.todo.mapper.ToDoMapper.countAll    : ==> Parameters: 10(String)
2025-11-25T15:32:35.158+08:00 DEBUG 6352 --- [todo] [总任务] c.t.d.todo.mapper.ToDoMapper.countAll    : <==      Total: 1
2025-11-25T15:32:38.157+08:00 DEBUG 6352 --- [todo] [总任务] c.t.d.todo.mapper.ToDoMapper.countAll    : ==>  Preparing: SELECT COUNT(*) FROM todo WHERE status = ?
2025-11-25T15:32:38.158+08:00 DEBUG 6352 --- [todo] [总任务] c.t.d.todo.mapper.ToDoMapper.countAll    : ==> Parameters: 10(String)
2025-11-25T15:32:38.158+08:00 DEBUG 6352 --- [todo] [总任务] c.t.d.todo.mapper.ToDoMapper.countAll    : <==      Total: 1
2025-11-25T15:32:41.160+08:00 DEBUG 6352 --- [todo] [总任务] c.t.d.todo.mapper.ToDoMapper.countAll    : ==>  Preparing: SELECT COUNT(*) FROM todo WHERE status = ?
2025-11-25T15:32:41.160+08:00 DEBUG 6352 --- [todo] [总任务] c.t.d.todo.mapper.ToDoMapper.countAll    : ==> Parameters: 10(String)
2025-11-25T15:32:41.163+08:00 DEBUG 6352 --- [todo] [总任务] c.t.d.todo.mapper.ToDoMapper.countAll    : <==      Total: 1
2025-11-25T15:32:44.159+08:00 DEBUG 6352 --- [todo] [总任务] c.t.d.todo.mapper.ToDoMapper.countAll    : ==>  Preparing: SELECT COUNT(*) FROM todo WHERE status = ?
2025-11-25T15:32:44.160+08:00 DEBUG 6352 --- [todo] [总任务] c.t.d.todo.mapper.ToDoMapper.countAll    : ==> Parameters: 10(String)
2025-11-25T15:32:44.161+08:00 DEBUG 6352 --- [todo] [总任务] c.t.d.todo.mapper.ToDoMapper.countAll    : <==      Total: 1
2025-11-25T15:32:45.140+08:00 DEBUG 6352 --- [todo] [时间调度器] c.t.demo.todo.mapper.ToDoMapper.query    : ==>  Preparing: SELECT td.id,td.title,td.status,td.message_level as messageLevel , td.tag,td.description,td.message,td.create_time as createTime, td.expire_time as expireTime,td.complete_time as completeTime, td.update_time as updateTime,ta.code AS tagCode FROM todo AS td INNER JOIN tag AS ta ON td.tag = ta.code WHERE status = ? ORDER BY create_time DESC
2025-11-25T15:32:45.141+08:00 DEBUG 6352 --- [todo] [时间调度器] c.t.demo.todo.mapper.ToDoMapper.query    : ==> Parameters: 10(String)
2025-11-25T15:32:45.141+08:00 DEBUG 6352 --- [todo] [时间调度器] c.t.demo.todo.mapper.ToDoMapper.query    : <==      Total: 1
2025-11-25T15:32:47.160+08:00 DEBUG 6352 --- [todo] [总任务] c.t.d.todo.mapper.ToDoMapper.countAll    : ==>  Preparing: SELECT COUNT(*) FROM todo WHERE status = ?
2025-11-25T15:32:47.160+08:00 DEBUG 6352 --- [todo] [总任务] c.t.d.todo.mapper.ToDoMapper.countAll    : ==> Parameters: 10(String)
2025-11-25T15:32:47.162+08:00 DEBUG 6352 --- [todo] [总任务] c.t.d.todo.mapper.ToDoMapper.countAll    : <==      Total: 1
2025-11-25T15:32:50.160+08:00 DEBUG 6352 --- [todo] [总任务] c.t.d.todo.mapper.ToDoMapper.countAll    : ==>  Preparing: SELECT COUNT(*) FROM todo WHERE status = ?
2025-11-25T15:32:50.161+08:00 DEBUG 6352 --- [todo] [总任务] c.t.d.todo.mapper.ToDoMapper.countAll    : ==> Parameters: 10(String)
2025-11-25T15:32:50.162+08:00 DEBUG 6352 --- [todo] [总任务] c.t.d.todo.mapper.ToDoMapper.countAll    : <==      Total: 1
2025-11-25T15:32:53.162+08:00 DEBUG 6352 --- [todo] [总任务] c.t.d.todo.mapper.ToDoMapper.countAll    : ==>  Preparing: SELECT COUNT(*) FROM todo WHERE status = ?
2025-11-25T15:32:53.163+08:00 DEBUG 6352 --- [todo] [总任务] c.t.d.todo.mapper.ToDoMapper.countAll    : ==> Parameters: 10(String)
2025-11-25T15:32:53.163+08:00 DEBUG 6352 --- [todo] [总任务] c.t.d.todo.mapper.ToDoMapper.countAll    : <==      Total: 1
2025-11-25T15:32:55.141+08:00 DEBUG 6352 --- [todo] [时间调度器] c.t.demo.todo.mapper.ToDoMapper.query    : ==>  Preparing: SELECT td.id,td.title,td.status,td.message_level as messageLevel , td.tag,td.description,td.message,td.create_time as createTime, td.expire_time as expireTime,td.complete_time as completeTime, td.update_time as updateTime,ta.code AS tagCode FROM todo AS td INNER JOIN tag AS ta ON td.tag = ta.code WHERE status = ? ORDER BY create_time DESC
2025-11-25T15:32:55.142+08:00 DEBUG 6352 --- [todo] [时间调度器] c.t.demo.todo.mapper.ToDoMapper.query    : ==> Parameters: 10(String)
2025-11-25T15:32:55.144+08:00 DEBUG 6352 --- [todo] [时间调度器] c.t.demo.todo.mapper.ToDoMapper.query    : <==      Total: 1
2025-11-25T15:32:56.163+08:00 DEBUG 6352 --- [todo] [总任务] c.t.d.todo.mapper.ToDoMapper.countAll    : ==>  Preparing: SELECT COUNT(*) FROM todo WHERE status = ?
2025-11-25T15:32:56.164+08:00 DEBUG 6352 --- [todo] [总任务] c.t.d.todo.mapper.ToDoMapper.countAll    : ==> Parameters: 10(String)
2025-11-25T15:32:56.164+08:00 DEBUG 6352 --- [todo] [总任务] c.t.d.todo.mapper.ToDoMapper.countAll    : <==      Total: 1
2025-11-25T15:32:59.162+08:00 DEBUG 6352 --- [todo] [总任务] c.t.d.todo.mapper.ToDoMapper.countAll    : ==>  Preparing: SELECT COUNT(*) FROM todo WHERE status = ?
2025-11-25T15:32:59.162+08:00 DEBUG 6352 --- [todo] [总任务] c.t.d.todo.mapper.ToDoMapper.countAll    : ==> Parameters: 10(String)
2025-11-25T15:32:59.164+08:00 DEBUG 6352 --- [todo] [总任务] c.t.d.todo.mapper.ToDoMapper.countAll    : <==      Total: 1
2025-11-25T15:33:02.243+08:00 DEBUG 6352 --- [todo] [总任务] c.t.d.todo.mapper.ToDoMapper.countAll    : ==>  Preparing: SELECT COUNT(*) FROM todo WHERE status = ?
2025-11-25T15:33:02.243+08:00 DEBUG 6352 --- [todo] [总任务] c.t.d.todo.mapper.ToDoMapper.countAll    : ==> Parameters: 10(String)
2025-11-25T15:33:02.247+08:00 DEBUG 6352 --- [todo] [总任务] c.t.d.todo.mapper.ToDoMapper.countAll    : <==      Total: 1
2025-11-25T15:33:05.142+08:00 DEBUG 6352 --- [todo] [时间调度器] c.t.demo.todo.mapper.ToDoMapper.query    : ==>  Preparing: SELECT td.id,td.title,td.status,td.message_level as messageLevel , td.tag,td.description,td.message,td.create_time as createTime, td.expire_time as expireTime,td.complete_time as completeTime, td.update_time as updateTime,ta.code AS tagCode FROM todo AS td INNER JOIN tag AS ta ON td.tag = ta.code WHERE status = ? ORDER BY create_time DESC
2025-11-25T15:33:05.142+08:00 DEBUG 6352 --- [todo] [时间调度器] c.t.demo.todo.mapper.ToDoMapper.query    : ==> Parameters: 10(String)
2025-11-25T15:33:05.143+08:00 DEBUG 6352 --- [todo] [时间调度器] c.t.demo.todo.mapper.ToDoMapper.query    : <==      Total: 1
2025-11-25T15:33:05.162+08:00 DEBUG 6352 --- [todo] [总任务] c.t.d.todo.mapper.ToDoMapper.countAll    : ==>  Preparing: SELECT COUNT(*) FROM todo WHERE status = ?
2025-11-25T15:33:05.163+08:00 DEBUG 6352 --- [todo] [总任务] c.t.d.todo.mapper.ToDoMapper.countAll    : ==> Parameters: 10(String)
2025-11-25T15:33:05.165+08:00 DEBUG 6352 --- [todo] [总任务] c.t.d.todo.mapper.ToDoMapper.countAll    : <==      Total: 1
2025-11-25T15:33:08.165+08:00 DEBUG 6352 --- [todo] [总任务] c.t.d.todo.mapper.ToDoMapper.countAll    : ==>  Preparing: SELECT COUNT(*) FROM todo WHERE status = ?
2025-11-25T15:33:08.166+08:00 DEBUG 6352 --- [todo] [总任务] c.t.d.todo.mapper.ToDoMapper.countAll    : ==> Parameters: 10(String)
2025-11-25T15:33:08.167+08:00 DEBUG 6352 --- [todo] [总任务] c.t.d.todo.mapper.ToDoMapper.countAll    : <==      Total: 1
2025-11-25T15:33:11.166+08:00 DEBUG 6352 --- [todo] [总任务] c.t.d.todo.mapper.ToDoMapper.countAll    : ==>  Preparing: SELECT COUNT(*) FROM todo WHERE status = ?
2025-11-25T15:33:11.166+08:00 DEBUG 6352 --- [todo] [总任务] c.t.d.todo.mapper.ToDoMapper.countAll    : ==> Parameters: 10(String)
2025-11-25T15:33:11.168+08:00 DEBUG 6352 --- [todo] [总任务] c.t.d.todo.mapper.ToDoMapper.countAll    : <==      Total: 1
2025-11-25T15:33:14.165+08:00 DEBUG 6352 --- [todo] [总任务] c.t.d.todo.mapper.ToDoMapper.countAll    : ==>  Preparing: SELECT COUNT(*) FROM todo WHERE status = ?
2025-11-25T15:33:14.165+08:00 DEBUG 6352 --- [todo] [总任务] c.t.d.todo.mapper.ToDoMapper.countAll    : ==> Parameters: 10(String)
2025-11-25T15:33:14.166+08:00 DEBUG 6352 --- [todo] [总任务] c.t.d.todo.mapper.ToDoMapper.countAll    : <==      Total: 1
2025-11-25T15:33:15.142+08:00 DEBUG 6352 --- [todo] [时间调度器] c.t.demo.todo.mapper.ToDoMapper.query    : ==>  Preparing: SELECT td.id,td.title,td.status,td.message_level as messageLevel , td.tag,td.description,td.message,td.create_time as createTime, td.expire_time as expireTime,td.complete_time as completeTime, td.update_time as updateTime,ta.code AS tagCode FROM todo AS td INNER JOIN tag AS ta ON td.tag = ta.code WHERE status = ? ORDER BY create_time DESC
2025-11-25T15:33:15.142+08:00 DEBUG 6352 --- [todo] [时间调度器] c.t.demo.todo.mapper.ToDoMapper.query    : ==> Parameters: 10(String)
2025-11-25T15:33:15.144+08:00 DEBUG 6352 --- [todo] [时间调度器] c.t.demo.todo.mapper.ToDoMapper.query    : <==      Total: 1
2025-11-25T15:33:17.165+08:00 DEBUG 6352 --- [todo] [总任务] c.t.d.todo.mapper.ToDoMapper.countAll    : ==>  Preparing: SELECT COUNT(*) FROM todo WHERE status = ?
2025-11-25T15:33:17.166+08:00 DEBUG 6352 --- [todo] [总任务] c.t.d.todo.mapper.ToDoMapper.countAll    : ==> Parameters: 10(String)
2025-11-25T15:33:17.167+08:00 DEBUG 6352 --- [todo] [总任务] c.t.d.todo.mapper.ToDoMapper.countAll    : <==      Total: 1
2025-11-25T15:33:20.166+08:00 DEBUG 6352 --- [todo] [总任务] c.t.d.todo.mapper.ToDoMapper.countAll    : ==>  Preparing: SELECT COUNT(*) FROM todo WHERE status = ?
2025-11-25T15:33:20.167+08:00 DEBUG 6352 --- [todo] [总任务] c.t.d.todo.mapper.ToDoMapper.countAll    : ==> Parameters: 10(String)
2025-11-25T15:33:20.168+08:00 DEBUG 6352 --- [todo] [总任务] c.t.d.todo.mapper.ToDoMapper.countAll    : <==      Total: 1
2025-11-25T15:33:23.167+08:00 DEBUG 6352 --- [todo] [总任务] c.t.d.todo.mapper.ToDoMapper.countAll    : ==>  Preparing: SELECT COUNT(*) FROM todo WHERE status = ?
2025-11-25T15:33:23.168+08:00 DEBUG 6352 --- [todo] [总任务] c.t.d.todo.mapper.ToDoMapper.countAll    : ==> Parameters: 10(String)
2025-11-25T15:33:23.170+08:00 DEBUG 6352 --- [todo] [总任务] c.t.d.todo.mapper.ToDoMapper.countAll    : <==      Total: 1
2025-11-25T15:33:25.147+08:00 DEBUG 6352 --- [todo] [时间调度器] c.t.demo.todo.mapper.ToDoMapper.query    : ==>  Preparing: SELECT td.id,td.title,td.status,td.message_level as messageLevel , td.tag,td.description,td.message,td.create_time as createTime, td.expire_time as expireTime,td.complete_time as completeTime, td.update_time as updateTime,ta.code AS tagCode FROM todo AS td INNER JOIN tag AS ta ON td.tag = ta.code WHERE status = ? ORDER BY create_time DESC
2025-11-25T15:33:25.149+08:00 DEBUG 6352 --- [todo] [时间调度器] c.t.demo.todo.mapper.ToDoMapper.query    : ==> Parameters: 10(String)
2025-11-25T15:33:25.151+08:00 DEBUG 6352 --- [todo] [时间调度器] c.t.demo.todo.mapper.ToDoMapper.query    : <==      Total: 1
2025-11-25T15:33:26.794+08:00 DEBUG 6352 --- [todo] [总任务] c.t.d.todo.mapper.ToDoMapper.countAll    : ==>  Preparing: SELECT COUNT(*) FROM todo WHERE status = ?
2025-11-25T15:33:26.794+08:00 DEBUG 6352 --- [todo] [总任务] c.t.d.todo.mapper.ToDoMapper.countAll    : ==> Parameters: 10(String)
2025-11-25T15:33:26.795+08:00 DEBUG 6352 --- [todo] [总任务] c.t.d.todo.mapper.ToDoMapper.countAll    : <==      Total: 1
2025-11-25T15:33:28.753+08:00 DEBUG 6352 --- [todo] [http-nio-8065-exec-6] c.t.demo.todo.controller.ToDoController  : 查询参数:ToDoQuery(id=222, title=, tag=null, messageLevel=null, message=, tagCode=null, status=30, pageNumber=1, pageSize=2)
2025-11-25T15:33:28.764+08:00 DEBUG 6352 --- [todo] [http-nio-8065-exec-6] c.t.demo.todo.mapper.ToDoMapper.query    : ==>  Preparing: SELECT td.id,td.title,td.status,td.message_level as messageLevel , td.tag,td.description,td.message,td.create_time as createTime, td.expire_time as expireTime,td.complete_time as completeTime, td.update_time as updateTime,ta.code AS tagCode FROM todo AS td INNER JOIN tag AS ta ON td.tag = ta.code WHERE td.id = ? AND status = ? ORDER BY create_time DESC LIMIT ?,?
2025-11-25T15:33:28.765+08:00 DEBUG 6352 --- [todo] [http-nio-8065-exec-6] c.t.demo.todo.mapper.ToDoMapper.query    : ==> Parameters: 222(Long), 30(String), 0(Integer), 2(Integer)
2025-11-25T15:33:28.787+08:00 DEBUG 6352 --- [todo] [http-nio-8065-exec-6] c.t.demo.todo.mapper.ToDoMapper.query    : <==      Total: 1
2025-11-25T15:33:28.788+08:00 DEBUG 6352 --- [todo] [http-nio-8065-exec-6] c.t.d.todo.mapper.ToDoMapper.countAll    : ==>  Preparing: SELECT COUNT(*) FROM todo WHERE id = ? AND status = ?
2025-11-25T15:33:28.789+08:00 DEBUG 6352 --- [todo] [http-nio-8065-exec-6] c.t.d.todo.mapper.ToDoMapper.countAll    : ==> Parameters: 222(Long), 30(String)
2025-11-25T15:33:28.798+08:00 DEBUG 6352 --- [todo] [http-nio-8065-exec-6] c.t.d.todo.mapper.ToDoMapper.countAll    : <==      Total: 1
2025-11-25T15:33:29.793+08:00 DEBUG 6352 --- [todo] [总任务] c.t.d.todo.mapper.ToDoMapper.countAll    : ==>  Preparing: SELECT COUNT(*) FROM todo WHERE status = ?
2025-11-25T15:33:29.793+08:00 DEBUG 6352 --- [todo] [总任务] c.t.d.todo.mapper.ToDoMapper.countAll    : ==> Parameters: 10(String)
2025-11-25T15:33:29.794+08:00 DEBUG 6352 --- [todo] [总任务] c.t.d.todo.mapper.ToDoMapper.countAll    : <==      Total: 1
2025-11-25T15:33:30.358+08:00 DEBUG 6352 --- [todo] [http-nio-8065-exec-3] c.t.demo.todo.controller.ToDoController  : 查询参数:ToDoQuery(id=null, title=, tag=null, messageLevel=null, message=, tagCode=, status=30, pageNumber=1, pageSize=2)
2025-11-25T15:33:30.359+08:00 DEBUG 6352 --- [todo] [http-nio-8065-exec-3] c.t.demo.todo.mapper.ToDoMapper.query    : ==>  Preparing: SELECT td.id,td.title,td.status,td.message_level as messageLevel , td.tag,td.description,td.message,td.create_time as createTime, td.expire_time as expireTime,td.complete_time as completeTime, td.update_time as updateTime,ta.code AS tagCode FROM todo AS td INNER JOIN tag AS ta ON td.tag = ta.code WHERE status = ? ORDER BY create_time DESC LIMIT ?,?
2025-11-25T15:33:30.360+08:00 DEBUG 6352 --- [todo] [http-nio-8065-exec-3] c.t.demo.todo.mapper.ToDoMapper.query    : ==> Parameters: 30(String), 0(Integer), 2(Integer)
2025-11-25T15:33:30.363+08:00 DEBUG 6352 --- [todo] [http-nio-8065-exec-3] c.t.demo.todo.mapper.ToDoMapper.query    : <==      Total: 2
2025-11-25T15:33:30.365+08:00 DEBUG 6352 --- [todo] [http-nio-8065-exec-3] c.t.d.todo.mapper.ToDoMapper.countAll    : ==>  Preparing: SELECT COUNT(*) FROM todo WHERE status = ?
2025-11-25T15:33:30.365+08:00 DEBUG 6352 --- [todo] [http-nio-8065-exec-3] c.t.d.todo.mapper.ToDoMapper.countAll    : ==> Parameters: 30(String)
2025-11-25T15:33:30.368+08:00 DEBUG 6352 --- [todo] [http-nio-8065-exec-3] c.t.d.todo.mapper.ToDoMapper.countAll    : <==      Total: 1
2025-11-25T15:33:32.010+08:00 DEBUG 6352 --- [todo] [http-nio-8065-exec-8] c.t.demo.todo.controller.ToDoController  : 查询参数:ToDoQuery(id=null, title=, tag=null, messageLevel=null, message=, tagCode=, status=20, pageNumber=1, pageSize=2)
2025-11-25T15:33:32.014+08:00 DEBUG 6352 --- [todo] [http-nio-8065-exec-8] c.t.demo.todo.mapper.ToDoMapper.query    : ==>  Preparing: SELECT td.id,td.title,td.status,td.message_level as messageLevel , td.tag,td.description,td.message,td.create_time as createTime, td.expire_time as expireTime,td.complete_time as completeTime, td.update_time as updateTime,ta.code AS tagCode FROM todo AS td INNER JOIN tag AS ta ON td.tag = ta.code WHERE status = ? ORDER BY create_time DESC LIMIT ?,?
2025-11-25T15:33:32.014+08:00 DEBUG 6352 --- [todo] [http-nio-8065-exec-8] c.t.demo.todo.mapper.ToDoMapper.query    : ==> Parameters: 20(String), 0(Integer), 2(Integer)
2025-11-25T15:33:32.017+08:00 DEBUG 6352 --- [todo] [http-nio-8065-exec-8] c.t.demo.todo.mapper.ToDoMapper.query    : <==      Total: 2
2025-11-25T15:33:32.018+08:00 DEBUG 6352 --- [todo] [http-nio-8065-exec-8] c.t.d.todo.mapper.ToDoMapper.countAll    : ==>  Preparing: SELECT COUNT(*) FROM todo WHERE status = ?
2025-11-25T15:33:32.018+08:00 DEBUG 6352 --- [todo] [http-nio-8065-exec-8] c.t.d.todo.mapper.ToDoMapper.countAll    : ==> Parameters: 20(String)
2025-11-25T15:33:32.019+08:00 DEBUG 6352 --- [todo] [http-nio-8065-exec-8] c.t.d.todo.mapper.ToDoMapper.countAll    : <==      Total: 1
2025-11-25T15:33:32.794+08:00 DEBUG 6352 --- [todo] [总任务] c.t.d.todo.mapper.ToDoMapper.countAll    : ==>  Preparing: SELECT COUNT(*) FROM todo WHERE status = ?
2025-11-25T15:33:32.828+08:00 DEBUG 6352 --- [todo] [总任务] c.t.d.todo.mapper.ToDoMapper.countAll    : ==> Parameters: 10(String)
2025-11-25T15:33:32.829+08:00 DEBUG 6352 --- [todo] [总任务] c.t.d.todo.mapper.ToDoMapper.countAll    : <==      Total: 1
2025-11-25T15:33:33.822+08:00 DEBUG 6352 --- [todo] [http-nio-8065-exec-9] c.t.demo.todo.controller.ToDoController  : 查询参数:ToDoQuery(id=220, title=, tag=null, messageLevel=null, message=, tagCode=, status=20, pageNumber=1, pageSize=2)
2025-11-25T15:33:33.826+08:00 DEBUG 6352 --- [todo] [http-nio-8065-exec-9] c.t.demo.todo.mapper.ToDoMapper.query    : ==>  Preparing: SELECT td.id,td.title,td.status,td.message_level as messageLevel , td.tag,td.description,td.message,td.create_time as createTime, td.expire_time as expireTime,td.complete_time as completeTime, td.update_time as updateTime,ta.code AS tagCode FROM todo AS td INNER JOIN tag AS ta ON td.tag = ta.code WHERE td.id = ? AND status = ? ORDER BY create_time DESC LIMIT ?,?
2025-11-25T15:33:33.827+08:00 DEBUG 6352 --- [todo] [http-nio-8065-exec-9] c.t.demo.todo.mapper.ToDoMapper.query    : ==> Parameters: 220(Long), 20(String), 0(Integer), 2(Integer)
2025-11-25T15:33:33.829+08:00 DEBUG 6352 --- [todo] [http-nio-8065-exec-9] c.t.demo.todo.mapper.ToDoMapper.query    : <==      Total: 1
2025-11-25T15:33:33.830+08:00 DEBUG 6352 --- [todo] [http-nio-8065-exec-9] c.t.d.todo.mapper.ToDoMapper.countAll    : ==>  Preparing: SELECT COUNT(*) FROM todo WHERE id = ? AND status = ?
2025-11-25T15:33:33.830+08:00 DEBUG 6352 --- [todo] [http-nio-8065-exec-9] c.t.d.todo.mapper.ToDoMapper.countAll    : ==> Parameters: 220(Long), 20(String)
2025-11-25T15:33:33.833+08:00 DEBUG 6352 --- [todo] [http-nio-8065-exec-9] c.t.d.todo.mapper.ToDoMapper.countAll    : <==      Total: 1
2025-11-25T15:33:35.143+08:00 DEBUG 6352 --- [todo] [时间调度器] c.t.demo.todo.mapper.ToDoMapper.query    : ==>  Preparing: SELECT td.id,td.title,td.status,td.message_level as messageLevel , td.tag,td.description,td.message,td.create_time as createTime, td.expire_time as expireTime,td.complete_time as completeTime, td.update_time as updateTime,ta.code AS tagCode FROM todo AS td INNER JOIN tag AS ta ON td.tag = ta.code WHERE status = ? ORDER BY create_time DESC
2025-11-25T15:33:35.143+08:00 DEBUG 6352 --- [todo] [时间调度器] c.t.demo.todo.mapper.ToDoMapper.query    : ==> Parameters: 10(String)
2025-11-25T15:33:35.146+08:00 DEBUG 6352 --- [todo] [时间调度器] c.t.demo.todo.mapper.ToDoMapper.query    : <==      Total: 1
2025-11-25T15:33:35.795+08:00 DEBUG 6352 --- [todo] [总任务] c.t.d.todo.mapper.ToDoMapper.countAll    : ==>  Preparing: SELECT COUNT(*) FROM todo WHERE status = ?
2025-11-25T15:33:35.796+08:00 DEBUG 6352 --- [todo] [总任务] c.t.d.todo.mapper.ToDoMapper.countAll    : ==> Parameters: 10(String)
2025-11-25T15:33:35.797+08:00 DEBUG 6352 --- [todo] [总任务] c.t.d.todo.mapper.ToDoMapper.countAll    : <==      Total: 1
2025-11-25T15:33:37.307+08:00 DEBUG 6352 --- [todo] [http-nio-8065-exec-10] c.t.demo.todo.controller.ToDoController  : 查询参数:ToDoQuery(id=null, title=, tag=null, messageLevel=null, message=, tagCode=, status=20, pageNumber=1, pageSize=2)
2025-11-25T15:33:37.311+08:00 DEBUG 6352 --- [todo] [http-nio-8065-exec-10] c.t.demo.todo.mapper.ToDoMapper.query    : ==>  Preparing: SELECT td.id,td.title,td.status,td.message_level as messageLevel , td.tag,td.description,td.message,td.create_time as createTime, td.expire_time as expireTime,td.complete_time as completeTime, td.update_time as updateTime,ta.code AS tagCode FROM todo AS td INNER JOIN tag AS ta ON td.tag = ta.code WHERE status = ? ORDER BY create_time DESC LIMIT ?,?
2025-11-25T15:33:37.312+08:00 DEBUG 6352 --- [todo] [http-nio-8065-exec-10] c.t.demo.todo.mapper.ToDoMapper.query    : ==> Parameters: 20(String), 0(Integer), 2(Integer)
2025-11-25T15:33:37.318+08:00 DEBUG 6352 --- [todo] [http-nio-8065-exec-10] c.t.demo.todo.mapper.ToDoMapper.query    : <==      Total: 2
2025-11-25T15:33:37.318+08:00 DEBUG 6352 --- [todo] [http-nio-8065-exec-10] c.t.d.todo.mapper.ToDoMapper.countAll    : ==>  Preparing: SELECT COUNT(*) FROM todo WHERE status = ?
2025-11-25T15:33:37.320+08:00 DEBUG 6352 --- [todo] [http-nio-8065-exec-10] c.t.d.todo.mapper.ToDoMapper.countAll    : ==> Parameters: 20(String)
2025-11-25T15:33:37.324+08:00 DEBUG 6352 --- [todo] [http-nio-8065-exec-10] c.t.d.todo.mapper.ToDoMapper.countAll    : <==      Total: 1
2025-11-25T15:33:38.512+08:00 DEBUG 6352 --- [todo] [http-nio-8065-exec-2] c.t.demo.todo.controller.ToDoController  : 查询参数:ToDoQuery(id=145, title=, tag=null, messageLevel=null, message=, tagCode=, status=20, pageNumber=1, pageSize=2)
2025-11-25T15:33:38.515+08:00 DEBUG 6352 --- [todo] [http-nio-8065-exec-2] c.t.demo.todo.mapper.ToDoMapper.query    : ==>  Preparing: SELECT td.id,td.title,td.status,td.message_level as messageLevel , td.tag,td.description,td.message,td.create_time as createTime, td.expire_time as expireTime,td.complete_time as completeTime, td.update_time as updateTime,ta.code AS tagCode FROM todo AS td INNER JOIN tag AS ta ON td.tag = ta.code WHERE td.id = ? AND status = ? ORDER BY create_time DESC LIMIT ?,?
2025-11-25T15:33:38.515+08:00 DEBUG 6352 --- [todo] [http-nio-8065-exec-2] c.t.demo.todo.mapper.ToDoMapper.query    : ==> Parameters: 145(Long), 20(String), 0(Integer), 2(Integer)
2025-11-25T15:33:38.518+08:00 DEBUG 6352 --- [todo] [http-nio-8065-exec-2] c.t.demo.todo.mapper.ToDoMapper.query    : <==      Total: 1
2025-11-25T15:33:38.520+08:00 DEBUG 6352 --- [todo] [http-nio-8065-exec-2] c.t.d.todo.mapper.ToDoMapper.countAll    : ==>  Preparing: SELECT COUNT(*) FROM todo WHERE id = ? AND status = ?
2025-11-25T15:33:38.520+08:00 DEBUG 6352 --- [todo] [http-nio-8065-exec-2] c.t.d.todo.mapper.ToDoMapper.countAll    : ==> Parameters: 145(Long), 20(String)
2025-11-25T15:33:38.521+08:00 DEBUG 6352 --- [todo] [http-nio-8065-exec-2] c.t.d.todo.mapper.ToDoMapper.countAll    : <==      Total: 1
2025-11-25T15:33:38.794+08:00 DEBUG 6352 --- [todo] [总任务] c.t.d.todo.mapper.ToDoMapper.countAll    : ==>  Preparing: SELECT COUNT(*) FROM todo WHERE status = ?
2025-11-25T15:33:38.796+08:00 DEBUG 6352 --- [todo] [总任务] c.t.d.todo.mapper.ToDoMapper.countAll    : ==> Parameters: 10(String)
2025-11-25T15:33:38.800+08:00 DEBUG 6352 --- [todo] [总任务] c.t.d.todo.mapper.ToDoMapper.countAll    : <==      Total: 1
2025-11-25T15:33:41.532+08:00 DEBUG 6352 --- [todo] [http-nio-8065-exec-1] c.t.demo.todo.controller.ToDoController  : 查询参数:ToDoQuery(id=null, title=, tag=null, messageLevel=null, message=, tagCode=, status=20, pageNumber=1, pageSize=2)
2025-11-25T15:33:41.534+08:00 DEBUG 6352 --- [todo] [http-nio-8065-exec-1] c.t.demo.todo.mapper.ToDoMapper.query    : ==>  Preparing: SELECT td.id,td.title,td.status,td.message_level as messageLevel , td.tag,td.description,td.message,td.create_time as createTime, td.expire_time as expireTime,td.complete_time as completeTime, td.update_time as updateTime,ta.code AS tagCode FROM todo AS td INNER JOIN tag AS ta ON td.tag = ta.code WHERE status = ? ORDER BY create_time DESC LIMIT ?,?
2025-11-25T15:33:41.534+08:00 DEBUG 6352 --- [todo] [http-nio-8065-exec-1] c.t.demo.todo.mapper.ToDoMapper.query    : ==> Parameters: 20(String), 0(Integer), 2(Integer)
2025-11-25T15:33:41.538+08:00 DEBUG 6352 --- [todo] [http-nio-8065-exec-1] c.t.demo.todo.mapper.ToDoMapper.query    : <==      Total: 2
2025-11-25T15:33:41.539+08:00 DEBUG 6352 --- [todo] [http-nio-8065-exec-1] c.t.d.todo.mapper.ToDoMapper.countAll    : ==>  Preparing: SELECT COUNT(*) FROM todo WHERE status = ?
2025-11-25T15:33:41.539+08:00 DEBUG 6352 --- [todo] [http-nio-8065-exec-1] c.t.d.todo.mapper.ToDoMapper.countAll    : ==> Parameters: 20(String)
2025-11-25T15:33:41.543+08:00 DEBUG 6352 --- [todo] [http-nio-8065-exec-1] c.t.d.todo.mapper.ToDoMapper.countAll    : <==      Total: 1
2025-11-25T15:33:41.796+08:00 DEBUG 6352 --- [todo] [总任务] c.t.d.todo.mapper.ToDoMapper.countAll    : ==>  Preparing: SELECT COUNT(*) FROM todo WHERE status = ?
2025-11-25T15:33:41.797+08:00 DEBUG 6352 --- [todo] [总任务] c.t.d.todo.mapper.ToDoMapper.countAll    : ==> Parameters: 10(String)
2025-11-25T15:33:41.801+08:00 DEBUG 6352 --- [todo] [总任务] c.t.d.todo.mapper.ToDoMapper.countAll    : <==      Total: 1
2025-11-25T15:33:42.924+08:00 DEBUG 6352 --- [todo] [http-nio-8065-exec-4] c.t.demo.todo.controller.ToDoController  : 查询参数:ToDoQuery(id=null, title=, tag=null, messageLevel=null, message=, tagCode=, status=10, pageNumber=1, pageSize=2)
2025-11-25T15:33:42.925+08:00 DEBUG 6352 --- [todo] [http-nio-8065-exec-4] c.t.demo.todo.mapper.ToDoMapper.query    : ==>  Preparing: SELECT td.id,td.title,td.status,td.message_level as messageLevel , td.tag,td.description,td.message,td.create_time as createTime, td.expire_time as expireTime,td.complete_time as completeTime, td.update_time as updateTime,ta.code AS tagCode FROM todo AS td INNER JOIN tag AS ta ON td.tag = ta.code WHERE status = ? ORDER BY create_time DESC LIMIT ?,?
2025-11-25T15:33:42.925+08:00 DEBUG 6352 --- [todo] [http-nio-8065-exec-4] c.t.demo.todo.mapper.ToDoMapper.query    : ==> Parameters: 10(String), 0(Integer), 2(Integer)
2025-11-25T15:33:42.928+08:00 DEBUG 6352 --- [todo] [http-nio-8065-exec-4] c.t.demo.todo.mapper.ToDoMapper.query    : <==      Total: 1
2025-11-25T15:33:42.928+08:00 DEBUG 6352 --- [todo] [http-nio-8065-exec-4] c.t.d.todo.mapper.ToDoMapper.countAll    : ==>  Preparing: SELECT COUNT(*) FROM todo WHERE status = ?
2025-11-25T15:33:42.929+08:00 DEBUG 6352 --- [todo] [http-nio-8065-exec-4] c.t.d.todo.mapper.ToDoMapper.countAll    : ==> Parameters: 10(String)
2025-11-25T15:33:42.930+08:00 DEBUG 6352 --- [todo] [http-nio-8065-exec-4] c.t.d.todo.mapper.ToDoMapper.countAll    : <==      Total: 1
2025-11-25T15:33:44.570+08:00 DEBUG 6352 --- [todo] [http-nio-8065-exec-7] c.t.demo.todo.controller.ToDoController  : 查询参数:ToDoQuery(id=null, title=, tag=null, messageLevel=null, message=, tagCode=, status=10, pageNumber=1, pageSize=2)
2025-11-25T15:33:44.572+08:00 DEBUG 6352 --- [todo] [http-nio-8065-exec-7] c.t.demo.todo.mapper.ToDoMapper.query    : ==>  Preparing: SELECT td.id,td.title,td.status,td.message_level as messageLevel , td.tag,td.description,td.message,td.create_time as createTime, td.expire_time as expireTime,td.complete_time as completeTime, td.update_time as updateTime,ta.code AS tagCode FROM todo AS td INNER JOIN tag AS ta ON td.tag = ta.code WHERE status = ? ORDER BY create_time DESC LIMIT ?,?
2025-11-25T15:33:44.573+08:00 DEBUG 6352 --- [todo] [http-nio-8065-exec-7] c.t.demo.todo.mapper.ToDoMapper.query    : ==> Parameters: 10(String), 0(Integer), 2(Integer)
2025-11-25T15:33:44.574+08:00 DEBUG 6352 --- [todo] [http-nio-8065-exec-7] c.t.demo.todo.mapper.ToDoMapper.query    : <==      Total: 1
2025-11-25T15:33:44.575+08:00 DEBUG 6352 --- [todo] [http-nio-8065-exec-7] c.t.d.todo.mapper.ToDoMapper.countAll    : ==>  Preparing: SELECT COUNT(*) FROM todo WHERE status = ?
2025-11-25T15:33:44.576+08:00 DEBUG 6352 --- [todo] [http-nio-8065-exec-7] c.t.d.todo.mapper.ToDoMapper.countAll    : ==> Parameters: 10(String)
2025-11-25T15:33:44.577+08:00 DEBUG 6352 --- [todo] [http-nio-8065-exec-7] c.t.d.todo.mapper.ToDoMapper.countAll    : <==      Total: 1
2025-11-25T15:33:44.796+08:00 DEBUG 6352 --- [todo] [总任务] c.t.d.todo.mapper.ToDoMapper.countAll    : ==>  Preparing: SELECT COUNT(*) FROM todo WHERE status = ?
2025-11-25T15:33:44.797+08:00 DEBUG 6352 --- [todo] [总任务] c.t.d.todo.mapper.ToDoMapper.countAll    : ==> Parameters: 10(String)
2025-11-25T15:33:44.799+08:00 DEBUG 6352 --- [todo] [总任务] c.t.d.todo.mapper.ToDoMapper.countAll    : <==      Total: 1
2025-11-25T15:33:45.143+08:00 DEBUG 6352 --- [todo] [时间调度器] c.t.demo.todo.mapper.ToDoMapper.query    : ==>  Preparing: SELECT td.id,td.title,td.status,td.message_level as messageLevel , td.tag,td.description,td.message,td.create_time as createTime, td.expire_time as expireTime,td.complete_time as completeTime, td.update_time as updateTime,ta.code AS tagCode FROM todo AS td INNER JOIN tag AS ta ON td.tag = ta.code WHERE status = ? ORDER BY create_time DESC
2025-11-25T15:33:45.144+08:00 DEBUG 6352 --- [todo] [时间调度器] c.t.demo.todo.mapper.ToDoMapper.query    : ==> Parameters: 10(String)
2025-11-25T15:33:45.147+08:00 DEBUG 6352 --- [todo] [时间调度器] c.t.demo.todo.mapper.ToDoMapper.query    : <==      Total: 1
2025-11-25T15:33:46.422+08:00 DEBUG 6352 --- [todo] [http-nio-8065-exec-5] c.t.demo.todo.controller.ToDoController  : 查询参数:ToDoQuery(id=null, title=, tag=null, messageLevel=null, message=, tagCode=, status=20, pageNumber=1, pageSize=2)
2025-11-25T15:33:46.423+08:00 DEBUG 6352 --- [todo] [http-nio-8065-exec-5] c.t.demo.todo.mapper.ToDoMapper.query    : ==>  Preparing: SELECT td.id,td.title,td.status,td.message_level as messageLevel , td.tag,td.description,td.message,td.create_time as createTime, td.expire_time as expireTime,td.complete_time as completeTime, td.update_time as updateTime,ta.code AS tagCode FROM todo AS td INNER JOIN tag AS ta ON td.tag = ta.code WHERE status = ? ORDER BY create_time DESC LIMIT ?,?
2025-11-25T15:33:46.426+08:00 DEBUG 6352 --- [todo] [http-nio-8065-exec-5] c.t.demo.todo.mapper.ToDoMapper.query    : ==> Parameters: 20(String), 0(Integer), 2(Integer)
2025-11-25T15:33:46.428+08:00 DEBUG 6352 --- [todo] [http-nio-8065-exec-5] c.t.demo.todo.mapper.ToDoMapper.query    : <==      Total: 2
2025-11-25T15:33:46.430+08:00 DEBUG 6352 --- [todo] [http-nio-8065-exec-5] c.t.d.todo.mapper.ToDoMapper.countAll    : ==>  Preparing: SELECT COUNT(*) FROM todo WHERE status = ?
2025-11-25T15:33:46.430+08:00 DEBUG 6352 --- [todo] [http-nio-8065-exec-5] c.t.d.todo.mapper.ToDoMapper.countAll    : ==> Parameters: 20(String)
2025-11-25T15:33:46.432+08:00 DEBUG 6352 --- [todo] [http-nio-8065-exec-5] c.t.d.todo.mapper.ToDoMapper.countAll    : <==      Total: 1
2025-11-25T15:33:46.944+08:00 DEBUG 6352 --- [todo] [http-nio-8065-exec-6] c.t.demo.todo.controller.ToDoController  : 查询参数:ToDoQuery(id=null, title=, tag=null, messageLevel=null, message=, tagCode=, status=30, pageNumber=1, pageSize=2)
2025-11-25T15:33:46.945+08:00 DEBUG 6352 --- [todo] [http-nio-8065-exec-6] c.t.demo.todo.mapper.ToDoMapper.query    : ==>  Preparing: SELECT td.id,td.title,td.status,td.message_level as messageLevel , td.tag,td.description,td.message,td.create_time as createTime, td.expire_time as expireTime,td.complete_time as completeTime, td.update_time as updateTime,ta.code AS tagCode FROM todo AS td INNER JOIN tag AS ta ON td.tag = ta.code WHERE status = ? ORDER BY create_time DESC LIMIT ?,?
2025-11-25T15:33:46.945+08:00 DEBUG 6352 --- [todo] [http-nio-8065-exec-6] c.t.demo.todo.mapper.ToDoMapper.query    : ==> Parameters: 30(String), 0(Integer), 2(Integer)
2025-11-25T15:33:46.948+08:00 DEBUG 6352 --- [todo] [http-nio-8065-exec-6] c.t.demo.todo.mapper.ToDoMapper.query    : <==      Total: 2
2025-11-25T15:33:46.952+08:00 DEBUG 6352 --- [todo] [http-nio-8065-exec-6] c.t.d.todo.mapper.ToDoMapper.countAll    : ==>  Preparing: SELECT COUNT(*) FROM todo WHERE status = ?
2025-11-25T15:33:46.958+08:00 DEBUG 6352 --- [todo] [http-nio-8065-exec-6] c.t.d.todo.mapper.ToDoMapper.countAll    : ==> Parameters: 30(String)
2025-11-25T15:33:46.960+08:00 DEBUG 6352 --- [todo] [http-nio-8065-exec-6] c.t.d.todo.mapper.ToDoMapper.countAll    : <==      Total: 1
2025-11-25T15:33:47.748+08:00 DEBUG 6352 --- [todo] [http-nio-8065-exec-3] c.t.demo.todo.controller.ToDoController  : 查询参数:ToDoQuery(id=null, title=, tag=null, messageLevel=null, message=, tagCode=, status=10, pageNumber=1, pageSize=2)
2025-11-25T15:33:47.749+08:00 DEBUG 6352 --- [todo] [http-nio-8065-exec-3] c.t.demo.todo.mapper.ToDoMapper.query    : ==>  Preparing: SELECT td.id,td.title,td.status,td.message_level as messageLevel , td.tag,td.description,td.message,td.create_time as createTime, td.expire_time as expireTime,td.complete_time as completeTime, td.update_time as updateTime,ta.code AS tagCode FROM todo AS td INNER JOIN tag AS ta ON td.tag = ta.code WHERE status = ? ORDER BY create_time DESC LIMIT ?,?
2025-11-25T15:33:47.749+08:00 DEBUG 6352 --- [todo] [http-nio-8065-exec-3] c.t.demo.todo.mapper.ToDoMapper.query    : ==> Parameters: 10(String), 0(Integer), 2(Integer)
2025-11-25T15:33:47.752+08:00 DEBUG 6352 --- [todo] [http-nio-8065-exec-3] c.t.demo.todo.mapper.ToDoMapper.query    : <==      Total: 1
2025-11-25T15:33:47.753+08:00 DEBUG 6352 --- [todo] [http-nio-8065-exec-3] c.t.d.todo.mapper.ToDoMapper.countAll    : ==>  Preparing: SELECT COUNT(*) FROM todo WHERE status = ?
2025-11-25T15:33:47.753+08:00 DEBUG 6352 --- [todo] [http-nio-8065-exec-3] c.t.d.todo.mapper.ToDoMapper.countAll    : ==> Parameters: 10(String)
2025-11-25T15:33:47.754+08:00 DEBUG 6352 --- [todo] [http-nio-8065-exec-3] c.t.d.todo.mapper.ToDoMapper.countAll    : <==      Total: 1
2025-11-25T15:33:47.797+08:00 DEBUG 6352 --- [todo] [总任务] c.t.d.todo.mapper.ToDoMapper.countAll    : ==>  Preparing: SELECT COUNT(*) FROM todo WHERE status = ?
2025-11-25T15:33:47.797+08:00 DEBUG 6352 --- [todo] [总任务] c.t.d.todo.mapper.ToDoMapper.countAll    : ==> Parameters: 10(String)
2025-11-25T15:33:47.798+08:00 DEBUG 6352 --- [todo] [总任务] c.t.d.todo.mapper.ToDoMapper.countAll    : <==      Total: 1
2025-11-25T15:33:48.237+08:00 DEBUG 6352 --- [todo] [http-nio-8065-exec-8] c.t.demo.todo.controller.ToDoController  : 查询参数:ToDoQuery(id=null, title=, tag=null, messageLevel=null, message=, tagCode=, status=30, pageNumber=1, pageSize=2)
2025-11-25T15:33:48.239+08:00 DEBUG 6352 --- [todo] [http-nio-8065-exec-8] c.t.demo.todo.mapper.ToDoMapper.query    : ==>  Preparing: SELECT td.id,td.title,td.status,td.message_level as messageLevel , td.tag,td.description,td.message,td.create_time as createTime, td.expire_time as expireTime,td.complete_time as completeTime, td.update_time as updateTime,ta.code AS tagCode FROM todo AS td INNER JOIN tag AS ta ON td.tag = ta.code WHERE status = ? ORDER BY create_time DESC LIMIT ?,?
2025-11-25T15:33:48.241+08:00 DEBUG 6352 --- [todo] [http-nio-8065-exec-8] c.t.demo.todo.mapper.ToDoMapper.query    : ==> Parameters: 30(String), 0(Integer), 2(Integer)
2025-11-25T15:33:48.244+08:00 DEBUG 6352 --- [todo] [http-nio-8065-exec-8] c.t.demo.todo.mapper.ToDoMapper.query    : <==      Total: 2
2025-11-25T15:33:48.248+08:00 DEBUG 6352 --- [todo] [http-nio-8065-exec-8] c.t.d.todo.mapper.ToDoMapper.countAll    : ==>  Preparing: SELECT COUNT(*) FROM todo WHERE status = ?
2025-11-25T15:33:48.248+08:00 DEBUG 6352 --- [todo] [http-nio-8065-exec-8] c.t.d.todo.mapper.ToDoMapper.countAll    : ==> Parameters: 30(String)
2025-11-25T15:33:48.249+08:00 DEBUG 6352 --- [todo] [http-nio-8065-exec-8] c.t.d.todo.mapper.ToDoMapper.countAll    : <==      Total: 1
2025-11-25T15:33:50.798+08:00 DEBUG 6352 --- [todo] [总任务] c.t.d.todo.mapper.ToDoMapper.countAll    : ==>  Preparing: SELECT COUNT(*) FROM todo WHERE status = ?
2025-11-25T15:33:50.799+08:00 DEBUG 6352 --- [todo] [总任务] c.t.d.todo.mapper.ToDoMapper.countAll    : ==> Parameters: 10(String)
2025-11-25T15:33:50.799+08:00 DEBUG 6352 --- [todo] [总任务] c.t.d.todo.mapper.ToDoMapper.countAll    : <==      Total: 1
2025-11-25T15:33:53.798+08:00 DEBUG 6352 --- [todo] [总任务] c.t.d.todo.mapper.ToDoMapper.countAll    : ==>  Preparing: SELECT COUNT(*) FROM todo WHERE status = ?
2025-11-25T15:33:53.799+08:00 DEBUG 6352 --- [todo] [总任务] c.t.d.todo.mapper.ToDoMapper.countAll    : ==> Parameters: 10(String)
2025-11-25T15:33:53.803+08:00 DEBUG 6352 --- [todo] [总任务] c.t.d.todo.mapper.ToDoMapper.countAll    : <==      Total: 1
2025-11-25T15:33:55.144+08:00 DEBUG 6352 --- [todo] [时间调度器] c.t.demo.todo.mapper.ToDoMapper.query    : ==>  Preparing: SELECT td.id,td.title,td.status,td.message_level as messageLevel , td.tag,td.description,td.message,td.create_time as createTime, td.expire_time as expireTime,td.complete_time as completeTime, td.update_time as updateTime,ta.code AS tagCode FROM todo AS td INNER JOIN tag AS ta ON td.tag = ta.code WHERE status = ? ORDER BY create_time DESC
2025-11-25T15:33:55.144+08:00 DEBUG 6352 --- [todo] [时间调度器] c.t.demo.todo.mapper.ToDoMapper.query    : ==> Parameters: 10(String)
2025-11-25T15:33:55.146+08:00 DEBUG 6352 --- [todo] [时间调度器] c.t.demo.todo.mapper.ToDoMapper.query    : <==      Total: 1
2025-11-25T15:33:56.798+08:00 DEBUG 6352 --- [todo] [总任务] c.t.d.todo.mapper.ToDoMapper.countAll    : ==>  Preparing: SELECT COUNT(*) FROM todo WHERE status = ?
2025-11-25T15:33:56.798+08:00 DEBUG 6352 --- [todo] [总任务] c.t.d.todo.mapper.ToDoMapper.countAll    : ==> Parameters: 10(String)
2025-11-25T15:33:56.799+08:00 DEBUG 6352 --- [todo] [总任务] c.t.d.todo.mapper.ToDoMapper.countAll    : <==      Total: 1
2025-11-25T15:33:59.798+08:00 DEBUG 6352 --- [todo] [总任务] c.t.d.todo.mapper.ToDoMapper.countAll    : ==>  Preparing: SELECT COUNT(*) FROM todo WHERE status = ?
2025-11-25T15:33:59.798+08:00 DEBUG 6352 --- [todo] [总任务] c.t.d.todo.mapper.ToDoMapper.countAll    : ==> Parameters: 10(String)
2025-11-25T15:33:59.798+08:00 DEBUG 6352 --- [todo] [总任务] c.t.d.todo.mapper.ToDoMapper.countAll    : <==      Total: 1
2025-11-25T15:34:02.799+08:00 DEBUG 6352 --- [todo] [总任务] c.t.d.todo.mapper.ToDoMapper.countAll    : ==>  Preparing: SELECT COUNT(*) FROM todo WHERE status = ?
2025-11-25T15:34:02.799+08:00 DEBUG 6352 --- [todo] [总任务] c.t.d.todo.mapper.ToDoMapper.countAll    : ==> Parameters: 10(String)
2025-11-25T15:34:02.800+08:00 DEBUG 6352 --- [todo] [总任务] c.t.d.todo.mapper.ToDoMapper.countAll    : <==      Total: 1
2025-11-25T15:34:05.144+08:00 DEBUG 6352 --- [todo] [时间调度器] c.t.demo.todo.mapper.ToDoMapper.query    : ==>  Preparing: SELECT td.id,td.title,td.status,td.message_level as messageLevel , td.tag,td.description,td.message,td.create_time as createTime, td.expire_time as expireTime,td.complete_time as completeTime, td.update_time as updateTime,ta.code AS tagCode FROM todo AS td INNER JOIN tag AS ta ON td.tag = ta.code WHERE status = ? ORDER BY create_time DESC
2025-11-25T15:34:05.144+08:00 DEBUG 6352 --- [todo] [时间调度器] c.t.demo.todo.mapper.ToDoMapper.query    : ==> Parameters: 10(String)
2025-11-25T15:34:05.145+08:00 DEBUG 6352 --- [todo] [时间调度器] c.t.demo.todo.mapper.ToDoMapper.query    : <==      Total: 1
2025-11-25T15:34:05.799+08:00 DEBUG 6352 --- [todo] [总任务] c.t.d.todo.mapper.ToDoMapper.countAll    : ==>  Preparing: SELECT COUNT(*) FROM todo WHERE status = ?
2025-11-25T15:34:05.799+08:00 DEBUG 6352 --- [todo] [总任务] c.t.d.todo.mapper.ToDoMapper.countAll    : ==> Parameters: 10(String)
2025-11-25T15:34:05.800+08:00 DEBUG 6352 --- [todo] [总任务] c.t.d.todo.mapper.ToDoMapper.countAll    : <==      Total: 1
2025-11-25T15:34:08.799+08:00 DEBUG 6352 --- [todo] [总任务] c.t.d.todo.mapper.ToDoMapper.countAll    : ==>  Preparing: SELECT COUNT(*) FROM todo WHERE status = ?
2025-11-25T15:34:08.799+08:00 DEBUG 6352 --- [todo] [总任务] c.t.d.todo.mapper.ToDoMapper.countAll    : ==> Parameters: 10(String)
2025-11-25T15:34:08.800+08:00 DEBUG 6352 --- [todo] [总任务] c.t.d.todo.mapper.ToDoMapper.countAll    : <==      Total: 1
2025-11-25T15:34:11.800+08:00 DEBUG 6352 --- [todo] [总任务] c.t.d.todo.mapper.ToDoMapper.countAll    : ==>  Preparing: SELECT COUNT(*) FROM todo WHERE status = ?
2025-11-25T15:34:11.800+08:00 DEBUG 6352 --- [todo] [总任务] c.t.d.todo.mapper.ToDoMapper.countAll    : ==> Parameters: 10(String)
2025-11-25T15:34:11.801+08:00 DEBUG 6352 --- [todo] [总任务] c.t.d.todo.mapper.ToDoMapper.countAll    : <==      Total: 1
2025-11-25T15:34:14.801+08:00 DEBUG 6352 --- [todo] [总任务] c.t.d.todo.mapper.ToDoMapper.countAll    : ==>  Preparing: SELECT COUNT(*) FROM todo WHERE status = ?
2025-11-25T15:34:14.802+08:00 DEBUG 6352 --- [todo] [总任务] c.t.d.todo.mapper.ToDoMapper.countAll    : ==> Parameters: 10(String)
2025-11-25T15:34:14.802+08:00 DEBUG 6352 --- [todo] [总任务] c.t.d.todo.mapper.ToDoMapper.countAll    : <==      Total: 1
2025-11-25T15:34:15.144+08:00 DEBUG 6352 --- [todo] [时间调度器] c.t.demo.todo.mapper.ToDoMapper.query    : ==>  Preparing: SELECT td.id,td.title,td.status,td.message_level as messageLevel , td.tag,td.description,td.message,td.create_time as createTime, td.expire_time as expireTime,td.complete_time as completeTime, td.update_time as updateTime,ta.code AS tagCode FROM todo AS td INNER JOIN tag AS ta ON td.tag = ta.code WHERE status = ? ORDER BY create_time DESC
2025-11-25T15:34:15.144+08:00 DEBUG 6352 --- [todo] [时间调度器] c.t.demo.todo.mapper.ToDoMapper.query    : ==> Parameters: 10(String)
2025-11-25T15:34:15.146+08:00 DEBUG 6352 --- [todo] [时间调度器] c.t.demo.todo.mapper.ToDoMapper.query    : <==      Total: 1
2025-11-25T15:34:17.802+08:00 DEBUG 6352 --- [todo] [总任务] c.t.d.todo.mapper.ToDoMapper.countAll    : ==>  Preparing: SELECT COUNT(*) FROM todo WHERE status = ?
2025-11-25T15:34:17.802+08:00 DEBUG 6352 --- [todo] [总任务] c.t.d.todo.mapper.ToDoMapper.countAll    : ==> Parameters: 10(String)
2025-11-25T15:34:17.803+08:00 DEBUG 6352 --- [todo] [总任务] c.t.d.todo.mapper.ToDoMapper.countAll    : <==      Total: 1
2025-11-25T15:34:20.802+08:00 DEBUG 6352 --- [todo] [总任务] c.t.d.todo.mapper.ToDoMapper.countAll    : ==>  Preparing: SELECT COUNT(*) FROM todo WHERE status = ?
2025-11-25T15:34:20.802+08:00 DEBUG 6352 --- [todo] [总任务] c.t.d.todo.mapper.ToDoMapper.countAll    : ==> Parameters: 10(String)
2025-11-25T15:34:20.803+08:00 DEBUG 6352 --- [todo] [总任务] c.t.d.todo.mapper.ToDoMapper.countAll    : <==      Total: 1
2025-11-25T15:34:23.802+08:00 DEBUG 6352 --- [todo] [总任务] c.t.d.todo.mapper.ToDoMapper.countAll    : ==>  Preparing: SELECT COUNT(*) FROM todo WHERE status = ?
2025-11-25T15:34:23.802+08:00 DEBUG 6352 --- [todo] [总任务] c.t.d.todo.mapper.ToDoMapper.countAll    : ==> Parameters: 10(String)
2025-11-25T15:34:23.803+08:00 DEBUG 6352 --- [todo] [总任务] c.t.d.todo.mapper.ToDoMapper.countAll    : <==      Total: 1
2025-11-25T15:34:25.145+08:00 DEBUG 6352 --- [todo] [时间调度器] c.t.demo.todo.mapper.ToDoMapper.query    : ==>  Preparing: SELECT td.id,td.title,td.status,td.message_level as messageLevel , td.tag,td.description,td.message,td.create_time as createTime, td.expire_time as expireTime,td.complete_time as completeTime, td.update_time as updateTime,ta.code AS tagCode FROM todo AS td INNER JOIN tag AS ta ON td.tag = ta.code WHERE status = ? ORDER BY create_time DESC
2025-11-25T15:34:25.145+08:00 DEBUG 6352 --- [todo] [时间调度器] c.t.demo.todo.mapper.ToDoMapper.query    : ==> Parameters: 10(String)
2025-11-25T15:34:25.146+08:00 DEBUG 6352 --- [todo] [时间调度器] c.t.demo.todo.mapper.ToDoMapper.query    : <==      Total: 1
2025-11-25T15:34:26.802+08:00 DEBUG 6352 --- [todo] [总任务] c.t.d.todo.mapper.ToDoMapper.countAll    : ==>  Preparing: SELECT COUNT(*) FROM todo WHERE status = ?
2025-11-25T15:34:26.803+08:00 DEBUG 6352 --- [todo] [总任务] c.t.d.todo.mapper.ToDoMapper.countAll    : ==> Parameters: 10(String)
2025-11-25T15:34:26.805+08:00 DEBUG 6352 --- [todo] [总任务] c.t.d.todo.mapper.ToDoMapper.countAll    : <==      Total: 1
2025-11-25T15:34:29.803+08:00 DEBUG 6352 --- [todo] [总任务] c.t.d.todo.mapper.ToDoMapper.countAll    : ==>  Preparing: SELECT COUNT(*) FROM todo WHERE status = ?
2025-11-25T15:34:29.803+08:00 DEBUG 6352 --- [todo] [总任务] c.t.d.todo.mapper.ToDoMapper.countAll    : ==> Parameters: 10(String)
2025-11-25T15:34:29.804+08:00 DEBUG 6352 --- [todo] [总任务] c.t.d.todo.mapper.ToDoMapper.countAll    : <==      Total: 1
2025-11-25T15:34:32.803+08:00 DEBUG 6352 --- [todo] [总任务] c.t.d.todo.mapper.ToDoMapper.countAll    : ==>  Preparing: SELECT COUNT(*) FROM todo WHERE status = ?
2025-11-25T15:34:32.803+08:00 DEBUG 6352 --- [todo] [总任务] c.t.d.todo.mapper.ToDoMapper.countAll    : ==> Parameters: 10(String)
2025-11-25T15:34:32.805+08:00 DEBUG 6352 --- [todo] [总任务] c.t.d.todo.mapper.ToDoMapper.countAll    : <==      Total: 1
2025-11-25T15:34:35.146+08:00 DEBUG 6352 --- [todo] [时间调度器] c.t.demo.todo.mapper.ToDoMapper.query    : ==>  Preparing: SELECT td.id,td.title,td.status,td.message_level as messageLevel , td.tag,td.description,td.message,td.create_time as createTime, td.expire_time as expireTime,td.complete_time as completeTime, td.update_time as updateTime,ta.code AS tagCode FROM todo AS td INNER JOIN tag AS ta ON td.tag = ta.code WHERE status = ? ORDER BY create_time DESC
2025-11-25T15:34:35.146+08:00 DEBUG 6352 --- [todo] [时间调度器] c.t.demo.todo.mapper.ToDoMapper.query    : ==> Parameters: 10(String)
2025-11-25T15:34:35.147+08:00 DEBUG 6352 --- [todo] [时间调度器] c.t.demo.todo.mapper.ToDoMapper.query    : <==      Total: 1
2025-11-25T15:34:35.804+08:00 DEBUG 6352 --- [todo] [总任务] c.t.d.todo.mapper.ToDoMapper.countAll    : ==>  Preparing: SELECT COUNT(*) FROM todo WHERE status = ?
2025-11-25T15:34:35.804+08:00 DEBUG 6352 --- [todo] [总任务] c.t.d.todo.mapper.ToDoMapper.countAll    : ==> Parameters: 10(String)
2025-11-25T15:34:35.805+08:00 DEBUG 6352 --- [todo] [总任务] c.t.d.todo.mapper.ToDoMapper.countAll    : <==      Total: 1
2025-11-25T15:34:38.805+08:00 DEBUG 6352 --- [todo] [总任务] c.t.d.todo.mapper.ToDoMapper.countAll    : ==>  Preparing: SELECT COUNT(*) FROM todo WHERE status = ?
2025-11-25T15:34:38.805+08:00 DEBUG 6352 --- [todo] [总任务] c.t.d.todo.mapper.ToDoMapper.countAll    : ==> Parameters: 10(String)
2025-11-25T15:34:38.806+08:00 DEBUG 6352 --- [todo] [总任务] c.t.d.todo.mapper.ToDoMapper.countAll    : <==      Total: 1
2025-11-25T15:34:41.805+08:00 DEBUG 6352 --- [todo] [总任务] c.t.d.todo.mapper.ToDoMapper.countAll    : ==>  Preparing: SELECT COUNT(*) FROM todo WHERE status = ?
2025-11-25T15:34:41.805+08:00 DEBUG 6352 --- [todo] [总任务] c.t.d.todo.mapper.ToDoMapper.countAll    : ==> Parameters: 10(String)
2025-11-25T15:34:41.806+08:00 DEBUG 6352 --- [todo] [总任务] c.t.d.todo.mapper.ToDoMapper.countAll    : <==      Total: 1
2025-11-25T15:34:44.806+08:00 DEBUG 6352 --- [todo] [总任务] c.t.d.todo.mapper.ToDoMapper.countAll    : ==>  Preparing: SELECT COUNT(*) FROM todo WHERE status = ?
2025-11-25T15:34:44.806+08:00 DEBUG 6352 --- [todo] [总任务] c.t.d.todo.mapper.ToDoMapper.countAll    : ==> Parameters: 10(String)
2025-11-25T15:34:44.807+08:00 DEBUG 6352 --- [todo] [总任务] c.t.d.todo.mapper.ToDoMapper.countAll    : <==      Total: 1
2025-11-25T15:34:45.146+08:00 DEBUG 6352 --- [todo] [时间调度器] c.t.demo.todo.mapper.ToDoMapper.query    : ==>  Preparing: SELECT td.id,td.title,td.status,td.message_level as messageLevel , td.tag,td.description,td.message,td.create_time as createTime, td.expire_time as expireTime,td.complete_time as completeTime, td.update_time as updateTime,ta.code AS tagCode FROM todo AS td INNER JOIN tag AS ta ON td.tag = ta.code WHERE status = ? ORDER BY create_time DESC
2025-11-25T15:34:45.147+08:00 DEBUG 6352 --- [todo] [时间调度器] c.t.demo.todo.mapper.ToDoMapper.query    : ==> Parameters: 10(String)
2025-11-25T15:34:45.147+08:00 DEBUG 6352 --- [todo] [时间调度器] c.t.demo.todo.mapper.ToDoMapper.query    : <==      Total: 1
2025-11-25T15:34:47.806+08:00 DEBUG 6352 --- [todo] [总任务] c.t.d.todo.mapper.ToDoMapper.countAll    : ==>  Preparing: SELECT COUNT(*) FROM todo WHERE status = ?
2025-11-25T15:34:47.806+08:00 DEBUG 6352 --- [todo] [总任务] c.t.d.todo.mapper.ToDoMapper.countAll    : ==> Parameters: 10(String)
2025-11-25T15:34:47.808+08:00 DEBUG 6352 --- [todo] [总任务] c.t.d.todo.mapper.ToDoMapper.countAll    : <==      Total: 1
2025-11-25T15:34:50.807+08:00 DEBUG 6352 --- [todo] [总任务] c.t.d.todo.mapper.ToDoMapper.countAll    : ==>  Preparing: SELECT COUNT(*) FROM todo WHERE status = ?
2025-11-25T15:34:50.807+08:00 DEBUG 6352 --- [todo] [总任务] c.t.d.todo.mapper.ToDoMapper.countAll    : ==> Parameters: 10(String)
2025-11-25T15:34:50.808+08:00 DEBUG 6352 --- [todo] [总任务] c.t.d.todo.mapper.ToDoMapper.countAll    : <==      Total: 1
2025-11-25T15:34:53.807+08:00 DEBUG 6352 --- [todo] [总任务] c.t.d.todo.mapper.ToDoMapper.countAll    : ==>  Preparing: SELECT COUNT(*) FROM todo WHERE status = ?
2025-11-25T15:34:53.807+08:00 DEBUG 6352 --- [todo] [总任务] c.t.d.todo.mapper.ToDoMapper.countAll    : ==> Parameters: 10(String)
2025-11-25T15:34:53.809+08:00 DEBUG 6352 --- [todo] [总任务] c.t.d.todo.mapper.ToDoMapper.countAll    : <==      Total: 1
2025-11-25T15:34:55.146+08:00 DEBUG 6352 --- [todo] [时间调度器] c.t.demo.todo.mapper.ToDoMapper.query    : ==>  Preparing: SELECT td.id,td.title,td.status,td.message_level as messageLevel , td.tag,td.description,td.message,td.create_time as createTime, td.expire_time as expireTime,td.complete_time as completeTime, td.update_time as updateTime,ta.code AS tagCode FROM todo AS td INNER JOIN tag AS ta ON td.tag = ta.code WHERE status = ? ORDER BY create_time DESC
2025-11-25T15:34:55.147+08:00 DEBUG 6352 --- [todo] [时间调度器] c.t.demo.todo.mapper.ToDoMapper.query    : ==> Parameters: 10(String)
2025-11-25T15:34:55.148+08:00 DEBUG 6352 --- [todo] [时间调度器] c.t.demo.todo.mapper.ToDoMapper.query    : <==      Total: 1
2025-11-25T15:34:56.809+08:00 DEBUG 6352 --- [todo] [总任务] c.t.d.todo.mapper.ToDoMapper.countAll    : ==>  Preparing: SELECT COUNT(*) FROM todo WHERE status = ?
2025-11-25T15:34:56.809+08:00 DEBUG 6352 --- [todo] [总任务] c.t.d.todo.mapper.ToDoMapper.countAll    : ==> Parameters: 10(String)
2025-11-25T15:34:56.810+08:00 DEBUG 6352 --- [todo] [总任务] c.t.d.todo.mapper.ToDoMapper.countAll    : <==      Total: 1
2025-11-25T15:34:59.809+08:00 DEBUG 6352 --- [todo] [总任务] c.t.d.todo.mapper.ToDoMapper.countAll    : ==>  Preparing: SELECT COUNT(*) FROM todo WHERE status = ?
2025-11-25T15:34:59.809+08:00 DEBUG 6352 --- [todo] [总任务] c.t.d.todo.mapper.ToDoMapper.countAll    : ==> Parameters: 10(String)
2025-11-25T15:34:59.810+08:00 DEBUG 6352 --- [todo] [总任务] c.t.d.todo.mapper.ToDoMapper.countAll    : <==      Total: 1
2025-11-25T15:44:22.245+08:00  INFO 9396 --- [todo] [restartedMain] com.todo.demo.TodoApplication            : Starting TodoApplication using Java 21.0.7 with PID 9396 (D:\java_practice\todo\target\classes started by snl19 in D:\java_practice)
2025-11-25T15:44:22.246+08:00 DEBUG 9396 --- [todo] [restartedMain] com.todo.demo.TodoApplication            : Running with Spring Boot v3.3.3, Spring v6.1.12
2025-11-25T15:44:22.248+08:00  INFO 9396 --- [todo] [restartedMain] com.todo.demo.TodoApplication            : No active profile set, falling back to 1 default profile: "default"
2025-11-25T15:44:22.281+08:00  INFO 9396 --- [todo] [restartedMain] .e.DevToolsPropertyDefaultsPostProcessor : Devtools property defaults active! Set 'spring.devtools.add-properties' to 'false' to disable
2025-11-25T15:44:22.281+08:00  INFO 9396 --- [todo] [restartedMain] .e.DevToolsPropertyDefaultsPostProcessor : For additional web related logging consider setting the 'logging.level.web' property to 'DEBUG'
2025-11-25T15:44:23.194+08:00  INFO 9396 --- [todo] [restartedMain] o.s.b.w.embedded.tomcat.TomcatWebServer  : Tomcat initialized with port 8065 (http)
2025-11-25T15:44:23.205+08:00  INFO 9396 --- [todo] [restartedMain] o.apache.catalina.core.StandardService   : Starting service [Tomcat]
2025-11-25T15:44:23.205+08:00  INFO 9396 --- [todo] [restartedMain] o.apache.catalina.core.StandardEngine    : Starting Servlet engine: [Apache Tomcat/10.1.28]
2025-11-25T15:44:23.249+08:00  INFO 9396 --- [todo] [restartedMain] o.a.c.c.C.[Tomcat].[localhost].[/]       : Initializing Spring embedded WebApplicationContext
2025-11-25T15:44:23.249+08:00  INFO 9396 --- [todo] [restartedMain] w.s.c.ServletWebServerApplicationContext : Root WebApplicationContext: initialization completed in 968 ms
2025-11-25T15:44:23.508+08:00  INFO 9396 --- [todo] [restartedMain] com.zaxxer.hikari.HikariDataSource       : HikariPool-1 - Starting...
2025-11-25T15:44:23.618+08:00  INFO 9396 --- [todo] [restartedMain] com.zaxxer.hikari.pool.HikariPool        : HikariPool-1 - Added connection com.mysql.cj.jdbc.ConnectionImpl@7d639eb
2025-11-25T15:44:23.619+08:00  INFO 9396 --- [todo] [restartedMain] com.zaxxer.hikari.HikariDataSource       : HikariPool-1 - Start completed.
2025-11-25T15:44:23.680+08:00 DEBUG 9396 --- [todo] [pool-1-thread-1] c.t.d.todo.mapper.ToDoMapper.countAll    : ==>  Preparing: SELECT COUNT(*) FROM todo WHERE status = ?
2025-11-25T15:44:23.703+08:00 DEBUG 9396 --- [todo] [pool-1-thread-1] c.t.d.todo.mapper.ToDoMapper.countAll    : ==> Parameters: 10(String)
2025-11-25T15:44:23.730+08:00 DEBUG 9396 --- [todo] [pool-1-thread-1] c.t.d.todo.mapper.ToDoMapper.countAll    : <==      Total: 1
2025-11-25T15:44:23.931+08:00  INFO 9396 --- [todo] [restartedMain] o.s.b.d.a.OptionalLiveReloadServer       : LiveReload server is running on port 35729
2025-11-25T15:44:23.954+08:00  INFO 9396 --- [todo] [restartedMain] o.s.b.w.embedded.tomcat.TomcatWebServer  : Tomcat started on port 8065 (http) with context path '/'
2025-11-25T15:44:23.960+08:00  INFO 9396 --- [todo] [restartedMain] com.todo.demo.TodoApplication            : Started TodoApplication in 2.064 seconds (process running for 2.469)
2025-11-25T15:44:28.645+08:00 DEBUG 9396 --- [todo] [pool-1-thread-2] c.t.demo.todo.mapper.ToDoMapper.query    : ==>  Preparing: SELECT td.id,td.title,td.status,td.message_level as messageLevel , td.tag,td.description,td.message,td.create_time as createTime, td.expire_time as expireTime,td.complete_time as completeTime, td.update_time as updateTime,ta.code AS tagCode FROM todo AS td INNER JOIN tag AS ta ON td.tag = ta.code WHERE status = ? ORDER BY create_time DESC
2025-11-25T15:44:28.646+08:00 DEBUG 9396 --- [todo] [pool-1-thread-2] c.t.demo.todo.mapper.ToDoMapper.query    : ==> Parameters: 30(String)
2025-11-25T15:44:28.664+08:00 DEBUG 9396 --- [todo] [pool-1-thread-2] c.t.demo.todo.mapper.ToDoMapper.query    : <==      Total: 5
2025-11-25T15:44:28.675+08:00 DEBUG 9396 --- [todo] [pool-1-thread-2] c.t.demo.todo.mapper.ToDoMapper.delete   : ==>  Preparing: DELETE FROM todo WHERE id = ?
2025-11-25T15:44:28.680+08:00 DEBUG 9396 --- [todo] [pool-1-thread-2] c.t.demo.todo.mapper.ToDoMapper.delete   : ==> Parameters: 221(Long)
2025-11-25T15:44:28.688+08:00 DEBUG 9396 --- [todo] [pool-1-thread-2] c.t.demo.todo.mapper.ToDoMapper.delete   : <==    Updates: 1
2025-11-25T15:44:28.692+08:00 DEBUG 9396 --- [todo] [pool-1-thread-2] c.t.demo.todo.mapper.ToDoMapper.delete   : ==>  Preparing: DELETE FROM todo WHERE id = ?
2025-11-25T15:44:28.693+08:00 DEBUG 9396 --- [todo] [pool-1-thread-2] c.t.demo.todo.mapper.ToDoMapper.delete   : ==> Parameters: 219(Long)
2025-11-25T15:44:28.695+08:00 DEBUG 9396 --- [todo] [pool-1-thread-2] c.t.demo.todo.mapper.ToDoMapper.delete   : <==    Updates: 1
2025-11-25T15:44:28.696+08:00 DEBUG 9396 --- [todo] [pool-1-thread-2] c.t.demo.todo.mapper.ToDoMapper.delete   : ==>  Preparing: DELETE FROM todo WHERE id = ?
2025-11-25T15:44:28.697+08:00 DEBUG 9396 --- [todo] [pool-1-thread-2] c.t.demo.todo.mapper.ToDoMapper.delete   : ==> Parameters: 218(Long)
2025-11-25T15:44:28.698+08:00 DEBUG 9396 --- [todo] [pool-1-thread-2] c.t.demo.todo.mapper.ToDoMapper.delete   : <==    Updates: 1
2025-11-25T15:44:28.700+08:00 DEBUG 9396 --- [todo] [pool-1-thread-2] c.t.demo.todo.mapper.ToDoMapper.delete   : ==>  Preparing: DELETE FROM todo WHERE id = ?
2025-11-25T15:44:28.701+08:00 DEBUG 9396 --- [todo] [pool-1-thread-2] c.t.demo.todo.mapper.ToDoMapper.delete   : ==> Parameters: 216(Long)
2025-11-25T15:44:28.706+08:00 DEBUG 9396 --- [todo] [pool-1-thread-2] c.t.demo.todo.mapper.ToDoMapper.delete   : <==    Updates: 1
2025-11-25T15:44:29.247+08:00  INFO 9396 --- [todo] [http-nio-8065-exec-1] o.a.c.c.C.[Tomcat].[localhost].[/]       : Initializing Spring DispatcherServlet 'dispatcherServlet'
2025-11-25T15:44:29.251+08:00  INFO 9396 --- [todo] [http-nio-8065-exec-1] o.s.web.servlet.DispatcherServlet        : Initializing Servlet 'dispatcherServlet'
2025-11-25T15:44:29.252+08:00  INFO 9396 --- [todo] [http-nio-8065-exec-1] o.s.web.servlet.DispatcherServlet        : Completed initialization in 1 ms
2025-11-25T15:44:29.331+08:00 DEBUG 9396 --- [todo] [http-nio-8065-exec-2] c.t.d.todo.mapper.ToDoMapper.loadTags    : ==>  Preparing: SELECT id , code ,message FROM tag
2025-11-25T15:44:29.332+08:00 DEBUG 9396 --- [todo] [http-nio-8065-exec-2] c.t.d.todo.mapper.ToDoMapper.loadTags    : ==> Parameters: 
2025-11-25T15:44:29.339+08:00 DEBUG 9396 --- [todo] [http-nio-8065-exec-2] c.t.d.todo.mapper.ToDoMapper.loadTags    : <==      Total: 10
2025-11-25T15:44:29.361+08:00 DEBUG 9396 --- [todo] [http-nio-8065-exec-1] c.t.demo.todo.controller.ToDoController  : 查询参数:ToDoQuery(id=null, title=, tag=null, messageLevel=null, message=, tagCode=null, status=10, pageNumber=1, pageSize=2)
2025-11-25T15:44:29.370+08:00 DEBUG 9396 --- [todo] [http-nio-8065-exec-1] c.t.demo.todo.mapper.ToDoMapper.query    : ==>  Preparing: SELECT td.id,td.title,td.status,td.message_level as messageLevel , td.tag,td.description,td.message,td.create_time as createTime, td.expire_time as expireTime,td.complete_time as completeTime, td.update_time as updateTime,ta.code AS tagCode FROM todo AS td INNER JOIN tag AS ta ON td.tag = ta.code WHERE status = ? ORDER BY create_time DESC LIMIT ?,?
2025-11-25T15:44:29.373+08:00 DEBUG 9396 --- [todo] [http-nio-8065-exec-1] c.t.demo.todo.mapper.ToDoMapper.query    : ==> Parameters: 10(String), 0(Integer), 2(Integer)
2025-11-25T15:44:29.376+08:00 DEBUG 9396 --- [todo] [http-nio-8065-exec-1] c.t.demo.todo.mapper.ToDoMapper.query    : <==      Total: 1
2025-11-25T15:44:29.377+08:00 DEBUG 9396 --- [todo] [http-nio-8065-exec-1] c.t.d.todo.mapper.ToDoMapper.countAll    : ==>  Preparing: SELECT COUNT(*) FROM todo WHERE status = ?
2025-11-25T15:44:29.380+08:00 DEBUG 9396 --- [todo] [http-nio-8065-exec-1] c.t.d.todo.mapper.ToDoMapper.countAll    : ==> Parameters: 10(String)
2025-11-25T15:44:29.382+08:00 DEBUG 9396 --- [todo] [http-nio-8065-exec-1] c.t.d.todo.mapper.ToDoMapper.countAll    : <==      Total: 1
2025-11-25T15:44:33.639+08:00 DEBUG 9396 --- [todo] [pool-1-thread-3] c.t.demo.todo.mapper.ToDoMapper.query    : ==>  Preparing: SELECT td.id,td.title,td.status,td.message_level as messageLevel , td.tag,td.description,td.message,td.create_time as createTime, td.expire_time as expireTime,td.complete_time as completeTime, td.update_time as updateTime,ta.code AS tagCode FROM todo AS td INNER JOIN tag AS ta ON td.tag = ta.code WHERE status = ? ORDER BY create_time DESC
2025-11-25T15:44:33.639+08:00 DEBUG 9396 --- [todo] [pool-1-thread-1] c.t.d.todo.mapper.ToDoMapper.countAll    : ==>  Preparing: SELECT COUNT(*) FROM todo WHERE status = ?
2025-11-25T15:44:33.639+08:00 DEBUG 9396 --- [todo] [pool-1-thread-3] c.t.demo.todo.mapper.ToDoMapper.query    : ==> Parameters: 10(String)
2025-11-25T15:44:33.639+08:00 DEBUG 9396 --- [todo] [pool-1-thread-1] c.t.d.todo.mapper.ToDoMapper.countAll    : ==> Parameters: 10(String)
2025-11-25T15:44:33.646+08:00 DEBUG 9396 --- [todo] [pool-1-thread-3] c.t.demo.todo.mapper.ToDoMapper.query    : <==      Total: 1
2025-11-25T15:44:33.645+08:00 DEBUG 9396 --- [todo] [pool-1-thread-1] c.t.d.todo.mapper.ToDoMapper.countAll    : <==      Total: 1
2025-11-25T15:44:35.489+08:00 DEBUG 9396 --- [todo] [http-nio-8065-exec-3] c.t.demo.todo.controller.ToDoController  : 查询参数:ToDoQuery(id=null, title=, tag=null, messageLevel=null, message=, tagCode=null, status=30, pageNumber=1, pageSize=2)
2025-11-25T15:44:35.491+08:00 DEBUG 9396 --- [todo] [http-nio-8065-exec-3] c.t.demo.todo.mapper.ToDoMapper.query    : ==>  Preparing: SELECT td.id,td.title,td.status,td.message_level as messageLevel , td.tag,td.description,td.message,td.create_time as createTime, td.expire_time as expireTime,td.complete_time as completeTime, td.update_time as updateTime,ta.code AS tagCode FROM todo AS td INNER JOIN tag AS ta ON td.tag = ta.code WHERE status = ? ORDER BY create_time DESC LIMIT ?,?
2025-11-25T15:44:35.491+08:00 DEBUG 9396 --- [todo] [http-nio-8065-exec-3] c.t.demo.todo.mapper.ToDoMapper.query    : ==> Parameters: 30(String), 0(Integer), 2(Integer)
2025-11-25T15:44:35.493+08:00 DEBUG 9396 --- [todo] [http-nio-8065-exec-3] c.t.demo.todo.mapper.ToDoMapper.query    : <==      Total: 1
2025-11-25T15:44:35.494+08:00 DEBUG 9396 --- [todo] [http-nio-8065-exec-3] c.t.d.todo.mapper.ToDoMapper.countAll    : ==>  Preparing: SELECT COUNT(*) FROM todo WHERE status = ?
2025-11-25T15:44:35.494+08:00 DEBUG 9396 --- [todo] [http-nio-8065-exec-3] c.t.d.todo.mapper.ToDoMapper.countAll    : ==> Parameters: 30(String)
2025-11-25T15:44:35.498+08:00 DEBUG 9396 --- [todo] [http-nio-8065-exec-3] c.t.d.todo.mapper.ToDoMapper.countAll    : <==      Total: 1
2025-11-25T15:44:38.450+08:00 DEBUG 9396 --- [todo] [http-nio-8065-exec-5] c.t.demo.todo.controller.ToDoController  : 查询参数:ToDoQuery(id=null, title=, tag=null, messageLevel=null, message=, tagCode=null, status=20, pageNumber=1, pageSize=2)
2025-11-25T15:44:38.452+08:00 DEBUG 9396 --- [todo] [http-nio-8065-exec-5] c.t.demo.todo.mapper.ToDoMapper.query    : ==>  Preparing: SELECT td.id,td.title,td.status,td.message_level as messageLevel , td.tag,td.description,td.message,td.create_time as createTime, td.expire_time as expireTime,td.complete_time as completeTime, td.update_time as updateTime,ta.code AS tagCode FROM todo AS td INNER JOIN tag AS ta ON td.tag = ta.code WHERE status = ? ORDER BY create_time DESC LIMIT ?,?
2025-11-25T15:44:38.453+08:00 DEBUG 9396 --- [todo] [http-nio-8065-exec-5] c.t.demo.todo.mapper.ToDoMapper.query    : ==> Parameters: 20(String), 0(Integer), 2(Integer)
2025-11-25T15:44:38.461+08:00 DEBUG 9396 --- [todo] [http-nio-8065-exec-5] c.t.demo.todo.mapper.ToDoMapper.query    : <==      Total: 2
2025-11-25T15:44:38.462+08:00 DEBUG 9396 --- [todo] [http-nio-8065-exec-5] c.t.d.todo.mapper.ToDoMapper.countAll    : ==>  Preparing: SELECT COUNT(*) FROM todo WHERE status = ?
2025-11-25T15:44:38.463+08:00 DEBUG 9396 --- [todo] [http-nio-8065-exec-5] c.t.d.todo.mapper.ToDoMapper.countAll    : ==> Parameters: 20(String)
2025-11-25T15:44:38.465+08:00 DEBUG 9396 --- [todo] [http-nio-8065-exec-5] c.t.d.todo.mapper.ToDoMapper.countAll    : <==      Total: 1
2025-11-25T15:44:39.010+08:00 DEBUG 9396 --- [todo] [http-nio-8065-exec-4] c.t.demo.todo.controller.ToDoController  : 查询参数:ToDoQuery(id=null, title=, tag=null, messageLevel=null, message=, tagCode=null, status=30, pageNumber=1, pageSize=2)
2025-11-25T15:44:39.012+08:00 DEBUG 9396 --- [todo] [http-nio-8065-exec-4] c.t.demo.todo.mapper.ToDoMapper.query    : ==>  Preparing: SELECT td.id,td.title,td.status,td.message_level as messageLevel , td.tag,td.description,td.message,td.create_time as createTime, td.expire_time as expireTime,td.complete_time as completeTime, td.update_time as updateTime,ta.code AS tagCode FROM todo AS td INNER JOIN tag AS ta ON td.tag = ta.code WHERE status = ? ORDER BY create_time DESC LIMIT ?,?
2025-11-25T15:44:39.013+08:00 DEBUG 9396 --- [todo] [http-nio-8065-exec-4] c.t.demo.todo.mapper.ToDoMapper.query    : ==> Parameters: 30(String), 0(Integer), 2(Integer)
2025-11-25T15:44:39.016+08:00 DEBUG 9396 --- [todo] [http-nio-8065-exec-4] c.t.demo.todo.mapper.ToDoMapper.query    : <==      Total: 1
2025-11-25T15:44:39.017+08:00 DEBUG 9396 --- [todo] [http-nio-8065-exec-4] c.t.d.todo.mapper.ToDoMapper.countAll    : ==>  Preparing: SELECT COUNT(*) FROM todo WHERE status = ?
2025-11-25T15:44:39.018+08:00 DEBUG 9396 --- [todo] [http-nio-8065-exec-4] c.t.d.todo.mapper.ToDoMapper.countAll    : ==> Parameters: 30(String)
2025-11-25T15:44:39.019+08:00 DEBUG 9396 --- [todo] [http-nio-8065-exec-4] c.t.d.todo.mapper.ToDoMapper.countAll    : <==      Total: 1
2025-11-25T15:44:43.653+08:00 DEBUG 9396 --- [todo] [pool-1-thread-2] c.t.d.todo.mapper.ToDoMapper.countAll    : ==>  Preparing: SELECT COUNT(*) FROM todo WHERE status = ?
2025-11-25T15:44:43.653+08:00 DEBUG 9396 --- [todo] [pool-1-thread-3] c.t.demo.todo.mapper.ToDoMapper.query    : ==>  Preparing: SELECT td.id,td.title,td.status,td.message_level as messageLevel , td.tag,td.description,td.message,td.create_time as createTime, td.expire_time as expireTime,td.complete_time as completeTime, td.update_time as updateTime,ta.code AS tagCode FROM todo AS td INNER JOIN tag AS ta ON td.tag = ta.code WHERE status = ? ORDER BY create_time DESC
2025-11-25T15:44:43.654+08:00 DEBUG 9396 --- [todo] [pool-1-thread-3] c.t.demo.todo.mapper.ToDoMapper.query    : ==> Parameters: 10(String)
2025-11-25T15:44:43.654+08:00 DEBUG 9396 --- [todo] [pool-1-thread-2] c.t.d.todo.mapper.ToDoMapper.countAll    : ==> Parameters: 10(String)
2025-11-25T15:44:43.659+08:00 DEBUG 9396 --- [todo] [pool-1-thread-3] c.t.demo.todo.mapper.ToDoMapper.query    : <==      Total: 1
2025-11-25T15:44:43.658+08:00 DEBUG 9396 --- [todo] [pool-1-thread-2] c.t.d.todo.mapper.ToDoMapper.countAll    : <==      Total: 1
2025-11-25T15:44:46.336+08:00 DEBUG 9396 --- [todo] [http-nio-8065-exec-7] c.t.demo.todo.controller.ToDoController  : 查询参数:ToDoQuery(id=null, title=, tag=null, messageLevel=null, message=, tagCode=null, status=20, pageNumber=1, pageSize=2)
2025-11-25T15:44:46.338+08:00 DEBUG 9396 --- [todo] [http-nio-8065-exec-7] c.t.demo.todo.mapper.ToDoMapper.query    : ==>  Preparing: SELECT td.id,td.title,td.status,td.message_level as messageLevel , td.tag,td.description,td.message,td.create_time as createTime, td.expire_time as expireTime,td.complete_time as completeTime, td.update_time as updateTime,ta.code AS tagCode FROM todo AS td INNER JOIN tag AS ta ON td.tag = ta.code WHERE status = ? ORDER BY create_time DESC LIMIT ?,?
2025-11-25T15:44:46.338+08:00 DEBUG 9396 --- [todo] [http-nio-8065-exec-7] c.t.demo.todo.mapper.ToDoMapper.query    : ==> Parameters: 20(String), 0(Integer), 2(Integer)
2025-11-25T15:44:46.342+08:00 DEBUG 9396 --- [todo] [http-nio-8065-exec-7] c.t.demo.todo.mapper.ToDoMapper.query    : <==      Total: 2
2025-11-25T15:44:46.344+08:00 DEBUG 9396 --- [todo] [http-nio-8065-exec-7] c.t.d.todo.mapper.ToDoMapper.countAll    : ==>  Preparing: SELECT COUNT(*) FROM todo WHERE status = ?
2025-11-25T15:44:46.345+08:00 DEBUG 9396 --- [todo] [http-nio-8065-exec-7] c.t.d.todo.mapper.ToDoMapper.countAll    : ==> Parameters: 20(String)
2025-11-25T15:44:46.346+08:00 DEBUG 9396 --- [todo] [http-nio-8065-exec-7] c.t.d.todo.mapper.ToDoMapper.countAll    : <==      Total: 1
2025-11-25T15:44:46.912+08:00 DEBUG 9396 --- [todo] [http-nio-8065-exec-6] c.t.demo.todo.controller.ToDoController  : 查询参数:ToDoQuery(id=null, title=, tag=null, messageLevel=null, message=, tagCode=null, status=10, pageNumber=1, pageSize=2)
2025-11-25T15:44:46.917+08:00 DEBUG 9396 --- [todo] [http-nio-8065-exec-6] c.t.demo.todo.mapper.ToDoMapper.query    : ==>  Preparing: SELECT td.id,td.title,td.status,td.message_level as messageLevel , td.tag,td.description,td.message,td.create_time as createTime, td.expire_time as expireTime,td.complete_time as completeTime, td.update_time as updateTime,ta.code AS tagCode FROM todo AS td INNER JOIN tag AS ta ON td.tag = ta.code WHERE status = ? ORDER BY create_time DESC LIMIT ?,?
2025-11-25T15:44:46.919+08:00 DEBUG 9396 --- [todo] [http-nio-8065-exec-6] c.t.demo.todo.mapper.ToDoMapper.query    : ==> Parameters: 10(String), 0(Integer), 2(Integer)
2025-11-25T15:44:46.921+08:00 DEBUG 9396 --- [todo] [http-nio-8065-exec-6] c.t.demo.todo.mapper.ToDoMapper.query    : <==      Total: 1
2025-11-25T15:44:46.922+08:00 DEBUG 9396 --- [todo] [http-nio-8065-exec-6] c.t.d.todo.mapper.ToDoMapper.countAll    : ==>  Preparing: SELECT COUNT(*) FROM todo WHERE status = ?
2025-11-25T15:44:46.923+08:00 DEBUG 9396 --- [todo] [http-nio-8065-exec-6] c.t.d.todo.mapper.ToDoMapper.countAll    : ==> Parameters: 10(String)
2025-11-25T15:44:46.924+08:00 DEBUG 9396 --- [todo] [http-nio-8065-exec-6] c.t.d.todo.mapper.ToDoMapper.countAll    : <==      Total: 1
2025-11-25T15:44:47.322+08:00 DEBUG 9396 --- [todo] [http-nio-8065-exec-9] c.t.demo.todo.controller.ToDoController  : 查询参数:ToDoQuery(id=null, title=, tag=null, messageLevel=null, message=, tagCode=null, status=20, pageNumber=1, pageSize=2)
2025-11-25T15:44:47.324+08:00 DEBUG 9396 --- [todo] [http-nio-8065-exec-9] c.t.demo.todo.mapper.ToDoMapper.query    : ==>  Preparing: SELECT td.id,td.title,td.status,td.message_level as messageLevel , td.tag,td.description,td.message,td.create_time as createTime, td.expire_time as expireTime,td.complete_time as completeTime, td.update_time as updateTime,ta.code AS tagCode FROM todo AS td INNER JOIN tag AS ta ON td.tag = ta.code WHERE status = ? ORDER BY create_time DESC LIMIT ?,?
2025-11-25T15:44:47.324+08:00 DEBUG 9396 --- [todo] [http-nio-8065-exec-9] c.t.demo.todo.mapper.ToDoMapper.query    : ==> Parameters: 20(String), 0(Integer), 2(Integer)
2025-11-25T15:44:47.328+08:00 DEBUG 9396 --- [todo] [http-nio-8065-exec-9] c.t.demo.todo.mapper.ToDoMapper.query    : <==      Total: 2
2025-11-25T15:44:47.329+08:00 DEBUG 9396 --- [todo] [http-nio-8065-exec-9] c.t.d.todo.mapper.ToDoMapper.countAll    : ==>  Preparing: SELECT COUNT(*) FROM todo WHERE status = ?
2025-11-25T15:44:47.329+08:00 DEBUG 9396 --- [todo] [http-nio-8065-exec-9] c.t.d.todo.mapper.ToDoMapper.countAll    : ==> Parameters: 20(String)
2025-11-25T15:44:47.330+08:00 DEBUG 9396 --- [todo] [http-nio-8065-exec-9] c.t.d.todo.mapper.ToDoMapper.countAll    : <==      Total: 1
2025-11-25T15:44:47.646+08:00 DEBUG 9396 --- [todo] [http-nio-8065-exec-8] c.t.demo.todo.controller.ToDoController  : 查询参数:ToDoQuery(id=null, title=, tag=null, messageLevel=null, message=, tagCode=null, status=30, pageNumber=1, pageSize=2)
2025-11-25T15:44:47.647+08:00 DEBUG 9396 --- [todo] [http-nio-8065-exec-8] c.t.demo.todo.mapper.ToDoMapper.query    : ==>  Preparing: SELECT td.id,td.title,td.status,td.message_level as messageLevel , td.tag,td.description,td.message,td.create_time as createTime, td.expire_time as expireTime,td.complete_time as completeTime, td.update_time as updateTime,ta.code AS tagCode FROM todo AS td INNER JOIN tag AS ta ON td.tag = ta.code WHERE status = ? ORDER BY create_time DESC LIMIT ?,?
2025-11-25T15:44:47.649+08:00 DEBUG 9396 --- [todo] [http-nio-8065-exec-8] c.t.demo.todo.mapper.ToDoMapper.query    : ==> Parameters: 30(String), 0(Integer), 2(Integer)
2025-11-25T15:44:47.654+08:00 DEBUG 9396 --- [todo] [http-nio-8065-exec-8] c.t.demo.todo.mapper.ToDoMapper.query    : <==      Total: 1
2025-11-25T15:44:47.655+08:00 DEBUG 9396 --- [todo] [http-nio-8065-exec-8] c.t.d.todo.mapper.ToDoMapper.countAll    : ==>  Preparing: SELECT COUNT(*) FROM todo WHERE status = ?
2025-11-25T15:44:47.656+08:00 DEBUG 9396 --- [todo] [http-nio-8065-exec-8] c.t.d.todo.mapper.ToDoMapper.countAll    : ==> Parameters: 30(String)
2025-11-25T15:44:47.657+08:00 DEBUG 9396 --- [todo] [http-nio-8065-exec-8] c.t.d.todo.mapper.ToDoMapper.countAll    : <==      Total: 1
2025-11-25T15:44:53.651+08:00 DEBUG 9396 --- [todo] [pool-1-thread-1] c.t.d.todo.mapper.ToDoMapper.countAll    : ==>  Preparing: SELECT COUNT(*) FROM todo WHERE status = ?
2025-11-25T15:44:53.651+08:00 DEBUG 9396 --- [todo] [pool-1-thread-3] c.t.demo.todo.mapper.ToDoMapper.query    : ==>  Preparing: SELECT td.id,td.title,td.status,td.message_level as messageLevel , td.tag,td.description,td.message,td.create_time as createTime, td.expire_time as expireTime,td.complete_time as completeTime, td.update_time as updateTime,ta.code AS tagCode FROM todo AS td INNER JOIN tag AS ta ON td.tag = ta.code WHERE status = ? ORDER BY create_time DESC
2025-11-25T15:44:53.652+08:00 DEBUG 9396 --- [todo] [pool-1-thread-1] c.t.d.todo.mapper.ToDoMapper.countAll    : ==> Parameters: 10(String)
2025-11-25T15:44:53.652+08:00 DEBUG 9396 --- [todo] [pool-1-thread-3] c.t.demo.todo.mapper.ToDoMapper.query    : ==> Parameters: 10(String)
2025-11-25T15:44:53.653+08:00 DEBUG 9396 --- [todo] [pool-1-thread-1] c.t.d.todo.mapper.ToDoMapper.countAll    : <==      Total: 1
2025-11-25T15:44:53.654+08:00 DEBUG 9396 --- [todo] [pool-1-thread-3] c.t.demo.todo.mapper.ToDoMapper.query    : <==      Total: 1
2025-11-25T15:45:03.646+08:00 DEBUG 9396 --- [todo] [pool-1-thread-3] c.t.demo.todo.mapper.ToDoMapper.query    : ==>  Preparing: SELECT td.id,td.title,td.status,td.message_level as messageLevel , td.tag,td.description,td.message,td.create_time as createTime, td.expire_time as expireTime,td.complete_time as completeTime, td.update_time as updateTime,ta.code AS tagCode FROM todo AS td INNER JOIN tag AS ta ON td.tag = ta.code WHERE status = ? ORDER BY create_time DESC
2025-11-25T15:45:03.646+08:00 DEBUG 9396 --- [todo] [pool-1-thread-2] c.t.d.todo.mapper.ToDoMapper.countAll    : ==>  Preparing: SELECT COUNT(*) FROM todo WHERE status = ?
2025-11-25T15:45:03.647+08:00 DEBUG 9396 --- [todo] [pool-1-thread-2] c.t.d.todo.mapper.ToDoMapper.countAll    : ==> Parameters: 10(String)
2025-11-25T15:45:03.647+08:00 DEBUG 9396 --- [todo] [pool-1-thread-3] c.t.demo.todo.mapper.ToDoMapper.query    : ==> Parameters: 10(String)
2025-11-25T15:45:03.647+08:00 DEBUG 9396 --- [todo] [pool-1-thread-2] c.t.d.todo.mapper.ToDoMapper.countAll    : <==      Total: 1
2025-11-25T15:45:03.649+08:00 DEBUG 9396 --- [todo] [pool-1-thread-3] c.t.demo.todo.mapper.ToDoMapper.query    : <==      Total: 1
2025-11-25T15:45:13.644+08:00 DEBUG 9396 --- [todo] [pool-1-thread-1] c.t.d.todo.mapper.ToDoMapper.countAll    : ==>  Preparing: SELECT COUNT(*) FROM todo WHERE status = ?
2025-11-25T15:45:13.644+08:00 DEBUG 9396 --- [todo] [pool-1-thread-3] c.t.demo.todo.mapper.ToDoMapper.query    : ==>  Preparing: SELECT td.id,td.title,td.status,td.message_level as messageLevel , td.tag,td.description,td.message,td.create_time as createTime, td.expire_time as expireTime,td.complete_time as completeTime, td.update_time as updateTime,ta.code AS tagCode FROM todo AS td INNER JOIN tag AS ta ON td.tag = ta.code WHERE status = ? ORDER BY create_time DESC
2025-11-25T15:45:13.645+08:00 DEBUG 9396 --- [todo] [pool-1-thread-1] c.t.d.todo.mapper.ToDoMapper.countAll    : ==> Parameters: 10(String)
2025-11-25T15:45:13.645+08:00 DEBUG 9396 --- [todo] [pool-1-thread-3] c.t.demo.todo.mapper.ToDoMapper.query    : ==> Parameters: 10(String)
2025-11-25T15:45:13.647+08:00 DEBUG 9396 --- [todo] [pool-1-thread-1] c.t.d.todo.mapper.ToDoMapper.countAll    : <==      Total: 1
2025-11-25T15:45:13.648+08:00 DEBUG 9396 --- [todo] [pool-1-thread-3] c.t.demo.todo.mapper.ToDoMapper.query    : <==      Total: 1
2025-11-25T15:45:23.641+08:00 DEBUG 9396 --- [todo] [pool-1-thread-3] c.t.demo.todo.mapper.ToDoMapper.query    : ==>  Preparing: SELECT td.id,td.title,td.status,td.message_level as messageLevel , td.tag,td.description,td.message,td.create_time as createTime, td.expire_time as expireTime,td.complete_time as completeTime, td.update_time as updateTime,ta.code AS tagCode FROM todo AS td INNER JOIN tag AS ta ON td.tag = ta.code WHERE status = ? ORDER BY create_time DESC
2025-11-25T15:45:23.641+08:00 DEBUG 9396 --- [todo] [pool-1-thread-2] c.t.d.todo.mapper.ToDoMapper.countAll    : ==>  Preparing: SELECT COUNT(*) FROM todo WHERE status = ?
2025-11-25T15:45:23.643+08:00 DEBUG 9396 --- [todo] [pool-1-thread-2] c.t.d.todo.mapper.ToDoMapper.countAll    : ==> Parameters: 10(String)
2025-11-25T15:45:23.644+08:00 DEBUG 9396 --- [todo] [pool-1-thread-3] c.t.demo.todo.mapper.ToDoMapper.query    : ==> Parameters: 10(String)
2025-11-25T15:45:23.645+08:00 DEBUG 9396 --- [todo] [pool-1-thread-2] c.t.d.todo.mapper.ToDoMapper.countAll    : <==      Total: 1
2025-11-25T15:45:23.646+08:00 DEBUG 9396 --- [todo] [pool-1-thread-3] c.t.demo.todo.mapper.ToDoMapper.query    : <==      Total: 1
2025-11-25T15:45:33.654+08:00 DEBUG 9396 --- [todo] [pool-1-thread-1] c.t.d.todo.mapper.ToDoMapper.countAll    : ==>  Preparing: SELECT COUNT(*) FROM todo WHERE status = ?
2025-11-25T15:45:33.654+08:00 DEBUG 9396 --- [todo] [pool-1-thread-3] c.t.demo.todo.mapper.ToDoMapper.query    : ==>  Preparing: SELECT td.id,td.title,td.status,td.message_level as messageLevel , td.tag,td.description,td.message,td.create_time as createTime, td.expire_time as expireTime,td.complete_time as completeTime, td.update_time as updateTime,ta.code AS tagCode FROM todo AS td INNER JOIN tag AS ta ON td.tag = ta.code WHERE status = ? ORDER BY create_time DESC
2025-11-25T15:45:33.655+08:00 DEBUG 9396 --- [todo] [pool-1-thread-1] c.t.d.todo.mapper.ToDoMapper.countAll    : ==> Parameters: 10(String)
2025-11-25T15:45:33.656+08:00 DEBUG 9396 --- [todo] [pool-1-thread-3] c.t.demo.todo.mapper.ToDoMapper.query    : ==> Parameters: 10(String)
2025-11-25T15:45:33.656+08:00 DEBUG 9396 --- [todo] [pool-1-thread-1] c.t.d.todo.mapper.ToDoMapper.countAll    : <==      Total: 1
2025-11-25T15:45:33.658+08:00 DEBUG 9396 --- [todo] [pool-1-thread-3] c.t.demo.todo.mapper.ToDoMapper.query    : <==      Total: 1
2025-11-25T15:45:43.642+08:00 DEBUG 9396 --- [todo] [pool-1-thread-2] c.t.d.todo.mapper.ToDoMapper.countAll    : ==>  Preparing: SELECT COUNT(*) FROM todo WHERE status = ?
2025-11-25T15:45:43.642+08:00 DEBUG 9396 --- [todo] [pool-1-thread-3] c.t.demo.todo.mapper.ToDoMapper.query    : ==>  Preparing: SELECT td.id,td.title,td.status,td.message_level as messageLevel , td.tag,td.description,td.message,td.create_time as createTime, td.expire_time as expireTime,td.complete_time as completeTime, td.update_time as updateTime,ta.code AS tagCode FROM todo AS td INNER JOIN tag AS ta ON td.tag = ta.code WHERE status = ? ORDER BY create_time DESC
2025-11-25T15:45:43.643+08:00 DEBUG 9396 --- [todo] [pool-1-thread-2] c.t.d.todo.mapper.ToDoMapper.countAll    : ==> Parameters: 10(String)
2025-11-25T15:45:43.643+08:00 DEBUG 9396 --- [todo] [pool-1-thread-3] c.t.demo.todo.mapper.ToDoMapper.query    : ==> Parameters: 10(String)
2025-11-25T15:45:43.643+08:00 DEBUG 9396 --- [todo] [pool-1-thread-2] c.t.d.todo.mapper.ToDoMapper.countAll    : <==      Total: 1
2025-11-25T15:45:43.644+08:00 DEBUG 9396 --- [todo] [pool-1-thread-3] c.t.demo.todo.mapper.ToDoMapper.query    : <==      Total: 1
2025-11-25T15:45:53.643+08:00 DEBUG 9396 --- [todo] [pool-1-thread-1] c.t.d.todo.mapper.ToDoMapper.countAll    : ==>  Preparing: SELECT COUNT(*) FROM todo WHERE status = ?
2025-11-25T15:45:53.643+08:00 DEBUG 9396 --- [todo] [pool-1-thread-3] c.t.demo.todo.mapper.ToDoMapper.query    : ==>  Preparing: SELECT td.id,td.title,td.status,td.message_level as messageLevel , td.tag,td.description,td.message,td.create_time as createTime, td.expire_time as expireTime,td.complete_time as completeTime, td.update_time as updateTime,ta.code AS tagCode FROM todo AS td INNER JOIN tag AS ta ON td.tag = ta.code WHERE status = ? ORDER BY create_time DESC
2025-11-25T15:45:53.643+08:00 DEBUG 9396 --- [todo] [pool-1-thread-1] c.t.d.todo.mapper.ToDoMapper.countAll    : ==> Parameters: 10(String)
2025-11-25T15:45:53.643+08:00 DEBUG 9396 --- [todo] [pool-1-thread-3] c.t.demo.todo.mapper.ToDoMapper.query    : ==> Parameters: 10(String)
2025-11-25T15:45:53.645+08:00 DEBUG 9396 --- [todo] [pool-1-thread-1] c.t.d.todo.mapper.ToDoMapper.countAll    : <==      Total: 1
2025-11-25T15:45:53.646+08:00 DEBUG 9396 --- [todo] [pool-1-thread-3] c.t.demo.todo.mapper.ToDoMapper.query    : <==      Total: 1
2025-11-25T15:46:03.584+08:00  INFO 9396 --- [todo] [SpringApplicationShutdownHook] com.zaxxer.hikari.HikariDataSource       : HikariPool-1 - Shutdown initiated...
2025-11-25T15:46:03.589+08:00  INFO 9396 --- [todo] [SpringApplicationShutdownHook] com.zaxxer.hikari.HikariDataSource       : HikariPool-1 - Shutdown completed.
2025-11-25T15:46:17.539+08:00  INFO 25476 --- [todo] [restartedMain] com.todo.demo.TodoApplication            : Starting TodoApplication using Java 21.0.7 with PID 25476 (D:\java_practice\todo\target\classes started by snl19 in D:\java_practice)
2025-11-25T15:46:17.540+08:00 DEBUG 25476 --- [todo] [restartedMain] com.todo.demo.TodoApplication            : Running with Spring Boot v3.3.3, Spring v6.1.12
2025-11-25T15:46:17.541+08:00  INFO 25476 --- [todo] [restartedMain] com.todo.demo.TodoApplication            : No active profile set, falling back to 1 default profile: "default"
2025-11-25T15:46:17.581+08:00  INFO 25476 --- [todo] [restartedMain] .e.DevToolsPropertyDefaultsPostProcessor : Devtools property defaults active! Set 'spring.devtools.add-properties' to 'false' to disable
2025-11-25T15:46:17.581+08:00  INFO 25476 --- [todo] [restartedMain] .e.DevToolsPropertyDefaultsPostProcessor : For additional web related logging consider setting the 'logging.level.web' property to 'DEBUG'
2025-11-25T15:46:18.464+08:00  INFO 25476 --- [todo] [restartedMain] o.s.b.w.embedded.tomcat.TomcatWebServer  : Tomcat initialized with port 8065 (http)
2025-11-25T15:46:18.475+08:00  INFO 25476 --- [todo] [restartedMain] o.apache.catalina.core.StandardService   : Starting service [Tomcat]
2025-11-25T15:46:18.475+08:00  INFO 25476 --- [todo] [restartedMain] o.apache.catalina.core.StandardEngine    : Starting Servlet engine: [Apache Tomcat/10.1.28]
2025-11-25T15:46:18.517+08:00  INFO 25476 --- [todo] [restartedMain] o.a.c.c.C.[Tomcat].[localhost].[/]       : Initializing Spring embedded WebApplicationContext
2025-11-25T15:46:18.517+08:00  INFO 25476 --- [todo] [restartedMain] w.s.c.ServletWebServerApplicationContext : Root WebApplicationContext: initialization completed in 932 ms
2025-11-25T15:46:18.738+08:00  INFO 25476 --- [todo] [restartedMain] com.zaxxer.hikari.HikariDataSource       : HikariPool-1 - Starting...
2025-11-25T15:46:18.843+08:00  INFO 25476 --- [todo] [restartedMain] com.zaxxer.hikari.pool.HikariPool        : HikariPool-1 - Added connection com.mysql.cj.jdbc.ConnectionImpl@77738487
2025-11-25T15:46:18.844+08:00  INFO 25476 --- [todo] [restartedMain] com.zaxxer.hikari.HikariDataSource       : HikariPool-1 - Start completed.
2025-11-25T15:46:18.919+08:00 DEBUG 25476 --- [todo] [pool-1-thread-1] c.t.d.todo.mapper.ToDoMapper.countAll    : ==>  Preparing: SELECT COUNT(*) FROM todo WHERE status = ?
2025-11-25T15:46:18.954+08:00 DEBUG 25476 --- [todo] [pool-1-thread-1] c.t.d.todo.mapper.ToDoMapper.countAll    : ==> Parameters: 10(String)
2025-11-25T15:46:18.987+08:00 DEBUG 25476 --- [todo] [pool-1-thread-1] c.t.d.todo.mapper.ToDoMapper.countAll    : <==      Total: 1
2025-11-25T15:46:19.168+08:00  INFO 25476 --- [todo] [restartedMain] o.s.b.d.a.OptionalLiveReloadServer       : LiveReload server is running on port 35729
2025-11-25T15:46:19.195+08:00  INFO 25476 --- [todo] [restartedMain] o.s.b.w.embedded.tomcat.TomcatWebServer  : Tomcat started on port 8065 (http) with context path '/'
2025-11-25T15:46:19.202+08:00  INFO 25476 --- [todo] [restartedMain] com.todo.demo.TodoApplication            : Started TodoApplication in 2.035 seconds (process running for 2.39)
2025-11-25T15:46:23.868+08:00 DEBUG 25476 --- [todo] [pool-1-thread-2] c.t.demo.todo.mapper.ToDoMapper.query    : ==>  Preparing: SELECT td.id,td.title,td.status,td.message_level as messageLevel , td.tag,td.description,td.message,td.create_time as createTime, td.expire_time as expireTime,td.complete_time as completeTime, td.update_time as updateTime,ta.code AS tagCode FROM todo AS td INNER JOIN tag AS ta ON td.tag = ta.code WHERE status = ? ORDER BY create_time DESC
2025-11-25T15:46:23.870+08:00 DEBUG 25476 --- [todo] [pool-1-thread-2] c.t.demo.todo.mapper.ToDoMapper.query    : ==> Parameters: 30(String)
2025-11-25T15:46:23.879+08:00 DEBUG 25476 --- [todo] [pool-1-thread-2] c.t.demo.todo.mapper.ToDoMapper.query    : <==      Total: 1
2025-11-25T15:46:28.865+08:00 DEBUG 25476 --- [todo] [pool-1-thread-1] c.t.d.todo.mapper.ToDoMapper.countAll    : ==>  Preparing: SELECT COUNT(*) FROM todo WHERE status = ?
2025-11-25T15:46:28.866+08:00 DEBUG 25476 --- [todo] [pool-1-thread-3] c.t.demo.todo.mapper.ToDoMapper.query    : ==>  Preparing: SELECT td.id,td.title,td.status,td.message_level as messageLevel , td.tag,td.description,td.message,td.create_time as createTime, td.expire_time as expireTime,td.complete_time as completeTime, td.update_time as updateTime,ta.code AS tagCode FROM todo AS td INNER JOIN tag AS ta ON td.tag = ta.code WHERE status = ? ORDER BY create_time DESC
2025-11-25T15:46:28.866+08:00 DEBUG 25476 --- [todo] [pool-1-thread-1] c.t.d.todo.mapper.ToDoMapper.countAll    : ==> Parameters: 10(String)
2025-11-25T15:46:28.866+08:00 DEBUG 25476 --- [todo] [pool-1-thread-3] c.t.demo.todo.mapper.ToDoMapper.query    : ==> Parameters: 10(String)
2025-11-25T15:46:28.869+08:00 DEBUG 25476 --- [todo] [pool-1-thread-1] c.t.d.todo.mapper.ToDoMapper.countAll    : <==      Total: 1
2025-11-25T15:46:28.869+08:00 DEBUG 25476 --- [todo] [pool-1-thread-3] c.t.demo.todo.mapper.ToDoMapper.query    : <==      Total: 1
2025-11-25T15:46:38.869+08:00 DEBUG 25476 --- [todo] [pool-1-thread-1] c.t.d.todo.mapper.ToDoMapper.countAll    : ==>  Preparing: SELECT COUNT(*) FROM todo WHERE status = ?
2025-11-25T15:46:38.870+08:00 DEBUG 25476 --- [todo] [pool-1-thread-1] c.t.d.todo.mapper.ToDoMapper.countAll    : ==> Parameters: 10(String)
2025-11-25T15:46:38.873+08:00 DEBUG 25476 --- [todo] [pool-1-thread-1] c.t.d.todo.mapper.ToDoMapper.countAll    : <==      Total: 1
2025-11-25T15:46:48.875+08:00 DEBUG 25476 --- [todo] [pool-1-thread-1] c.t.d.todo.mapper.ToDoMapper.countAll    : ==>  Preparing: SELECT COUNT(*) FROM todo WHERE status = ?
2025-11-25T15:46:48.876+08:00 DEBUG 25476 --- [todo] [pool-1-thread-1] c.t.d.todo.mapper.ToDoMapper.countAll    : ==> Parameters: 10(String)
2025-11-25T15:46:48.878+08:00 DEBUG 25476 --- [todo] [pool-1-thread-1] c.t.d.todo.mapper.ToDoMapper.countAll    : <==      Total: 1
2025-11-25T15:46:58.873+08:00 DEBUG 25476 --- [todo] [pool-1-thread-1] c.t.d.todo.mapper.ToDoMapper.countAll    : ==>  Preparing: SELECT COUNT(*) FROM todo WHERE status = ?
2025-11-25T15:46:58.873+08:00 DEBUG 25476 --- [todo] [pool-1-thread-1] c.t.d.todo.mapper.ToDoMapper.countAll    : ==> Parameters: 10(String)
2025-11-25T15:46:58.874+08:00 DEBUG 25476 --- [todo] [pool-1-thread-1] c.t.d.todo.mapper.ToDoMapper.countAll    : <==      Total: 1
2025-11-25T15:46:59.991+08:00  INFO 25476 --- [todo] [http-nio-8065-exec-1] o.a.c.c.C.[Tomcat].[localhost].[/]       : Initializing Spring DispatcherServlet 'dispatcherServlet'
2025-11-25T15:46:59.992+08:00  INFO 25476 --- [todo] [http-nio-8065-exec-1] o.s.web.servlet.DispatcherServlet        : Initializing Servlet 'dispatcherServlet'
2025-11-25T15:46:59.993+08:00  INFO 25476 --- [todo] [http-nio-8065-exec-1] o.s.web.servlet.DispatcherServlet        : Completed initialization in 1 ms
2025-11-25T15:47:00.140+08:00 DEBUG 25476 --- [todo] [http-nio-8065-exec-1] c.t.demo.todo.controller.ToDoController  : 查询参数:ToDoQuery(id=null, title=, tag=null, messageLevel=null, message=, tagCode=, status=30, pageNumber=1, pageSize=2)
2025-11-25T15:47:00.150+08:00 DEBUG 25476 --- [todo] [http-nio-8065-exec-1] c.t.demo.todo.mapper.ToDoMapper.query    : ==>  Preparing: SELECT td.id,td.title,td.status,td.message_level as messageLevel , td.tag,td.description,td.message,td.create_time as createTime, td.expire_time as expireTime,td.complete_time as completeTime, td.update_time as updateTime,ta.code AS tagCode FROM todo AS td INNER JOIN tag AS ta ON td.tag = ta.code WHERE status = ? ORDER BY create_time DESC LIMIT ?,?
2025-11-25T15:47:00.153+08:00 DEBUG 25476 --- [todo] [http-nio-8065-exec-1] c.t.demo.todo.mapper.ToDoMapper.query    : ==> Parameters: 30(String), 0(Integer), 2(Integer)
2025-11-25T15:47:00.157+08:00 DEBUG 25476 --- [todo] [http-nio-8065-exec-1] c.t.demo.todo.mapper.ToDoMapper.query    : <==      Total: 1
2025-11-25T15:47:00.158+08:00 DEBUG 25476 --- [todo] [http-nio-8065-exec-1] c.t.d.todo.mapper.ToDoMapper.countAll    : ==>  Preparing: SELECT COUNT(*) FROM todo WHERE status = ?
2025-11-25T15:47:00.158+08:00 DEBUG 25476 --- [todo] [http-nio-8065-exec-1] c.t.d.todo.mapper.ToDoMapper.countAll    : ==> Parameters: 30(String)
2025-11-25T15:47:00.159+08:00 DEBUG 25476 --- [todo] [http-nio-8065-exec-1] c.t.d.todo.mapper.ToDoMapper.countAll    : <==      Total: 1
2025-11-25T15:47:02.060+08:00 DEBUG 25476 --- [todo] [http-nio-8065-exec-4] c.t.demo.todo.controller.ToDoController  : 查询参数:ToDoQuery(id=null, title=, tag=null, messageLevel=null, message=, tagCode=, status=30, pageNumber=1, pageSize=2)
2025-11-25T15:47:02.063+08:00 DEBUG 25476 --- [todo] [http-nio-8065-exec-4] c.t.demo.todo.mapper.ToDoMapper.query    : ==>  Preparing: SELECT td.id,td.title,td.status,td.message_level as messageLevel , td.tag,td.description,td.message,td.create_time as createTime, td.expire_time as expireTime,td.complete_time as completeTime, td.update_time as updateTime,ta.code AS tagCode FROM todo AS td INNER JOIN tag AS ta ON td.tag = ta.code WHERE status = ? ORDER BY create_time DESC LIMIT ?,?
2025-11-25T15:47:02.064+08:00 DEBUG 25476 --- [todo] [http-nio-8065-exec-4] c.t.demo.todo.mapper.ToDoMapper.query    : ==> Parameters: 30(String), 0(Integer), 2(Integer)
2025-11-25T15:47:02.067+08:00 DEBUG 25476 --- [todo] [http-nio-8065-exec-4] c.t.demo.todo.mapper.ToDoMapper.query    : <==      Total: 1
2025-11-25T15:47:02.069+08:00 DEBUG 25476 --- [todo] [http-nio-8065-exec-4] c.t.d.todo.mapper.ToDoMapper.countAll    : ==>  Preparing: SELECT COUNT(*) FROM todo WHERE status = ?
2025-11-25T15:47:02.069+08:00 DEBUG 25476 --- [todo] [http-nio-8065-exec-4] c.t.d.todo.mapper.ToDoMapper.countAll    : ==> Parameters: 30(String)
2025-11-25T15:47:02.071+08:00 DEBUG 25476 --- [todo] [http-nio-8065-exec-4] c.t.d.todo.mapper.ToDoMapper.countAll    : <==      Total: 1
2025-11-25T15:47:02.812+08:00 DEBUG 25476 --- [todo] [http-nio-8065-exec-3] c.t.demo.todo.controller.ToDoController  : 查询参数:ToDoQuery(id=null, title=, tag=null, messageLevel=null, message=, tagCode=, status=10, pageNumber=1, pageSize=2)
2025-11-25T15:47:02.814+08:00 DEBUG 25476 --- [todo] [http-nio-8065-exec-3] c.t.demo.todo.mapper.ToDoMapper.query    : ==>  Preparing: SELECT td.id,td.title,td.status,td.message_level as messageLevel , td.tag,td.description,td.message,td.create_time as createTime, td.expire_time as expireTime,td.complete_time as completeTime, td.update_time as updateTime,ta.code AS tagCode FROM todo AS td INNER JOIN tag AS ta ON td.tag = ta.code WHERE status = ? ORDER BY create_time DESC LIMIT ?,?
2025-11-25T15:47:02.815+08:00 DEBUG 25476 --- [todo] [http-nio-8065-exec-3] c.t.demo.todo.mapper.ToDoMapper.query    : ==> Parameters: 10(String), 0(Integer), 2(Integer)
2025-11-25T15:47:02.818+08:00 DEBUG 25476 --- [todo] [http-nio-8065-exec-3] c.t.demo.todo.mapper.ToDoMapper.query    : <==      Total: 1
2025-11-25T15:47:02.820+08:00 DEBUG 25476 --- [todo] [http-nio-8065-exec-3] c.t.d.todo.mapper.ToDoMapper.countAll    : ==>  Preparing: SELECT COUNT(*) FROM todo WHERE status = ?
2025-11-25T15:47:02.821+08:00 DEBUG 25476 --- [todo] [http-nio-8065-exec-3] c.t.d.todo.mapper.ToDoMapper.countAll    : ==> Parameters: 10(String)
2025-11-25T15:47:02.823+08:00 DEBUG 25476 --- [todo] [http-nio-8065-exec-3] c.t.d.todo.mapper.ToDoMapper.countAll    : <==      Total: 1
2025-11-25T15:47:08.865+08:00 DEBUG 25476 --- [todo] [pool-1-thread-1] c.t.d.todo.mapper.ToDoMapper.countAll    : ==>  Preparing: SELECT COUNT(*) FROM todo WHERE status = ?
2025-11-25T15:47:08.867+08:00 DEBUG 25476 --- [todo] [pool-1-thread-1] c.t.d.todo.mapper.ToDoMapper.countAll    : ==> Parameters: 10(String)
2025-11-25T15:47:08.869+08:00 DEBUG 25476 --- [todo] [pool-1-thread-1] c.t.d.todo.mapper.ToDoMapper.countAll    : <==      Total: 1
2025-11-25T15:47:18.864+08:00 DEBUG 25476 --- [todo] [pool-1-thread-1] c.t.d.todo.mapper.ToDoMapper.countAll    : ==>  Preparing: SELECT COUNT(*) FROM todo WHERE status = ?
2025-11-25T15:47:18.864+08:00 DEBUG 25476 --- [todo] [pool-1-thread-1] c.t.d.todo.mapper.ToDoMapper.countAll    : ==> Parameters: 10(String)
2025-11-25T15:47:18.867+08:00 DEBUG 25476 --- [todo] [pool-1-thread-1] c.t.d.todo.mapper.ToDoMapper.countAll    : <==      Total: 1
2025-11-25T15:47:28.870+08:00 DEBUG 25476 --- [todo] [pool-1-thread-2] c.t.demo.todo.mapper.ToDoMapper.query    : ==>  Preparing: SELECT td.id,td.title,td.status,td.message_level as messageLevel , td.tag,td.description,td.message,td.create_time as createTime, td.expire_time as expireTime,td.complete_time as completeTime, td.update_time as updateTime,ta.code AS tagCode FROM todo AS td INNER JOIN tag AS ta ON td.tag = ta.code WHERE status = ? ORDER BY create_time DESC
2025-11-25T15:47:28.870+08:00 DEBUG 25476 --- [todo] [pool-1-thread-3] c.t.d.todo.mapper.ToDoMapper.countAll    : ==>  Preparing: SELECT COUNT(*) FROM todo WHERE status = ?
2025-11-25T15:47:28.870+08:00 DEBUG 25476 --- [todo] [pool-1-thread-3] c.t.d.todo.mapper.ToDoMapper.countAll    : ==> Parameters: 10(String)
2025-11-25T15:47:28.870+08:00 DEBUG 25476 --- [todo] [pool-1-thread-2] c.t.demo.todo.mapper.ToDoMapper.query    : ==> Parameters: 10(String)
2025-11-25T15:47:28.872+08:00 DEBUG 25476 --- [todo] [pool-1-thread-3] c.t.d.todo.mapper.ToDoMapper.countAll    : <==      Total: 1
2025-11-25T15:47:28.873+08:00 DEBUG 25476 --- [todo] [pool-1-thread-2] c.t.demo.todo.mapper.ToDoMapper.query    : <==      Total: 1
2025-11-25T15:47:31.692+08:00 DEBUG 25476 --- [todo] [http-nio-8065-exec-9] c.t.demo.todo.controller.ToDoController  : 查询参数:ToDoQuery(id=null, title=, tag=null, messageLevel=null, message=, tagCode=, status=10, pageNumber=1, pageSize=4)
2025-11-25T15:47:31.694+08:00 DEBUG 25476 --- [todo] [http-nio-8065-exec-9] c.t.demo.todo.mapper.ToDoMapper.query    : ==>  Preparing: SELECT td.id,td.title,td.status,td.message_level as messageLevel , td.tag,td.description,td.message,td.create_time as createTime, td.expire_time as expireTime,td.complete_time as completeTime, td.update_time as updateTime,ta.code AS tagCode FROM todo AS td INNER JOIN tag AS ta ON td.tag = ta.code WHERE status = ? ORDER BY create_time DESC LIMIT ?,?
2025-11-25T15:47:31.695+08:00 DEBUG 25476 --- [todo] [http-nio-8065-exec-9] c.t.demo.todo.mapper.ToDoMapper.query    : ==> Parameters: 10(String), 0(Integer), 4(Integer)
2025-11-25T15:47:31.697+08:00 DEBUG 25476 --- [todo] [http-nio-8065-exec-9] c.t.demo.todo.mapper.ToDoMapper.query    : <==      Total: 1
2025-11-25T15:47:31.697+08:00 DEBUG 25476 --- [todo] [http-nio-8065-exec-9] c.t.d.todo.mapper.ToDoMapper.countAll    : ==>  Preparing: SELECT COUNT(*) FROM todo WHERE status = ?
2025-11-25T15:47:31.699+08:00 DEBUG 25476 --- [todo] [http-nio-8065-exec-9] c.t.d.todo.mapper.ToDoMapper.countAll    : ==> Parameters: 10(String)
2025-11-25T15:47:31.699+08:00 DEBUG 25476 --- [todo] [http-nio-8065-exec-9] c.t.d.todo.mapper.ToDoMapper.countAll    : <==      Total: 1
2025-11-25T15:47:32.886+08:00 DEBUG 25476 --- [todo] [http-nio-8065-exec-5] c.t.demo.todo.controller.ToDoController  : 查询参数:ToDoQuery(id=null, title=, tag=null, messageLevel=null, message=, tagCode=, status=10, pageNumber=1, pageSize=2)
2025-11-25T15:47:32.890+08:00 DEBUG 25476 --- [todo] [http-nio-8065-exec-5] c.t.demo.todo.mapper.ToDoMapper.query    : ==>  Preparing: SELECT td.id,td.title,td.status,td.message_level as messageLevel , td.tag,td.description,td.message,td.create_time as createTime, td.expire_time as expireTime,td.complete_time as completeTime, td.update_time as updateTime,ta.code AS tagCode FROM todo AS td INNER JOIN tag AS ta ON td.tag = ta.code WHERE status = ? ORDER BY create_time DESC LIMIT ?,?
2025-11-25T15:47:32.891+08:00 DEBUG 25476 --- [todo] [http-nio-8065-exec-5] c.t.demo.todo.mapper.ToDoMapper.query    : ==> Parameters: 10(String), 0(Integer), 2(Integer)
2025-11-25T15:47:32.894+08:00 DEBUG 25476 --- [todo] [http-nio-8065-exec-5] c.t.demo.todo.mapper.ToDoMapper.query    : <==      Total: 1
2025-11-25T15:47:32.894+08:00 DEBUG 25476 --- [todo] [http-nio-8065-exec-5] c.t.d.todo.mapper.ToDoMapper.countAll    : ==>  Preparing: SELECT COUNT(*) FROM todo WHERE status = ?
2025-11-25T15:47:32.895+08:00 DEBUG 25476 --- [todo] [http-nio-8065-exec-5] c.t.d.todo.mapper.ToDoMapper.countAll    : ==> Parameters: 10(String)
2025-11-25T15:47:32.895+08:00 DEBUG 25476 --- [todo] [http-nio-8065-exec-5] c.t.d.todo.mapper.ToDoMapper.countAll    : <==      Total: 1
2025-11-25T15:47:34.596+08:00 DEBUG 25476 --- [todo] [http-nio-8065-exec-7] c.t.demo.todo.controller.ToDoController  : 查询参数:ToDoQuery(id=null, title=, tag=null, messageLevel=null, message=, tagCode=, status=20, pageNumber=1, pageSize=2)
2025-11-25T15:47:34.598+08:00 DEBUG 25476 --- [todo] [http-nio-8065-exec-7] c.t.demo.todo.mapper.ToDoMapper.query    : ==>  Preparing: SELECT td.id,td.title,td.status,td.message_level as messageLevel , td.tag,td.description,td.message,td.create_time as createTime, td.expire_time as expireTime,td.complete_time as completeTime, td.update_time as updateTime,ta.code AS tagCode FROM todo AS td INNER JOIN tag AS ta ON td.tag = ta.code WHERE status = ? ORDER BY create_time DESC LIMIT ?,?
2025-11-25T15:47:34.599+08:00 DEBUG 25476 --- [todo] [http-nio-8065-exec-7] c.t.demo.todo.mapper.ToDoMapper.query    : ==> Parameters: 20(String), 0(Integer), 2(Integer)
2025-11-25T15:47:34.606+08:00 DEBUG 25476 --- [todo] [http-nio-8065-exec-7] c.t.demo.todo.mapper.ToDoMapper.query    : <==      Total: 2
2025-11-25T15:47:34.608+08:00 DEBUG 25476 --- [todo] [http-nio-8065-exec-7] c.t.d.todo.mapper.ToDoMapper.countAll    : ==>  Preparing: SELECT COUNT(*) FROM todo WHERE status = ?
2025-11-25T15:47:34.608+08:00 DEBUG 25476 --- [todo] [http-nio-8065-exec-7] c.t.d.todo.mapper.ToDoMapper.countAll    : ==> Parameters: 20(String)
2025-11-25T15:47:34.611+08:00 DEBUG 25476 --- [todo] [http-nio-8065-exec-7] c.t.d.todo.mapper.ToDoMapper.countAll    : <==      Total: 1
2025-11-25T15:47:36.814+08:00 DEBUG 25476 --- [todo] [http-nio-8065-exec-6] c.t.demo.todo.controller.ToDoController  : 查询参数:ToDoQuery(id=null, title=, tag=null, messageLevel=null, message=, tagCode=, status=20, pageNumber=1, pageSize=3)
2025-11-25T15:47:36.816+08:00 DEBUG 25476 --- [todo] [http-nio-8065-exec-6] c.t.demo.todo.mapper.ToDoMapper.query    : ==>  Preparing: SELECT td.id,td.title,td.status,td.message_level as messageLevel , td.tag,td.description,td.message,td.create_time as createTime, td.expire_time as expireTime,td.complete_time as completeTime, td.update_time as updateTime,ta.code AS tagCode FROM todo AS td INNER JOIN tag AS ta ON td.tag = ta.code WHERE status = ? ORDER BY create_time DESC LIMIT ?,?
2025-11-25T15:47:36.817+08:00 DEBUG 25476 --- [todo] [http-nio-8065-exec-6] c.t.demo.todo.mapper.ToDoMapper.query    : ==> Parameters: 20(String), 0(Integer), 3(Integer)
2025-11-25T15:47:36.820+08:00 DEBUG 25476 --- [todo] [http-nio-8065-exec-6] c.t.demo.todo.mapper.ToDoMapper.query    : <==      Total: 3
2025-11-25T15:47:36.822+08:00 DEBUG 25476 --- [todo] [http-nio-8065-exec-6] c.t.d.todo.mapper.ToDoMapper.countAll    : ==>  Preparing: SELECT COUNT(*) FROM todo WHERE status = ?
2025-11-25T15:47:36.823+08:00 DEBUG 25476 --- [todo] [http-nio-8065-exec-6] c.t.d.todo.mapper.ToDoMapper.countAll    : ==> Parameters: 20(String)
2025-11-25T15:47:36.824+08:00 DEBUG 25476 --- [todo] [http-nio-8065-exec-6] c.t.d.todo.mapper.ToDoMapper.countAll    : <==      Total: 1
2025-11-25T15:47:38.865+08:00 DEBUG 25476 --- [todo] [pool-1-thread-3] c.t.d.todo.mapper.ToDoMapper.countAll    : ==>  Preparing: SELECT COUNT(*) FROM todo WHERE status = ?
2025-11-25T15:47:38.865+08:00 DEBUG 25476 --- [todo] [pool-1-thread-3] c.t.d.todo.mapper.ToDoMapper.countAll    : ==> Parameters: 10(String)
2025-11-25T15:47:38.866+08:00 DEBUG 25476 --- [todo] [pool-1-thread-3] c.t.d.todo.mapper.ToDoMapper.countAll    : <==      Total: 1
2025-11-25T15:47:39.878+08:00 DEBUG 25476 --- [todo] [http-nio-8065-exec-8] c.t.demo.todo.controller.ToDoController  : 查询参数:ToDoQuery(id=null, title=, tag=null, messageLevel=null, message=, tagCode=, status=20, pageNumber=1, pageSize=2)
2025-11-25T15:47:39.880+08:00 DEBUG 25476 --- [todo] [http-nio-8065-exec-8] c.t.demo.todo.mapper.ToDoMapper.query    : ==>  Preparing: SELECT td.id,td.title,td.status,td.message_level as messageLevel , td.tag,td.description,td.message,td.create_time as createTime, td.expire_time as expireTime,td.complete_time as completeTime, td.update_time as updateTime,ta.code AS tagCode FROM todo AS td INNER JOIN tag AS ta ON td.tag = ta.code WHERE status = ? ORDER BY create_time DESC LIMIT ?,?
2025-11-25T15:47:39.881+08:00 DEBUG 25476 --- [todo] [http-nio-8065-exec-8] c.t.demo.todo.mapper.ToDoMapper.query    : ==> Parameters: 20(String), 0(Integer), 2(Integer)
2025-11-25T15:47:39.883+08:00 DEBUG 25476 --- [todo] [http-nio-8065-exec-8] c.t.demo.todo.mapper.ToDoMapper.query    : <==      Total: 2
2025-11-25T15:47:39.884+08:00 DEBUG 25476 --- [todo] [http-nio-8065-exec-8] c.t.d.todo.mapper.ToDoMapper.countAll    : ==>  Preparing: SELECT COUNT(*) FROM todo WHERE status = ?
2025-11-25T15:47:39.885+08:00 DEBUG 25476 --- [todo] [http-nio-8065-exec-8] c.t.d.todo.mapper.ToDoMapper.countAll    : ==> Parameters: 20(String)
2025-11-25T15:47:39.886+08:00 DEBUG 25476 --- [todo] [http-nio-8065-exec-8] c.t.d.todo.mapper.ToDoMapper.countAll    : <==      Total: 1
2025-11-25T15:47:41.633+08:00 DEBUG 25476 --- [todo] [http-nio-8065-exec-2] c.t.demo.todo.controller.ToDoController  : 查询参数:ToDoQuery(id=null, title=, tag=null, messageLevel=null, message=, tagCode=, status=20, pageNumber=1, pageSize=6)
2025-11-25T15:47:41.635+08:00 DEBUG 25476 --- [todo] [http-nio-8065-exec-2] c.t.demo.todo.mapper.ToDoMapper.query    : ==>  Preparing: SELECT td.id,td.title,td.status,td.message_level as messageLevel , td.tag,td.description,td.message,td.create_time as createTime, td.expire_time as expireTime,td.complete_time as completeTime, td.update_time as updateTime,ta.code AS tagCode FROM todo AS td INNER JOIN tag AS ta ON td.tag = ta.code WHERE status = ? ORDER BY create_time DESC LIMIT ?,?
2025-11-25T15:47:41.636+08:00 DEBUG 25476 --- [todo] [http-nio-8065-exec-2] c.t.demo.todo.mapper.ToDoMapper.query    : ==> Parameters: 20(String), 0(Integer), 6(Integer)
2025-11-25T15:47:41.640+08:00 DEBUG 25476 --- [todo] [http-nio-8065-exec-2] c.t.demo.todo.mapper.ToDoMapper.query    : <==      Total: 3
2025-11-25T15:47:41.642+08:00 DEBUG 25476 --- [todo] [http-nio-8065-exec-2] c.t.d.todo.mapper.ToDoMapper.countAll    : ==>  Preparing: SELECT COUNT(*) FROM todo WHERE status = ?
2025-11-25T15:47:41.642+08:00 DEBUG 25476 --- [todo] [http-nio-8065-exec-2] c.t.d.todo.mapper.ToDoMapper.countAll    : ==> Parameters: 20(String)
2025-11-25T15:47:41.644+08:00 DEBUG 25476 --- [todo] [http-nio-8065-exec-2] c.t.d.todo.mapper.ToDoMapper.countAll    : <==      Total: 1
2025-11-25T15:47:43.760+08:00 DEBUG 25476 --- [todo] [http-nio-8065-exec-10] c.t.demo.todo.controller.ToDoController  : 查询参数:ToDoQuery(id=null, title=, tag=null, messageLevel=null, message=, tagCode=, status=20, pageNumber=1, pageSize=2)
2025-11-25T15:47:43.762+08:00 DEBUG 25476 --- [todo] [http-nio-8065-exec-10] c.t.demo.todo.mapper.ToDoMapper.query    : ==>  Preparing: SELECT td.id,td.title,td.status,td.message_level as messageLevel , td.tag,td.description,td.message,td.create_time as createTime, td.expire_time as expireTime,td.complete_time as completeTime, td.update_time as updateTime,ta.code AS tagCode FROM todo AS td INNER JOIN tag AS ta ON td.tag = ta.code WHERE status = ? ORDER BY create_time DESC LIMIT ?,?
2025-11-25T15:47:43.762+08:00 DEBUG 25476 --- [todo] [http-nio-8065-exec-10] c.t.demo.todo.mapper.ToDoMapper.query    : ==> Parameters: 20(String), 0(Integer), 2(Integer)
2025-11-25T15:47:43.765+08:00 DEBUG 25476 --- [todo] [http-nio-8065-exec-10] c.t.demo.todo.mapper.ToDoMapper.query    : <==      Total: 2
2025-11-25T15:47:43.766+08:00 DEBUG 25476 --- [todo] [http-nio-8065-exec-10] c.t.d.todo.mapper.ToDoMapper.countAll    : ==>  Preparing: SELECT COUNT(*) FROM todo WHERE status = ?
2025-11-25T15:47:43.767+08:00 DEBUG 25476 --- [todo] [http-nio-8065-exec-10] c.t.d.todo.mapper.ToDoMapper.countAll    : ==> Parameters: 20(String)
2025-11-25T15:47:43.768+08:00 DEBUG 25476 --- [todo] [http-nio-8065-exec-10] c.t.d.todo.mapper.ToDoMapper.countAll    : <==      Total: 1
2025-11-25T15:47:46.393+08:00 DEBUG 25476 --- [todo] [http-nio-8065-exec-1] c.t.demo.todo.controller.ToDoController  : 查询参数:ToDoQuery(id=220, title=, tag=null, messageLevel=null, message=, tagCode=, status=20, pageNumber=1, pageSize=2)
2025-11-25T15:47:46.396+08:00 DEBUG 25476 --- [todo] [http-nio-8065-exec-1] c.t.demo.todo.mapper.ToDoMapper.query    : ==>  Preparing: SELECT td.id,td.title,td.status,td.message_level as messageLevel , td.tag,td.description,td.message,td.create_time as createTime, td.expire_time as expireTime,td.complete_time as completeTime, td.update_time as updateTime,ta.code AS tagCode FROM todo AS td INNER JOIN tag AS ta ON td.tag = ta.code WHERE td.id = ? AND status = ? ORDER BY create_time DESC LIMIT ?,?
2025-11-25T15:47:46.400+08:00 DEBUG 25476 --- [todo] [http-nio-8065-exec-1] c.t.demo.todo.mapper.ToDoMapper.query    : ==> Parameters: 220(Long), 20(String), 0(Integer), 2(Integer)
2025-11-25T15:47:46.403+08:00 DEBUG 25476 --- [todo] [http-nio-8065-exec-1] c.t.demo.todo.mapper.ToDoMapper.query    : <==      Total: 1
2025-11-25T15:47:46.405+08:00 DEBUG 25476 --- [todo] [http-nio-8065-exec-1] c.t.d.todo.mapper.ToDoMapper.countAll    : ==>  Preparing: SELECT COUNT(*) FROM todo WHERE id = ? AND status = ?
2025-11-25T15:47:46.405+08:00 DEBUG 25476 --- [todo] [http-nio-8065-exec-1] c.t.d.todo.mapper.ToDoMapper.countAll    : ==> Parameters: 220(Long), 20(String)
2025-11-25T15:47:46.406+08:00 DEBUG 25476 --- [todo] [http-nio-8065-exec-1] c.t.d.todo.mapper.ToDoMapper.countAll    : <==      Total: 1
2025-11-25T15:47:47.950+08:00 DEBUG 25476 --- [todo] [http-nio-8065-exec-4] c.t.demo.todo.controller.ToDoController  : 查询参数:ToDoQuery(id=null, title=, tag=null, messageLevel=null, message=, tagCode=, status=20, pageNumber=1, pageSize=2)
2025-11-25T15:47:47.952+08:00 DEBUG 25476 --- [todo] [http-nio-8065-exec-4] c.t.demo.todo.mapper.ToDoMapper.query    : ==>  Preparing: SELECT td.id,td.title,td.status,td.message_level as messageLevel , td.tag,td.description,td.message,td.create_time as createTime, td.expire_time as expireTime,td.complete_time as completeTime, td.update_time as updateTime,ta.code AS tagCode FROM todo AS td INNER JOIN tag AS ta ON td.tag = ta.code WHERE status = ? ORDER BY create_time DESC LIMIT ?,?
2025-11-25T15:47:47.953+08:00 DEBUG 25476 --- [todo] [http-nio-8065-exec-4] c.t.demo.todo.mapper.ToDoMapper.query    : ==> Parameters: 20(String), 0(Integer), 2(Integer)
2025-11-25T15:47:47.958+08:00 DEBUG 25476 --- [todo] [http-nio-8065-exec-4] c.t.demo.todo.mapper.ToDoMapper.query    : <==      Total: 2
2025-11-25T15:47:47.959+08:00 DEBUG 25476 --- [todo] [http-nio-8065-exec-4] c.t.d.todo.mapper.ToDoMapper.countAll    : ==>  Preparing: SELECT COUNT(*) FROM todo WHERE status = ?
2025-11-25T15:47:47.959+08:00 DEBUG 25476 --- [todo] [http-nio-8065-exec-4] c.t.d.todo.mapper.ToDoMapper.countAll    : ==> Parameters: 20(String)
2025-11-25T15:47:47.960+08:00 DEBUG 25476 --- [todo] [http-nio-8065-exec-4] c.t.d.todo.mapper.ToDoMapper.countAll    : <==      Total: 1
2025-11-25T15:47:48.729+08:00 DEBUG 25476 --- [todo] [http-nio-8065-exec-3] c.t.demo.todo.controller.ToDoController  : 查询参数:ToDoQuery(id=145, title=, tag=null, messageLevel=null, message=, tagCode=, status=20, pageNumber=1, pageSize=2)
2025-11-25T15:47:48.732+08:00 DEBUG 25476 --- [todo] [http-nio-8065-exec-3] c.t.demo.todo.mapper.ToDoMapper.query    : ==>  Preparing: SELECT td.id,td.title,td.status,td.message_level as messageLevel , td.tag,td.description,td.message,td.create_time as createTime, td.expire_time as expireTime,td.complete_time as completeTime, td.update_time as updateTime,ta.code AS tagCode FROM todo AS td INNER JOIN tag AS ta ON td.tag = ta.code WHERE td.id = ? AND status = ? ORDER BY create_time DESC LIMIT ?,?
2025-11-25T15:47:48.733+08:00 DEBUG 25476 --- [todo] [http-nio-8065-exec-3] c.t.demo.todo.mapper.ToDoMapper.query    : ==> Parameters: 145(Long), 20(String), 0(Integer), 2(Integer)
2025-11-25T15:47:48.737+08:00 DEBUG 25476 --- [todo] [http-nio-8065-exec-3] c.t.demo.todo.mapper.ToDoMapper.query    : <==      Total: 1
2025-11-25T15:47:48.738+08:00 DEBUG 25476 --- [todo] [http-nio-8065-exec-3] c.t.d.todo.mapper.ToDoMapper.countAll    : ==>  Preparing: SELECT COUNT(*) FROM todo WHERE id = ? AND status = ?
2025-11-25T15:47:48.739+08:00 DEBUG 25476 --- [todo] [http-nio-8065-exec-3] c.t.d.todo.mapper.ToDoMapper.countAll    : ==> Parameters: 145(Long), 20(String)
2025-11-25T15:47:48.740+08:00 DEBUG 25476 --- [todo] [http-nio-8065-exec-3] c.t.d.todo.mapper.ToDoMapper.countAll    : <==      Total: 1
2025-11-25T15:47:48.874+08:00 DEBUG 25476 --- [todo] [pool-1-thread-3] c.t.d.todo.mapper.ToDoMapper.countAll    : ==>  Preparing: SELECT COUNT(*) FROM todo WHERE status = ?
2025-11-25T15:47:48.876+08:00 DEBUG 25476 --- [todo] [pool-1-thread-3] c.t.d.todo.mapper.ToDoMapper.countAll    : ==> Parameters: 10(String)
2025-11-25T15:47:48.877+08:00 DEBUG 25476 --- [todo] [pool-1-thread-3] c.t.d.todo.mapper.ToDoMapper.countAll    : <==      Total: 1
2025-11-25T15:47:51.530+08:00 DEBUG 25476 --- [todo] [http-nio-8065-exec-9] c.t.demo.todo.controller.ToDoController  : 查询参数:ToDoQuery(id=145, title=, tag=null, messageLevel=null, message=, tagCode=10, status=20, pageNumber=1, pageSize=2)
2025-11-25T15:47:51.532+08:00 DEBUG 25476 --- [todo] [http-nio-8065-exec-9] c.t.demo.todo.mapper.ToDoMapper.query    : ==>  Preparing: SELECT td.id,td.title,td.status,td.message_level as messageLevel , td.tag,td.description,td.message,td.create_time as createTime, td.expire_time as expireTime,td.complete_time as completeTime, td.update_time as updateTime,ta.code AS tagCode FROM todo AS td INNER JOIN tag AS ta ON td.tag = ta.code WHERE td.id = ? AND status = ? AND tag = ? ORDER BY create_time DESC LIMIT ?,?
2025-11-25T15:47:51.532+08:00 DEBUG 25476 --- [todo] [http-nio-8065-exec-9] c.t.demo.todo.mapper.ToDoMapper.query    : ==> Parameters: 145(Long), 20(String), 10(String), 0(Integer), 2(Integer)
2025-11-25T15:47:51.538+08:00 DEBUG 25476 --- [todo] [http-nio-8065-exec-9] c.t.demo.todo.mapper.ToDoMapper.query    : <==      Total: 1
2025-11-25T15:47:51.539+08:00 DEBUG 25476 --- [todo] [http-nio-8065-exec-9] c.t.d.todo.mapper.ToDoMapper.countAll    : ==>  Preparing: SELECT COUNT(*) FROM todo WHERE id = ? AND status = ? AND tag = ?
2025-11-25T15:47:51.539+08:00 DEBUG 25476 --- [todo] [http-nio-8065-exec-9] c.t.d.todo.mapper.ToDoMapper.countAll    : ==> Parameters: 145(Long), 20(String), 10(String)
2025-11-25T15:47:51.541+08:00 DEBUG 25476 --- [todo] [http-nio-8065-exec-9] c.t.d.todo.mapper.ToDoMapper.countAll    : <==      Total: 1
2025-11-25T15:47:52.432+08:00 DEBUG 25476 --- [todo] [http-nio-8065-exec-5] c.t.demo.todo.controller.ToDoController  : 查询参数:ToDoQuery(id=145, title=, tag=null, messageLevel=null, message=, tagCode=10, status=20, pageNumber=1, pageSize=2)
2025-11-25T15:47:52.435+08:00 DEBUG 25476 --- [todo] [http-nio-8065-exec-5] c.t.demo.todo.mapper.ToDoMapper.query    : ==>  Preparing: SELECT td.id,td.title,td.status,td.message_level as messageLevel , td.tag,td.description,td.message,td.create_time as createTime, td.expire_time as expireTime,td.complete_time as completeTime, td.update_time as updateTime,ta.code AS tagCode FROM todo AS td INNER JOIN tag AS ta ON td.tag = ta.code WHERE td.id = ? AND status = ? AND tag = ? ORDER BY create_time DESC LIMIT ?,?
2025-11-25T15:47:52.435+08:00 DEBUG 25476 --- [todo] [http-nio-8065-exec-5] c.t.demo.todo.mapper.ToDoMapper.query    : ==> Parameters: 145(Long), 20(String), 10(String), 0(Integer), 2(Integer)
2025-11-25T15:47:52.439+08:00 DEBUG 25476 --- [todo] [http-nio-8065-exec-5] c.t.demo.todo.mapper.ToDoMapper.query    : <==      Total: 1
2025-11-25T15:47:52.440+08:00 DEBUG 25476 --- [todo] [http-nio-8065-exec-5] c.t.d.todo.mapper.ToDoMapper.countAll    : ==>  Preparing: SELECT COUNT(*) FROM todo WHERE id = ? AND status = ? AND tag = ?
2025-11-25T15:47:52.440+08:00 DEBUG 25476 --- [todo] [http-nio-8065-exec-5] c.t.d.todo.mapper.ToDoMapper.countAll    : ==> Parameters: 145(Long), 20(String), 10(String)
2025-11-25T15:47:52.441+08:00 DEBUG 25476 --- [todo] [http-nio-8065-exec-5] c.t.d.todo.mapper.ToDoMapper.countAll    : <==      Total: 1
2025-11-25T15:47:55.105+08:00 DEBUG 25476 --- [todo] [http-nio-8065-exec-7] c.t.demo.todo.controller.ToDoController  : 查询参数:ToDoQuery(id=null, title=, tag=null, messageLevel=null, message=, tagCode=, status=20, pageNumber=1, pageSize=2)
2025-11-25T15:47:55.107+08:00 DEBUG 25476 --- [todo] [http-nio-8065-exec-7] c.t.demo.todo.mapper.ToDoMapper.query    : ==>  Preparing: SELECT td.id,td.title,td.status,td.message_level as messageLevel , td.tag,td.description,td.message,td.create_time as createTime, td.expire_time as expireTime,td.complete_time as completeTime, td.update_time as updateTime,ta.code AS tagCode FROM todo AS td INNER JOIN tag AS ta ON td.tag = ta.code WHERE status = ? ORDER BY create_time DESC LIMIT ?,?
2025-11-25T15:47:55.108+08:00 DEBUG 25476 --- [todo] [http-nio-8065-exec-7] c.t.demo.todo.mapper.ToDoMapper.query    : ==> Parameters: 20(String), 0(Integer), 2(Integer)
2025-11-25T15:47:55.112+08:00 DEBUG 25476 --- [todo] [http-nio-8065-exec-7] c.t.demo.todo.mapper.ToDoMapper.query    : <==      Total: 2
2025-11-25T15:47:55.113+08:00 DEBUG 25476 --- [todo] [http-nio-8065-exec-7] c.t.d.todo.mapper.ToDoMapper.countAll    : ==>  Preparing: SELECT COUNT(*) FROM todo WHERE status = ?
2025-11-25T15:47:55.113+08:00 DEBUG 25476 --- [todo] [http-nio-8065-exec-7] c.t.d.todo.mapper.ToDoMapper.countAll    : ==> Parameters: 20(String)
2025-11-25T15:47:55.115+08:00 DEBUG 25476 --- [todo] [http-nio-8065-exec-7] c.t.d.todo.mapper.ToDoMapper.countAll    : <==      Total: 1
2025-11-25T15:47:57.675+08:00 DEBUG 25476 --- [todo] [http-nio-8065-exec-6] c.t.demo.todo.controller.ToDoController  : 查询参数:ToDoQuery(id=null, title=, tag=null, messageLevel=null, message=, tagCode=, status=20, pageNumber=2, pageSize=2)
2025-11-25T15:47:57.677+08:00 DEBUG 25476 --- [todo] [http-nio-8065-exec-6] c.t.demo.todo.mapper.ToDoMapper.query    : ==>  Preparing: SELECT td.id,td.title,td.status,td.message_level as messageLevel , td.tag,td.description,td.message,td.create_time as createTime, td.expire_time as expireTime,td.complete_time as completeTime, td.update_time as updateTime,ta.code AS tagCode FROM todo AS td INNER JOIN tag AS ta ON td.tag = ta.code WHERE status = ? ORDER BY create_time DESC LIMIT ?,?
2025-11-25T15:47:57.677+08:00 DEBUG 25476 --- [todo] [http-nio-8065-exec-6] c.t.demo.todo.mapper.ToDoMapper.query    : ==> Parameters: 20(String), 2(Integer), 2(Integer)
2025-11-25T15:47:57.679+08:00 DEBUG 25476 --- [todo] [http-nio-8065-exec-6] c.t.demo.todo.mapper.ToDoMapper.query    : <==      Total: 1
2025-11-25T15:47:57.680+08:00 DEBUG 25476 --- [todo] [http-nio-8065-exec-6] c.t.d.todo.mapper.ToDoMapper.countAll    : ==>  Preparing: SELECT COUNT(*) FROM todo WHERE status = ?
2025-11-25T15:47:57.681+08:00 DEBUG 25476 --- [todo] [http-nio-8065-exec-6] c.t.d.todo.mapper.ToDoMapper.countAll    : ==> Parameters: 20(String)
2025-11-25T15:47:57.682+08:00 DEBUG 25476 --- [todo] [http-nio-8065-exec-6] c.t.d.todo.mapper.ToDoMapper.countAll    : <==      Total: 1
2025-11-25T15:47:58.865+08:00 DEBUG 25476 --- [todo] [pool-1-thread-3] c.t.d.todo.mapper.ToDoMapper.countAll    : ==>  Preparing: SELECT COUNT(*) FROM todo WHERE status = ?
2025-11-25T15:47:58.866+08:00 DEBUG 25476 --- [todo] [pool-1-thread-3] c.t.d.todo.mapper.ToDoMapper.countAll    : ==> Parameters: 10(String)
2025-11-25T15:47:58.869+08:00 DEBUG 25476 --- [todo] [pool-1-thread-3] c.t.d.todo.mapper.ToDoMapper.countAll    : <==      Total: 1
2025-11-25T15:47:59.203+08:00 DEBUG 25476 --- [todo] [http-nio-8065-exec-8] c.t.demo.todo.controller.ToDoController  : 查询参数:ToDoQuery(id=null, title=, tag=null, messageLevel=null, message=, tagCode=, status=20, pageNumber=1, pageSize=2)
2025-11-25T15:47:59.204+08:00 DEBUG 25476 --- [todo] [http-nio-8065-exec-8] c.t.demo.todo.mapper.ToDoMapper.query    : ==>  Preparing: SELECT td.id,td.title,td.status,td.message_level as messageLevel , td.tag,td.description,td.message,td.create_time as createTime, td.expire_time as expireTime,td.complete_time as completeTime, td.update_time as updateTime,ta.code AS tagCode FROM todo AS td INNER JOIN tag AS ta ON td.tag = ta.code WHERE status = ? ORDER BY create_time DESC LIMIT ?,?
2025-11-25T15:47:59.205+08:00 DEBUG 25476 --- [todo] [http-nio-8065-exec-8] c.t.demo.todo.mapper.ToDoMapper.query    : ==> Parameters: 20(String), 0(Integer), 2(Integer)
2025-11-25T15:47:59.207+08:00 DEBUG 25476 --- [todo] [http-nio-8065-exec-8] c.t.demo.todo.mapper.ToDoMapper.query    : <==      Total: 2
2025-11-25T15:47:59.209+08:00 DEBUG 25476 --- [todo] [http-nio-8065-exec-8] c.t.d.todo.mapper.ToDoMapper.countAll    : ==>  Preparing: SELECT COUNT(*) FROM todo WHERE status = ?
2025-11-25T15:47:59.209+08:00 DEBUG 25476 --- [todo] [http-nio-8065-exec-8] c.t.d.todo.mapper.ToDoMapper.countAll    : ==> Parameters: 20(String)
2025-11-25T15:47:59.210+08:00 DEBUG 25476 --- [todo] [http-nio-8065-exec-8] c.t.d.todo.mapper.ToDoMapper.countAll    : <==      Total: 1
2025-11-25T15:48:00.187+08:00 DEBUG 25476 --- [todo] [http-nio-8065-exec-2] c.t.demo.todo.controller.ToDoController  : 查询参数:ToDoQuery(id=null, title=, tag=null, messageLevel=null, message=, tagCode=, status=30, pageNumber=1, pageSize=2)
2025-11-25T15:48:00.192+08:00 DEBUG 25476 --- [todo] [http-nio-8065-exec-2] c.t.demo.todo.mapper.ToDoMapper.query    : ==>  Preparing: SELECT td.id,td.title,td.status,td.message_level as messageLevel , td.tag,td.description,td.message,td.create_time as createTime, td.expire_time as expireTime,td.complete_time as completeTime, td.update_time as updateTime,ta.code AS tagCode FROM todo AS td INNER JOIN tag AS ta ON td.tag = ta.code WHERE status = ? ORDER BY create_time DESC LIMIT ?,?
2025-11-25T15:48:00.194+08:00 DEBUG 25476 --- [todo] [http-nio-8065-exec-2] c.t.demo.todo.mapper.ToDoMapper.query    : ==> Parameters: 30(String), 0(Integer), 2(Integer)
2025-11-25T15:48:00.196+08:00 DEBUG 25476 --- [todo] [http-nio-8065-exec-2] c.t.demo.todo.mapper.ToDoMapper.query    : <==      Total: 1
2025-11-25T15:48:00.197+08:00 DEBUG 25476 --- [todo] [http-nio-8065-exec-2] c.t.d.todo.mapper.ToDoMapper.countAll    : ==>  Preparing: SELECT COUNT(*) FROM todo WHERE status = ?
2025-11-25T15:48:00.197+08:00 DEBUG 25476 --- [todo] [http-nio-8065-exec-2] c.t.d.todo.mapper.ToDoMapper.countAll    : ==> Parameters: 30(String)
2025-11-25T15:48:00.200+08:00 DEBUG 25476 --- [todo] [http-nio-8065-exec-2] c.t.d.todo.mapper.ToDoMapper.countAll    : <==      Total: 1
2025-11-25T15:48:01.879+08:00 DEBUG 25476 --- [todo] [http-nio-8065-exec-10] c.t.demo.todo.controller.ToDoController  : 查询参数:ToDoQuery(id=null, title=, tag=null, messageLevel=null, message=, tagCode=, status=10, pageNumber=1, pageSize=2)
2025-11-25T15:48:01.883+08:00 DEBUG 25476 --- [todo] [http-nio-8065-exec-10] c.t.demo.todo.mapper.ToDoMapper.query    : ==>  Preparing: SELECT td.id,td.title,td.status,td.message_level as messageLevel , td.tag,td.description,td.message,td.create_time as createTime, td.expire_time as expireTime,td.complete_time as completeTime, td.update_time as updateTime,ta.code AS tagCode FROM todo AS td INNER JOIN tag AS ta ON td.tag = ta.code WHERE status = ? ORDER BY create_time DESC LIMIT ?,?
2025-11-25T15:48:01.888+08:00 DEBUG 25476 --- [todo] [http-nio-8065-exec-10] c.t.demo.todo.mapper.ToDoMapper.query    : ==> Parameters: 10(String), 0(Integer), 2(Integer)
2025-11-25T15:48:01.895+08:00 DEBUG 25476 --- [todo] [http-nio-8065-exec-10] c.t.demo.todo.mapper.ToDoMapper.query    : <==      Total: 1
2025-11-25T15:48:01.898+08:00 DEBUG 25476 --- [todo] [http-nio-8065-exec-10] c.t.d.todo.mapper.ToDoMapper.countAll    : ==>  Preparing: SELECT COUNT(*) FROM todo WHERE status = ?
2025-11-25T15:48:01.899+08:00 DEBUG 25476 --- [todo] [http-nio-8065-exec-10] c.t.d.todo.mapper.ToDoMapper.countAll    : ==> Parameters: 10(String)
2025-11-25T15:48:01.900+08:00 DEBUG 25476 --- [todo] [http-nio-8065-exec-10] c.t.d.todo.mapper.ToDoMapper.countAll    : <==      Total: 1
2025-11-25T15:48:08.875+08:00 DEBUG 25476 --- [todo] [pool-1-thread-3] c.t.d.todo.mapper.ToDoMapper.countAll    : ==>  Preparing: SELECT COUNT(*) FROM todo WHERE status = ?
2025-11-25T15:48:08.876+08:00 DEBUG 25476 --- [todo] [pool-1-thread-3] c.t.d.todo.mapper.ToDoMapper.countAll    : ==> Parameters: 10(String)
2025-11-25T15:48:08.877+08:00 DEBUG 25476 --- [todo] [pool-1-thread-3] c.t.d.todo.mapper.ToDoMapper.countAll    : <==      Total: 1
2025-11-25T15:48:09.135+08:00 DEBUG 25476 --- [todo] [http-nio-8065-exec-1] c.t.demo.todo.controller.ToDoController  : 查询参数:ToDoQuery(id=null, title=, tag=null, messageLevel=null, message=, tagCode=, status=20, pageNumber=1, pageSize=2)
2025-11-25T15:48:09.138+08:00 DEBUG 25476 --- [todo] [http-nio-8065-exec-1] c.t.demo.todo.mapper.ToDoMapper.query    : ==>  Preparing: SELECT td.id,td.title,td.status,td.message_level as messageLevel , td.tag,td.description,td.message,td.create_time as createTime, td.expire_time as expireTime,td.complete_time as completeTime, td.update_time as updateTime,ta.code AS tagCode FROM todo AS td INNER JOIN tag AS ta ON td.tag = ta.code WHERE status = ? ORDER BY create_time DESC LIMIT ?,?
2025-11-25T15:48:09.139+08:00 DEBUG 25476 --- [todo] [http-nio-8065-exec-1] c.t.demo.todo.mapper.ToDoMapper.query    : ==> Parameters: 20(String), 0(Integer), 2(Integer)
2025-11-25T15:48:09.142+08:00 DEBUG 25476 --- [todo] [http-nio-8065-exec-1] c.t.demo.todo.mapper.ToDoMapper.query    : <==      Total: 2
2025-11-25T15:48:09.145+08:00 DEBUG 25476 --- [todo] [http-nio-8065-exec-1] c.t.d.todo.mapper.ToDoMapper.countAll    : ==>  Preparing: SELECT COUNT(*) FROM todo WHERE status = ?
2025-11-25T15:48:09.146+08:00 DEBUG 25476 --- [todo] [http-nio-8065-exec-1] c.t.d.todo.mapper.ToDoMapper.countAll    : ==> Parameters: 20(String)
2025-11-25T15:48:09.148+08:00 DEBUG 25476 --- [todo] [http-nio-8065-exec-1] c.t.d.todo.mapper.ToDoMapper.countAll    : <==      Total: 1
2025-11-25T15:48:10.504+08:00 DEBUG 25476 --- [todo] [http-nio-8065-exec-4] c.t.demo.todo.controller.ToDoController  : 查询参数:ToDoQuery(id=null, title=, tag=null, messageLevel=null, message=, tagCode=, status=30, pageNumber=1, pageSize=2)
2025-11-25T15:48:10.506+08:00 DEBUG 25476 --- [todo] [http-nio-8065-exec-4] c.t.demo.todo.mapper.ToDoMapper.query    : ==>  Preparing: SELECT td.id,td.title,td.status,td.message_level as messageLevel , td.tag,td.description,td.message,td.create_time as createTime, td.expire_time as expireTime,td.complete_time as completeTime, td.update_time as updateTime,ta.code AS tagCode FROM todo AS td INNER JOIN tag AS ta ON td.tag = ta.code WHERE status = ? ORDER BY create_time DESC LIMIT ?,?
2025-11-25T15:48:10.507+08:00 DEBUG 25476 --- [todo] [http-nio-8065-exec-4] c.t.demo.todo.mapper.ToDoMapper.query    : ==> Parameters: 30(String), 0(Integer), 2(Integer)
2025-11-25T15:48:10.509+08:00 DEBUG 25476 --- [todo] [http-nio-8065-exec-4] c.t.demo.todo.mapper.ToDoMapper.query    : <==      Total: 1
2025-11-25T15:48:10.510+08:00 DEBUG 25476 --- [todo] [http-nio-8065-exec-4] c.t.d.todo.mapper.ToDoMapper.countAll    : ==>  Preparing: SELECT COUNT(*) FROM todo WHERE status = ?
2025-11-25T15:48:10.511+08:00 DEBUG 25476 --- [todo] [http-nio-8065-exec-4] c.t.d.todo.mapper.ToDoMapper.countAll    : ==> Parameters: 30(String)
2025-11-25T15:48:10.513+08:00 DEBUG 25476 --- [todo] [http-nio-8065-exec-4] c.t.d.todo.mapper.ToDoMapper.countAll    : <==      Total: 1
2025-11-25T15:48:12.237+08:00 DEBUG 25476 --- [todo] [http-nio-8065-exec-3] c.t.demo.todo.controller.ToDoController  : 查询参数:ToDoQuery(id=null, title=, tag=null, messageLevel=null, message=, tagCode=, status=20, pageNumber=1, pageSize=2)
2025-11-25T15:48:12.242+08:00 DEBUG 25476 --- [todo] [http-nio-8065-exec-3] c.t.demo.todo.mapper.ToDoMapper.query    : ==>  Preparing: SELECT td.id,td.title,td.status,td.message_level as messageLevel , td.tag,td.description,td.message,td.create_time as createTime, td.expire_time as expireTime,td.complete_time as completeTime, td.update_time as updateTime,ta.code AS tagCode FROM todo AS td INNER JOIN tag AS ta ON td.tag = ta.code WHERE status = ? ORDER BY create_time DESC LIMIT ?,?
2025-11-25T15:48:12.243+08:00 DEBUG 25476 --- [todo] [http-nio-8065-exec-3] c.t.demo.todo.mapper.ToDoMapper.query    : ==> Parameters: 20(String), 0(Integer), 2(Integer)
2025-11-25T15:48:12.245+08:00 DEBUG 25476 --- [todo] [http-nio-8065-exec-3] c.t.demo.todo.mapper.ToDoMapper.query    : <==      Total: 2
2025-11-25T15:48:12.246+08:00 DEBUG 25476 --- [todo] [http-nio-8065-exec-3] c.t.d.todo.mapper.ToDoMapper.countAll    : ==>  Preparing: SELECT COUNT(*) FROM todo WHERE status = ?
2025-11-25T15:48:12.246+08:00 DEBUG 25476 --- [todo] [http-nio-8065-exec-3] c.t.d.todo.mapper.ToDoMapper.countAll    : ==> Parameters: 20(String)
2025-11-25T15:48:12.247+08:00 DEBUG 25476 --- [todo] [http-nio-8065-exec-3] c.t.d.todo.mapper.ToDoMapper.countAll    : <==      Total: 1
2025-11-25T15:48:12.732+08:00 DEBUG 25476 --- [todo] [http-nio-8065-exec-9] c.t.demo.todo.controller.ToDoController  : 查询参数:ToDoQuery(id=null, title=, tag=null, messageLevel=null, message=, tagCode=, status=30, pageNumber=1, pageSize=2)
2025-11-25T15:48:12.734+08:00 DEBUG 25476 --- [todo] [http-nio-8065-exec-9] c.t.demo.todo.mapper.ToDoMapper.query    : ==>  Preparing: SELECT td.id,td.title,td.status,td.message_level as messageLevel , td.tag,td.description,td.message,td.create_time as createTime, td.expire_time as expireTime,td.complete_time as completeTime, td.update_time as updateTime,ta.code AS tagCode FROM todo AS td INNER JOIN tag AS ta ON td.tag = ta.code WHERE status = ? ORDER BY create_time DESC LIMIT ?,?
2025-11-25T15:48:12.735+08:00 DEBUG 25476 --- [todo] [http-nio-8065-exec-9] c.t.demo.todo.mapper.ToDoMapper.query    : ==> Parameters: 30(String), 0(Integer), 2(Integer)
2025-11-25T15:48:12.736+08:00 DEBUG 25476 --- [todo] [http-nio-8065-exec-9] c.t.demo.todo.mapper.ToDoMapper.query    : <==      Total: 1
2025-11-25T15:48:12.736+08:00 DEBUG 25476 --- [todo] [http-nio-8065-exec-9] c.t.d.todo.mapper.ToDoMapper.countAll    : ==>  Preparing: SELECT COUNT(*) FROM todo WHERE status = ?
2025-11-25T15:48:12.737+08:00 DEBUG 25476 --- [todo] [http-nio-8065-exec-9] c.t.d.todo.mapper.ToDoMapper.countAll    : ==> Parameters: 30(String)
2025-11-25T15:48:12.738+08:00 DEBUG 25476 --- [todo] [http-nio-8065-exec-9] c.t.d.todo.mapper.ToDoMapper.countAll    : <==      Total: 1
2025-11-25T15:48:14.455+08:00 DEBUG 25476 --- [todo] [http-nio-8065-exec-5] c.t.demo.todo.controller.ToDoController  : 查询参数:ToDoQuery(id=null, title=, tag=null, messageLevel=null, message=, tagCode=, status=20, pageNumber=1, pageSize=2)
2025-11-25T15:48:14.456+08:00 DEBUG 25476 --- [todo] [http-nio-8065-exec-5] c.t.demo.todo.mapper.ToDoMapper.query    : ==>  Preparing: SELECT td.id,td.title,td.status,td.message_level as messageLevel , td.tag,td.description,td.message,td.create_time as createTime, td.expire_time as expireTime,td.complete_time as completeTime, td.update_time as updateTime,ta.code AS tagCode FROM todo AS td INNER JOIN tag AS ta ON td.tag = ta.code WHERE status = ? ORDER BY create_time DESC LIMIT ?,?
2025-11-25T15:48:14.456+08:00 DEBUG 25476 --- [todo] [http-nio-8065-exec-5] c.t.demo.todo.mapper.ToDoMapper.query    : ==> Parameters: 20(String), 0(Integer), 2(Integer)
2025-11-25T15:48:14.459+08:00 DEBUG 25476 --- [todo] [http-nio-8065-exec-5] c.t.demo.todo.mapper.ToDoMapper.query    : <==      Total: 2
2025-11-25T15:48:14.459+08:00 DEBUG 25476 --- [todo] [http-nio-8065-exec-5] c.t.d.todo.mapper.ToDoMapper.countAll    : ==>  Preparing: SELECT COUNT(*) FROM todo WHERE status = ?
2025-11-25T15:48:14.460+08:00 DEBUG 25476 --- [todo] [http-nio-8065-exec-5] c.t.d.todo.mapper.ToDoMapper.countAll    : ==> Parameters: 20(String)
2025-11-25T15:48:14.460+08:00 DEBUG 25476 --- [todo] [http-nio-8065-exec-5] c.t.d.todo.mapper.ToDoMapper.countAll    : <==      Total: 1
2025-11-25T15:48:18.870+08:00 DEBUG 25476 --- [todo] [pool-1-thread-3] c.t.d.todo.mapper.ToDoMapper.countAll    : ==>  Preparing: SELECT COUNT(*) FROM todo WHERE status = ?
2025-11-25T15:48:18.871+08:00 DEBUG 25476 --- [todo] [pool-1-thread-3] c.t.d.todo.mapper.ToDoMapper.countAll    : ==> Parameters: 10(String)
2025-11-25T15:48:18.873+08:00 DEBUG 25476 --- [todo] [pool-1-thread-3] c.t.d.todo.mapper.ToDoMapper.countAll    : <==      Total: 1
2025-11-25T15:48:19.862+08:00 DEBUG 25476 --- [todo] [http-nio-8065-exec-7] c.t.demo.todo.controller.ToDoController  : 查询参数:ToDoQuery(id=null, title=, tag=null, messageLevel=null, message=, tagCode=, status=30, pageNumber=1, pageSize=2)
2025-11-25T15:48:19.863+08:00 DEBUG 25476 --- [todo] [http-nio-8065-exec-7] c.t.demo.todo.mapper.ToDoMapper.query    : ==>  Preparing: SELECT td.id,td.title,td.status,td.message_level as messageLevel , td.tag,td.description,td.message,td.create_time as createTime, td.expire_time as expireTime,td.complete_time as completeTime, td.update_time as updateTime,ta.code AS tagCode FROM todo AS td INNER JOIN tag AS ta ON td.tag = ta.code WHERE status = ? ORDER BY create_time DESC LIMIT ?,?
2025-11-25T15:48:19.863+08:00 DEBUG 25476 --- [todo] [http-nio-8065-exec-7] c.t.demo.todo.mapper.ToDoMapper.query    : ==> Parameters: 30(String), 0(Integer), 2(Integer)
2025-11-25T15:48:19.866+08:00 DEBUG 25476 --- [todo] [http-nio-8065-exec-7] c.t.demo.todo.mapper.ToDoMapper.query    : <==      Total: 1
2025-11-25T15:48:19.867+08:00 DEBUG 25476 --- [todo] [http-nio-8065-exec-7] c.t.d.todo.mapper.ToDoMapper.countAll    : ==>  Preparing: SELECT COUNT(*) FROM todo WHERE status = ?
2025-11-25T15:48:19.867+08:00 DEBUG 25476 --- [todo] [http-nio-8065-exec-7] c.t.d.todo.mapper.ToDoMapper.countAll    : ==> Parameters: 30(String)
2025-11-25T15:48:19.868+08:00 DEBUG 25476 --- [todo] [http-nio-8065-exec-7] c.t.d.todo.mapper.ToDoMapper.countAll    : <==      Total: 1
2025-11-25T15:48:21.688+08:00 DEBUG 25476 --- [todo] [http-nio-8065-exec-6] c.t.demo.todo.controller.ToDoController  : 查询参数:ToDoQuery(id=null, title=, tag=null, messageLevel=null, message=, tagCode=, status=20, pageNumber=1, pageSize=2)
2025-11-25T15:48:21.690+08:00 DEBUG 25476 --- [todo] [http-nio-8065-exec-6] c.t.demo.todo.mapper.ToDoMapper.query    : ==>  Preparing: SELECT td.id,td.title,td.status,td.message_level as messageLevel , td.tag,td.description,td.message,td.create_time as createTime, td.expire_time as expireTime,td.complete_time as completeTime, td.update_time as updateTime,ta.code AS tagCode FROM todo AS td INNER JOIN tag AS ta ON td.tag = ta.code WHERE status = ? ORDER BY create_time DESC LIMIT ?,?
2025-11-25T15:48:21.691+08:00 DEBUG 25476 --- [todo] [http-nio-8065-exec-6] c.t.demo.todo.mapper.ToDoMapper.query    : ==> Parameters: 20(String), 0(Integer), 2(Integer)
2025-11-25T15:48:21.693+08:00 DEBUG 25476 --- [todo] [http-nio-8065-exec-6] c.t.demo.todo.mapper.ToDoMapper.query    : <==      Total: 2
2025-11-25T15:48:21.694+08:00 DEBUG 25476 --- [todo] [http-nio-8065-exec-6] c.t.d.todo.mapper.ToDoMapper.countAll    : ==>  Preparing: SELECT COUNT(*) FROM todo WHERE status = ?
2025-11-25T15:48:21.694+08:00 DEBUG 25476 --- [todo] [http-nio-8065-exec-6] c.t.d.todo.mapper.ToDoMapper.countAll    : ==> Parameters: 20(String)
2025-11-25T15:48:21.696+08:00 DEBUG 25476 --- [todo] [http-nio-8065-exec-6] c.t.d.todo.mapper.ToDoMapper.countAll    : <==      Total: 1
2025-11-25T15:48:28.862+08:00 DEBUG 25476 --- [todo] [pool-1-thread-2] c.t.d.todo.mapper.ToDoMapper.countAll    : ==>  Preparing: SELECT COUNT(*) FROM todo WHERE status = ?
2025-11-25T15:48:28.862+08:00 DEBUG 25476 --- [todo] [pool-1-thread-1] c.t.demo.todo.mapper.ToDoMapper.query    : ==>  Preparing: SELECT td.id,td.title,td.status,td.message_level as messageLevel , td.tag,td.description,td.message,td.create_time as createTime, td.expire_time as expireTime,td.complete_time as completeTime, td.update_time as updateTime,ta.code AS tagCode FROM todo AS td INNER JOIN tag AS ta ON td.tag = ta.code WHERE status = ? ORDER BY create_time DESC
2025-11-25T15:48:28.865+08:00 DEBUG 25476 --- [todo] [pool-1-thread-1] c.t.demo.todo.mapper.ToDoMapper.query    : ==> Parameters: 10(String)
2025-11-25T15:48:28.866+08:00 DEBUG 25476 --- [todo] [pool-1-thread-2] c.t.d.todo.mapper.ToDoMapper.countAll    : ==> Parameters: 10(String)
2025-11-25T15:48:28.867+08:00 DEBUG 25476 --- [todo] [pool-1-thread-2] c.t.d.todo.mapper.ToDoMapper.countAll    : <==      Total: 1
2025-11-25T15:48:28.867+08:00 DEBUG 25476 --- [todo] [pool-1-thread-1] c.t.demo.todo.mapper.ToDoMapper.query    : <==      Total: 1
2025-11-25T15:48:38.866+08:00 DEBUG 25476 --- [todo] [pool-1-thread-2] c.t.d.todo.mapper.ToDoMapper.countAll    : ==>  Preparing: SELECT COUNT(*) FROM todo WHERE status = ?
2025-11-25T15:48:38.866+08:00 DEBUG 25476 --- [todo] [pool-1-thread-2] c.t.d.todo.mapper.ToDoMapper.countAll    : ==> Parameters: 10(String)
2025-11-25T15:48:38.866+08:00 DEBUG 25476 --- [todo] [pool-1-thread-2] c.t.d.todo.mapper.ToDoMapper.countAll    : <==      Total: 1
2025-11-25T15:48:43.714+08:00 DEBUG 25476 --- [todo] [http-nio-8065-exec-8] c.t.demo.todo.controller.ToDoController  : 查询参数:ToDoQuery(id=null, title=, tag=null, messageLevel=null, message=, tagCode=null, status=10, pageNumber=1, pageSize=2)
2025-11-25T15:48:43.715+08:00 DEBUG 25476 --- [todo] [http-nio-8065-exec-2] c.t.d.todo.mapper.ToDoMapper.loadTags    : ==>  Preparing: SELECT id , code ,message FROM tag
2025-11-25T15:48:43.715+08:00 DEBUG 25476 --- [todo] [http-nio-8065-exec-2] c.t.d.todo.mapper.ToDoMapper.loadTags    : ==> Parameters: 
2025-11-25T15:48:43.716+08:00 DEBUG 25476 --- [todo] [http-nio-8065-exec-8] c.t.demo.todo.mapper.ToDoMapper.query    : ==>  Preparing: SELECT td.id,td.title,td.status,td.message_level as messageLevel , td.tag,td.description,td.message,td.create_time as createTime, td.expire_time as expireTime,td.complete_time as completeTime, td.update_time as updateTime,ta.code AS tagCode FROM todo AS td INNER JOIN tag AS ta ON td.tag = ta.code WHERE status = ? ORDER BY create_time DESC LIMIT ?,?
2025-11-25T15:48:43.717+08:00 DEBUG 25476 --- [todo] [http-nio-8065-exec-8] c.t.demo.todo.mapper.ToDoMapper.query    : ==> Parameters: 10(String), 0(Integer), 2(Integer)
2025-11-25T15:48:43.718+08:00 DEBUG 25476 --- [todo] [http-nio-8065-exec-8] c.t.demo.todo.mapper.ToDoMapper.query    : <==      Total: 1
2025-11-25T15:48:43.719+08:00 DEBUG 25476 --- [todo] [http-nio-8065-exec-8] c.t.d.todo.mapper.ToDoMapper.countAll    : ==>  Preparing: SELECT COUNT(*) FROM todo WHERE status = ?
2025-11-25T15:48:43.719+08:00 DEBUG 25476 --- [todo] [http-nio-8065-exec-8] c.t.d.todo.mapper.ToDoMapper.countAll    : ==> Parameters: 10(String)
2025-11-25T15:48:43.720+08:00 DEBUG 25476 --- [todo] [http-nio-8065-exec-8] c.t.d.todo.mapper.ToDoMapper.countAll    : <==      Total: 1
2025-11-25T15:48:43.721+08:00 DEBUG 25476 --- [todo] [http-nio-8065-exec-2] c.t.d.todo.mapper.ToDoMapper.loadTags    : <==      Total: 10
2025-11-25T15:48:48.878+08:00 DEBUG 25476 --- [todo] [pool-1-thread-2] c.t.d.todo.mapper.ToDoMapper.countAll    : ==>  Preparing: SELECT COUNT(*) FROM todo WHERE status = ?
2025-11-25T15:48:48.879+08:00 DEBUG 25476 --- [todo] [pool-1-thread-2] c.t.d.todo.mapper.ToDoMapper.countAll    : ==> Parameters: 10(String)
2025-11-25T15:48:48.881+08:00 DEBUG 25476 --- [todo] [pool-1-thread-2] c.t.d.todo.mapper.ToDoMapper.countAll    : <==      Total: 1
2025-11-25T15:48:58.867+08:00 DEBUG 25476 --- [todo] [pool-1-thread-2] c.t.d.todo.mapper.ToDoMapper.countAll    : ==>  Preparing: SELECT COUNT(*) FROM todo WHERE status = ?
2025-11-25T15:48:58.867+08:00 DEBUG 25476 --- [todo] [pool-1-thread-2] c.t.d.todo.mapper.ToDoMapper.countAll    : ==> Parameters: 10(String)
2025-11-25T15:48:58.869+08:00 DEBUG 25476 --- [todo] [pool-1-thread-2] c.t.d.todo.mapper.ToDoMapper.countAll    : <==      Total: 1
2025-11-25T15:49:08.866+08:00 DEBUG 25476 --- [todo] [pool-1-thread-2] c.t.d.todo.mapper.ToDoMapper.countAll    : ==>  Preparing: SELECT COUNT(*) FROM todo WHERE status = ?
2025-11-25T15:49:08.867+08:00 DEBUG 25476 --- [todo] [pool-1-thread-2] c.t.d.todo.mapper.ToDoMapper.countAll    : ==> Parameters: 10(String)
2025-11-25T15:49:08.867+08:00 DEBUG 25476 --- [todo] [pool-1-thread-2] c.t.d.todo.mapper.ToDoMapper.countAll    : <==      Total: 1
2025-11-25T15:49:18.872+08:00 DEBUG 25476 --- [todo] [pool-1-thread-2] c.t.d.todo.mapper.ToDoMapper.countAll    : ==>  Preparing: SELECT COUNT(*) FROM todo WHERE status = ?
2025-11-25T15:49:18.872+08:00 DEBUG 25476 --- [todo] [pool-1-thread-2] c.t.d.todo.mapper.ToDoMapper.countAll    : ==> Parameters: 10(String)
2025-11-25T15:49:18.873+08:00 DEBUG 25476 --- [todo] [pool-1-thread-2] c.t.d.todo.mapper.ToDoMapper.countAll    : <==      Total: 1
2025-11-25T15:49:28.874+08:00 DEBUG 25476 --- [todo] [pool-1-thread-1] c.t.demo.todo.mapper.ToDoMapper.query    : ==>  Preparing: SELECT td.id,td.title,td.status,td.message_level as messageLevel , td.tag,td.description,td.message,td.create_time as createTime, td.expire_time as expireTime,td.complete_time as completeTime, td.update_time as updateTime,ta.code AS tagCode FROM todo AS td INNER JOIN tag AS ta ON td.tag = ta.code WHERE status = ? ORDER BY create_time DESC
2025-11-25T15:49:28.874+08:00 DEBUG 25476 --- [todo] [pool-1-thread-3] c.t.d.todo.mapper.ToDoMapper.countAll    : ==>  Preparing: SELECT COUNT(*) FROM todo WHERE status = ?
2025-11-25T15:49:28.874+08:00 DEBUG 25476 --- [todo] [pool-1-thread-1] c.t.demo.todo.mapper.ToDoMapper.query    : ==> Parameters: 10(String)
2025-11-25T15:49:28.875+08:00 DEBUG 25476 --- [todo] [pool-1-thread-3] c.t.d.todo.mapper.ToDoMapper.countAll    : ==> Parameters: 10(String)
2025-11-25T15:49:28.875+08:00 DEBUG 25476 --- [todo] [pool-1-thread-3] c.t.d.todo.mapper.ToDoMapper.countAll    : <==      Total: 1
2025-11-25T15:49:28.875+08:00 DEBUG 25476 --- [todo] [pool-1-thread-1] c.t.demo.todo.mapper.ToDoMapper.query    : <==      Total: 1
2025-11-25T15:49:38.877+08:00 DEBUG 25476 --- [todo] [pool-1-thread-3] c.t.d.todo.mapper.ToDoMapper.countAll    : ==>  Preparing: SELECT COUNT(*) FROM todo WHERE status = ?
2025-11-25T15:49:38.877+08:00 DEBUG 25476 --- [todo] [pool-1-thread-3] c.t.d.todo.mapper.ToDoMapper.countAll    : ==> Parameters: 10(String)
2025-11-25T15:49:38.878+08:00 DEBUG 25476 --- [todo] [pool-1-thread-3] c.t.d.todo.mapper.ToDoMapper.countAll    : <==      Total: 1
2025-11-25T15:49:48.871+08:00 DEBUG 25476 --- [todo] [pool-1-thread-3] c.t.d.todo.mapper.ToDoMapper.countAll    : ==>  Preparing: SELECT COUNT(*) FROM todo WHERE status = ?
2025-11-25T15:49:48.871+08:00 DEBUG 25476 --- [todo] [pool-1-thread-3] c.t.d.todo.mapper.ToDoMapper.countAll    : ==> Parameters: 10(String)
2025-11-25T15:49:48.873+08:00 DEBUG 25476 --- [todo] [pool-1-thread-3] c.t.d.todo.mapper.ToDoMapper.countAll    : <==      Total: 1
2025-11-25T15:49:58.879+08:00 DEBUG 25476 --- [todo] [pool-1-thread-3] c.t.d.todo.mapper.ToDoMapper.countAll    : ==>  Preparing: SELECT COUNT(*) FROM todo WHERE status = ?
2025-11-25T15:49:58.880+08:00 DEBUG 25476 --- [todo] [pool-1-thread-3] c.t.d.todo.mapper.ToDoMapper.countAll    : ==> Parameters: 10(String)
2025-11-25T15:49:58.883+08:00 DEBUG 25476 --- [todo] [pool-1-thread-3] c.t.d.todo.mapper.ToDoMapper.countAll    : <==      Total: 1
2025-11-25T15:50:08.876+08:00 DEBUG 25476 --- [todo] [pool-1-thread-3] c.t.d.todo.mapper.ToDoMapper.countAll    : ==>  Preparing: SELECT COUNT(*) FROM todo WHERE status = ?
2025-11-25T15:50:08.876+08:00 DEBUG 25476 --- [todo] [pool-1-thread-3] c.t.d.todo.mapper.ToDoMapper.countAll    : ==> Parameters: 10(String)
2025-11-25T15:50:08.878+08:00 DEBUG 25476 --- [todo] [pool-1-thread-3] c.t.d.todo.mapper.ToDoMapper.countAll    : <==      Total: 1
2025-11-25T15:50:18.865+08:00 DEBUG 25476 --- [todo] [pool-1-thread-3] c.t.d.todo.mapper.ToDoMapper.countAll    : ==>  Preparing: SELECT COUNT(*) FROM todo WHERE status = ?
2025-11-25T15:50:18.865+08:00 DEBUG 25476 --- [todo] [pool-1-thread-3] c.t.d.todo.mapper.ToDoMapper.countAll    : ==> Parameters: 10(String)
2025-11-25T15:50:18.865+08:00 DEBUG 25476 --- [todo] [pool-1-thread-3] c.t.d.todo.mapper.ToDoMapper.countAll    : <==      Total: 1
2025-11-25T15:50:28.869+08:00 DEBUG 25476 --- [todo] [pool-1-thread-1] c.t.d.todo.mapper.ToDoMapper.countAll    : ==>  Preparing: SELECT COUNT(*) FROM todo WHERE status = ?
2025-11-25T15:50:28.869+08:00 DEBUG 25476 --- [todo] [pool-1-thread-2] c.t.demo.todo.mapper.ToDoMapper.query    : ==>  Preparing: SELECT td.id,td.title,td.status,td.message_level as messageLevel , td.tag,td.description,td.message,td.create_time as createTime, td.expire_time as expireTime,td.complete_time as completeTime, td.update_time as updateTime,ta.code AS tagCode FROM todo AS td INNER JOIN tag AS ta ON td.tag = ta.code WHERE status = ? ORDER BY create_time DESC
2025-11-25T15:50:28.870+08:00 DEBUG 25476 --- [todo] [pool-1-thread-1] c.t.d.todo.mapper.ToDoMapper.countAll    : ==> Parameters: 10(String)
2025-11-25T15:50:28.870+08:00 DEBUG 25476 --- [todo] [pool-1-thread-2] c.t.demo.todo.mapper.ToDoMapper.query    : ==> Parameters: 10(String)
2025-11-25T15:50:28.871+08:00 DEBUG 25476 --- [todo] [pool-1-thread-1] c.t.d.todo.mapper.ToDoMapper.countAll    : <==      Total: 1
2025-11-25T15:50:28.872+08:00 DEBUG 25476 --- [todo] [pool-1-thread-2] c.t.demo.todo.mapper.ToDoMapper.query    : <==      Total: 1
2025-11-25T15:50:38.872+08:00 DEBUG 25476 --- [todo] [pool-1-thread-1] c.t.d.todo.mapper.ToDoMapper.countAll    : ==>  Preparing: SELECT COUNT(*) FROM todo WHERE status = ?
2025-11-25T15:50:38.872+08:00 DEBUG 25476 --- [todo] [pool-1-thread-1] c.t.d.todo.mapper.ToDoMapper.countAll    : ==> Parameters: 10(String)
2025-11-25T15:50:38.872+08:00 DEBUG 25476 --- [todo] [pool-1-thread-1] c.t.d.todo.mapper.ToDoMapper.countAll    : <==      Total: 1
2025-11-25T15:50:48.872+08:00 DEBUG 25476 --- [todo] [pool-1-thread-1] c.t.d.todo.mapper.ToDoMapper.countAll    : ==>  Preparing: SELECT COUNT(*) FROM todo WHERE status = ?
2025-11-25T15:50:48.872+08:00 DEBUG 25476 --- [todo] [pool-1-thread-1] c.t.d.todo.mapper.ToDoMapper.countAll    : ==> Parameters: 10(String)
2025-11-25T15:50:48.874+08:00 DEBUG 25476 --- [todo] [pool-1-thread-1] c.t.d.todo.mapper.ToDoMapper.countAll    : <==      Total: 1
2025-11-25T15:50:58.867+08:00 DEBUG 25476 --- [todo] [pool-1-thread-1] c.t.d.todo.mapper.ToDoMapper.countAll    : ==>  Preparing: SELECT COUNT(*) FROM todo WHERE status = ?
2025-11-25T15:50:58.868+08:00 DEBUG 25476 --- [todo] [pool-1-thread-1] c.t.d.todo.mapper.ToDoMapper.countAll    : ==> Parameters: 10(String)
2025-11-25T15:50:58.869+08:00 DEBUG 25476 --- [todo] [pool-1-thread-1] c.t.d.todo.mapper.ToDoMapper.countAll    : <==      Total: 1
2025-11-25T15:51:08.876+08:00 DEBUG 25476 --- [todo] [pool-1-thread-1] c.t.d.todo.mapper.ToDoMapper.countAll    : ==>  Preparing: SELECT COUNT(*) FROM todo WHERE status = ?
2025-11-25T15:51:08.876+08:00 DEBUG 25476 --- [todo] [pool-1-thread-1] c.t.d.todo.mapper.ToDoMapper.countAll    : ==> Parameters: 10(String)
2025-11-25T15:51:08.877+08:00 DEBUG 25476 --- [todo] [pool-1-thread-1] c.t.d.todo.mapper.ToDoMapper.countAll    : <==      Total: 1
2025-11-25T15:51:18.869+08:00 DEBUG 25476 --- [todo] [pool-1-thread-1] c.t.d.todo.mapper.ToDoMapper.countAll    : ==>  Preparing: SELECT COUNT(*) FROM todo WHERE status = ?
2025-11-25T15:51:18.869+08:00 DEBUG 25476 --- [todo] [pool-1-thread-1] c.t.d.todo.mapper.ToDoMapper.countAll    : ==> Parameters: 10(String)
2025-11-25T15:51:18.871+08:00 DEBUG 25476 --- [todo] [pool-1-thread-1] c.t.d.todo.mapper.ToDoMapper.countAll    : <==      Total: 1
2025-11-25T15:51:28.872+08:00 DEBUG 25476 --- [todo] [pool-1-thread-3] c.t.demo.todo.mapper.ToDoMapper.query    : ==>  Preparing: SELECT td.id,td.title,td.status,td.message_level as messageLevel , td.tag,td.description,td.message,td.create_time as createTime, td.expire_time as expireTime,td.complete_time as completeTime, td.update_time as updateTime,ta.code AS tagCode FROM todo AS td INNER JOIN tag AS ta ON td.tag = ta.code WHERE status = ? ORDER BY create_time DESC
2025-11-25T15:51:28.872+08:00 DEBUG 25476 --- [todo] [pool-1-thread-2] c.t.d.todo.mapper.ToDoMapper.countAll    : ==>  Preparing: SELECT COUNT(*) FROM todo WHERE status = ?
2025-11-25T15:51:28.873+08:00 DEBUG 25476 --- [todo] [pool-1-thread-3] c.t.demo.todo.mapper.ToDoMapper.query    : ==> Parameters: 10(String)
2025-11-25T15:51:28.873+08:00 DEBUG 25476 --- [todo] [pool-1-thread-2] c.t.d.todo.mapper.ToDoMapper.countAll    : ==> Parameters: 10(String)
2025-11-25T15:51:28.873+08:00 DEBUG 25476 --- [todo] [pool-1-thread-2] c.t.d.todo.mapper.ToDoMapper.countAll    : <==      Total: 1
2025-11-25T15:51:28.873+08:00 DEBUG 25476 --- [todo] [pool-1-thread-3] c.t.demo.todo.mapper.ToDoMapper.query    : <==      Total: 1
2025-11-25T15:51:38.874+08:00 DEBUG 25476 --- [todo] [pool-1-thread-2] c.t.d.todo.mapper.ToDoMapper.countAll    : ==>  Preparing: SELECT COUNT(*) FROM todo WHERE status = ?
2025-11-25T15:51:38.874+08:00 DEBUG 25476 --- [todo] [pool-1-thread-2] c.t.d.todo.mapper.ToDoMapper.countAll    : ==> Parameters: 10(String)
2025-11-25T15:51:38.875+08:00 DEBUG 25476 --- [todo] [pool-1-thread-2] c.t.d.todo.mapper.ToDoMapper.countAll    : <==      Total: 1
2025-11-25T15:51:48.867+08:00 DEBUG 25476 --- [todo] [pool-1-thread-2] c.t.d.todo.mapper.ToDoMapper.countAll    : ==>  Preparing: SELECT COUNT(*) FROM todo WHERE status = ?
2025-11-25T15:51:48.868+08:00 DEBUG 25476 --- [todo] [pool-1-thread-2] c.t.d.todo.mapper.ToDoMapper.countAll    : ==> Parameters: 10(String)
2025-11-25T15:51:48.870+08:00 DEBUG 25476 --- [todo] [pool-1-thread-2] c.t.d.todo.mapper.ToDoMapper.countAll    : <==      Total: 1
2025-11-25T15:51:58.867+08:00 DEBUG 25476 --- [todo] [pool-1-thread-2] c.t.d.todo.mapper.ToDoMapper.countAll    : ==>  Preparing: SELECT COUNT(*) FROM todo WHERE status = ?
2025-11-25T15:51:58.867+08:00 DEBUG 25476 --- [todo] [pool-1-thread-2] c.t.d.todo.mapper.ToDoMapper.countAll    : ==> Parameters: 10(String)
2025-11-25T15:51:58.868+08:00 DEBUG 25476 --- [todo] [pool-1-thread-2] c.t.d.todo.mapper.ToDoMapper.countAll    : <==      Total: 1
2025-11-25T15:52:08.869+08:00 DEBUG 25476 --- [todo] [pool-1-thread-2] c.t.d.todo.mapper.ToDoMapper.countAll    : ==>  Preparing: SELECT COUNT(*) FROM todo WHERE status = ?
2025-11-25T15:52:08.870+08:00 DEBUG 25476 --- [todo] [pool-1-thread-2] c.t.d.todo.mapper.ToDoMapper.countAll    : ==> Parameters: 10(String)
2025-11-25T15:52:08.870+08:00 DEBUG 25476 --- [todo] [pool-1-thread-2] c.t.d.todo.mapper.ToDoMapper.countAll    : <==      Total: 1
2025-11-25T15:52:18.868+08:00 DEBUG 25476 --- [todo] [pool-1-thread-2] c.t.d.todo.mapper.ToDoMapper.countAll    : ==>  Preparing: SELECT COUNT(*) FROM todo WHERE status = ?
2025-11-25T15:52:18.868+08:00 DEBUG 25476 --- [todo] [pool-1-thread-2] c.t.d.todo.mapper.ToDoMapper.countAll    : ==> Parameters: 10(String)
2025-11-25T15:52:18.870+08:00 DEBUG 25476 --- [todo] [pool-1-thread-2] c.t.d.todo.mapper.ToDoMapper.countAll    : <==      Total: 1
2025-11-25T15:52:28.874+08:00 DEBUG 25476 --- [todo] [pool-1-thread-3] c.t.d.todo.mapper.ToDoMapper.countAll    : ==>  Preparing: SELECT COUNT(*) FROM todo WHERE status = ?
2025-11-25T15:52:28.874+08:00 DEBUG 25476 --- [todo] [pool-1-thread-1] c.t.demo.todo.mapper.ToDoMapper.query    : ==>  Preparing: SELECT td.id,td.title,td.status,td.message_level as messageLevel , td.tag,td.description,td.message,td.create_time as createTime, td.expire_time as expireTime,td.complete_time as completeTime, td.update_time as updateTime,ta.code AS tagCode FROM todo AS td INNER JOIN tag AS ta ON td.tag = ta.code WHERE status = ? ORDER BY create_time DESC
2025-11-25T15:52:28.875+08:00 DEBUG 25476 --- [todo] [pool-1-thread-3] c.t.d.todo.mapper.ToDoMapper.countAll    : ==> Parameters: 10(String)
2025-11-25T15:52:28.875+08:00 DEBUG 25476 --- [todo] [pool-1-thread-1] c.t.demo.todo.mapper.ToDoMapper.query    : ==> Parameters: 10(String)
2025-11-25T15:52:28.876+08:00 DEBUG 25476 --- [todo] [pool-1-thread-3] c.t.d.todo.mapper.ToDoMapper.countAll    : <==      Total: 1
2025-11-25T15:52:28.877+08:00 DEBUG 25476 --- [todo] [pool-1-thread-1] c.t.demo.todo.mapper.ToDoMapper.query    : <==      Total: 1
2025-11-25T15:52:38.873+08:00 DEBUG 25476 --- [todo] [pool-1-thread-3] c.t.d.todo.mapper.ToDoMapper.countAll    : ==>  Preparing: SELECT COUNT(*) FROM todo WHERE status = ?
2025-11-25T15:52:38.873+08:00 DEBUG 25476 --- [todo] [pool-1-thread-3] c.t.d.todo.mapper.ToDoMapper.countAll    : ==> Parameters: 10(String)
2025-11-25T15:52:38.874+08:00 DEBUG 25476 --- [todo] [pool-1-thread-3] c.t.d.todo.mapper.ToDoMapper.countAll    : <==      Total: 1
2025-11-25T15:52:48.876+08:00 DEBUG 25476 --- [todo] [pool-1-thread-3] c.t.d.todo.mapper.ToDoMapper.countAll    : ==>  Preparing: SELECT COUNT(*) FROM todo WHERE status = ?
2025-11-25T15:52:48.876+08:00 DEBUG 25476 --- [todo] [pool-1-thread-3] c.t.d.todo.mapper.ToDoMapper.countAll    : ==> Parameters: 10(String)
2025-11-25T15:52:48.878+08:00 DEBUG 25476 --- [todo] [pool-1-thread-3] c.t.d.todo.mapper.ToDoMapper.countAll    : <==      Total: 1
2025-11-25T15:52:58.867+08:00 DEBUG 25476 --- [todo] [pool-1-thread-3] c.t.d.todo.mapper.ToDoMapper.countAll    : ==>  Preparing: SELECT COUNT(*) FROM todo WHERE status = ?
2025-11-25T15:52:58.868+08:00 DEBUG 25476 --- [todo] [pool-1-thread-3] c.t.d.todo.mapper.ToDoMapper.countAll    : ==> Parameters: 10(String)
2025-11-25T15:52:58.870+08:00 DEBUG 25476 --- [todo] [pool-1-thread-3] c.t.d.todo.mapper.ToDoMapper.countAll    : <==      Total: 1
2025-11-25T15:53:08.868+08:00 DEBUG 25476 --- [todo] [pool-1-thread-3] c.t.d.todo.mapper.ToDoMapper.countAll    : ==>  Preparing: SELECT COUNT(*) FROM todo WHERE status = ?
2025-11-25T15:53:08.868+08:00 DEBUG 25476 --- [todo] [pool-1-thread-3] c.t.d.todo.mapper.ToDoMapper.countAll    : ==> Parameters: 10(String)
2025-11-25T15:53:08.869+08:00 DEBUG 25476 --- [todo] [pool-1-thread-3] c.t.d.todo.mapper.ToDoMapper.countAll    : <==      Total: 1
2025-11-25T15:53:18.868+08:00 DEBUG 25476 --- [todo] [pool-1-thread-3] c.t.d.todo.mapper.ToDoMapper.countAll    : ==>  Preparing: SELECT COUNT(*) FROM todo WHERE status = ?
2025-11-25T15:53:18.869+08:00 DEBUG 25476 --- [todo] [pool-1-thread-3] c.t.d.todo.mapper.ToDoMapper.countAll    : ==> Parameters: 10(String)
2025-11-25T15:53:18.870+08:00 DEBUG 25476 --- [todo] [pool-1-thread-3] c.t.d.todo.mapper.ToDoMapper.countAll    : <==      Total: 1
2025-11-25T15:53:28.865+08:00 DEBUG 25476 --- [todo] [pool-1-thread-1] c.t.d.todo.mapper.ToDoMapper.countAll    : ==>  Preparing: SELECT COUNT(*) FROM todo WHERE status = ?
2025-11-25T15:53:28.865+08:00 DEBUG 25476 --- [todo] [pool-1-thread-2] c.t.demo.todo.mapper.ToDoMapper.query    : ==>  Preparing: SELECT td.id,td.title,td.status,td.message_level as messageLevel , td.tag,td.description,td.message,td.create_time as createTime, td.expire_time as expireTime,td.complete_time as completeTime, td.update_time as updateTime,ta.code AS tagCode FROM todo AS td INNER JOIN tag AS ta ON td.tag = ta.code WHERE status = ? ORDER BY create_time DESC
2025-11-25T15:53:28.866+08:00 DEBUG 25476 --- [todo] [pool-1-thread-1] c.t.d.todo.mapper.ToDoMapper.countAll    : ==> Parameters: 10(String)
2025-11-25T15:53:28.866+08:00 DEBUG 25476 --- [todo] [pool-1-thread-2] c.t.demo.todo.mapper.ToDoMapper.query    : ==> Parameters: 10(String)
2025-11-25T15:53:28.867+08:00 DEBUG 25476 --- [todo] [pool-1-thread-1] c.t.d.todo.mapper.ToDoMapper.countAll    : <==      Total: 1
2025-11-25T15:53:28.868+08:00 DEBUG 25476 --- [todo] [pool-1-thread-2] c.t.demo.todo.mapper.ToDoMapper.query    : <==      Total: 1
2025-11-25T15:53:38.869+08:00 DEBUG 25476 --- [todo] [pool-1-thread-1] c.t.d.todo.mapper.ToDoMapper.countAll    : ==>  Preparing: SELECT COUNT(*) FROM todo WHERE status = ?
2025-11-25T15:53:38.869+08:00 DEBUG 25476 --- [todo] [pool-1-thread-1] c.t.d.todo.mapper.ToDoMapper.countAll    : ==> Parameters: 10(String)
2025-11-25T15:53:38.870+08:00 DEBUG 25476 --- [todo] [pool-1-thread-1] c.t.d.todo.mapper.ToDoMapper.countAll    : <==      Total: 1
2025-11-25T15:53:44.233+08:00 DEBUG 25476 --- [todo] [http-nio-8065-exec-4] c.t.demo.todo.controller.ToDoController  : 查询参数:ToDoQuery(id=null, title=, tag=null, messageLevel=null, message=, tagCode=null, status=10, pageNumber=1, pageSize=2)
2025-11-25T15:53:44.234+08:00 DEBUG 25476 --- [todo] [http-nio-8065-exec-4] c.t.demo.todo.mapper.ToDoMapper.query    : ==>  Preparing: SELECT td.id,td.title,td.status,td.message_level as messageLevel , td.tag,td.description,td.message,td.create_time as createTime, td.expire_time as expireTime,td.complete_time as completeTime, td.update_time as updateTime,ta.code AS tagCode FROM todo AS td INNER JOIN tag AS ta ON td.tag = ta.code WHERE status = ? ORDER BY create_time DESC LIMIT ?,?
2025-11-25T15:53:44.235+08:00 DEBUG 25476 --- [todo] [http-nio-8065-exec-4] c.t.demo.todo.mapper.ToDoMapper.query    : ==> Parameters: 10(String), 0(Integer), 2(Integer)
2025-11-25T15:53:44.235+08:00 DEBUG 25476 --- [todo] [http-nio-8065-exec-4] c.t.demo.todo.mapper.ToDoMapper.query    : <==      Total: 1
2025-11-25T15:53:44.236+08:00 DEBUG 25476 --- [todo] [http-nio-8065-exec-4] c.t.d.todo.mapper.ToDoMapper.countAll    : ==>  Preparing: SELECT COUNT(*) FROM todo WHERE status = ?
2025-11-25T15:53:44.236+08:00 DEBUG 25476 --- [todo] [http-nio-8065-exec-4] c.t.d.todo.mapper.ToDoMapper.countAll    : ==> Parameters: 10(String)
2025-11-25T15:53:44.237+08:00 DEBUG 25476 --- [todo] [http-nio-8065-exec-4] c.t.d.todo.mapper.ToDoMapper.countAll    : <==      Total: 1
2025-11-25T15:53:48.874+08:00 DEBUG 25476 --- [todo] [pool-1-thread-1] c.t.d.todo.mapper.ToDoMapper.countAll    : ==>  Preparing: SELECT COUNT(*) FROM todo WHERE status = ?
2025-11-25T15:53:48.875+08:00 DEBUG 25476 --- [todo] [pool-1-thread-1] c.t.d.todo.mapper.ToDoMapper.countAll    : ==> Parameters: 10(String)
2025-11-25T15:53:48.875+08:00 DEBUG 25476 --- [todo] [pool-1-thread-1] c.t.d.todo.mapper.ToDoMapper.countAll    : <==      Total: 1
2025-11-25T15:53:58.877+08:00 DEBUG 25476 --- [todo] [pool-1-thread-1] c.t.d.todo.mapper.ToDoMapper.countAll    : ==>  Preparing: SELECT COUNT(*) FROM todo WHERE status = ?
2025-11-25T15:53:58.877+08:00 DEBUG 25476 --- [todo] [pool-1-thread-1] c.t.d.todo.mapper.ToDoMapper.countAll    : ==> Parameters: 10(String)
2025-11-25T15:53:58.879+08:00 DEBUG 25476 --- [todo] [pool-1-thread-1] c.t.d.todo.mapper.ToDoMapper.countAll    : <==      Total: 1
2025-11-25T15:54:08.873+08:00 DEBUG 25476 --- [todo] [pool-1-thread-1] c.t.d.todo.mapper.ToDoMapper.countAll    : ==>  Preparing: SELECT COUNT(*) FROM todo WHERE status = ?
2025-11-25T15:54:08.875+08:00 DEBUG 25476 --- [todo] [pool-1-thread-1] c.t.d.todo.mapper.ToDoMapper.countAll    : ==> Parameters: 10(String)
2025-11-25T15:54:08.875+08:00 DEBUG 25476 --- [todo] [pool-1-thread-1] c.t.d.todo.mapper.ToDoMapper.countAll    : <==      Total: 1
2025-11-25T15:54:18.876+08:00 DEBUG 25476 --- [todo] [pool-1-thread-1] c.t.d.todo.mapper.ToDoMapper.countAll    : ==>  Preparing: SELECT COUNT(*) FROM todo WHERE status = ?
2025-11-25T15:54:18.876+08:00 DEBUG 25476 --- [todo] [pool-1-thread-1] c.t.d.todo.mapper.ToDoMapper.countAll    : ==> Parameters: 10(String)
2025-11-25T15:54:18.877+08:00 DEBUG 25476 --- [todo] [pool-1-thread-1] c.t.d.todo.mapper.ToDoMapper.countAll    : <==      Total: 1
2025-11-25T15:54:28.874+08:00 DEBUG 25476 --- [todo] [pool-1-thread-2] c.t.d.todo.mapper.ToDoMapper.countAll    : ==>  Preparing: SELECT COUNT(*) FROM todo WHERE status = ?
2025-11-25T15:54:28.874+08:00 DEBUG 25476 --- [todo] [pool-1-thread-3] c.t.demo.todo.mapper.ToDoMapper.query    : ==>  Preparing: SELECT td.id,td.title,td.status,td.message_level as messageLevel , td.tag,td.description,td.message,td.create_time as createTime, td.expire_time as expireTime,td.complete_time as completeTime, td.update_time as updateTime,ta.code AS tagCode FROM todo AS td INNER JOIN tag AS ta ON td.tag = ta.code WHERE status = ? ORDER BY create_time DESC
2025-11-25T15:54:28.874+08:00 DEBUG 25476 --- [todo] [pool-1-thread-2] c.t.d.todo.mapper.ToDoMapper.countAll    : ==> Parameters: 10(String)
2025-11-25T15:54:28.875+08:00 DEBUG 25476 --- [todo] [pool-1-thread-3] c.t.demo.todo.mapper.ToDoMapper.query    : ==> Parameters: 10(String)
2025-11-25T15:54:28.875+08:00 DEBUG 25476 --- [todo] [pool-1-thread-2] c.t.d.todo.mapper.ToDoMapper.countAll    : <==      Total: 1
2025-11-25T15:54:28.876+08:00 DEBUG 25476 --- [todo] [pool-1-thread-3] c.t.demo.todo.mapper.ToDoMapper.query    : <==      Total: 1
2025-11-25T15:54:38.863+08:00 DEBUG 25476 --- [todo] [pool-1-thread-2] c.t.d.todo.mapper.ToDoMapper.countAll    : ==>  Preparing: SELECT COUNT(*) FROM todo WHERE status = ?
2025-11-25T15:54:38.864+08:00 DEBUG 25476 --- [todo] [pool-1-thread-2] c.t.d.todo.mapper.ToDoMapper.countAll    : ==> Parameters: 10(String)
2025-11-25T15:54:38.865+08:00 DEBUG 25476 --- [todo] [pool-1-thread-2] c.t.d.todo.mapper.ToDoMapper.countAll    : <==      Total: 1
2025-11-25T15:54:48.867+08:00 DEBUG 25476 --- [todo] [pool-1-thread-2] c.t.d.todo.mapper.ToDoMapper.countAll    : ==>  Preparing: SELECT COUNT(*) FROM todo WHERE status = ?
2025-11-25T15:54:48.868+08:00 DEBUG 25476 --- [todo] [pool-1-thread-2] c.t.d.todo.mapper.ToDoMapper.countAll    : ==> Parameters: 10(String)
2025-11-25T15:54:48.868+08:00 DEBUG 25476 --- [todo] [pool-1-thread-2] c.t.d.todo.mapper.ToDoMapper.countAll    : <==      Total: 1
2025-11-25T15:54:58.867+08:00 DEBUG 25476 --- [todo] [pool-1-thread-2] c.t.d.todo.mapper.ToDoMapper.countAll    : ==>  Preparing: SELECT COUNT(*) FROM todo WHERE status = ?
2025-11-25T15:54:58.867+08:00 DEBUG 25476 --- [todo] [pool-1-thread-2] c.t.d.todo.mapper.ToDoMapper.countAll    : ==> Parameters: 10(String)
2025-11-25T15:54:58.868+08:00 DEBUG 25476 --- [todo] [pool-1-thread-2] c.t.d.todo.mapper.ToDoMapper.countAll    : <==      Total: 1
2025-11-25T15:55:08.870+08:00 DEBUG 25476 --- [todo] [pool-1-thread-2] c.t.d.todo.mapper.ToDoMapper.countAll    : ==>  Preparing: SELECT COUNT(*) FROM todo WHERE status = ?
2025-11-25T15:55:08.871+08:00 DEBUG 25476 --- [todo] [pool-1-thread-2] c.t.d.todo.mapper.ToDoMapper.countAll    : ==> Parameters: 10(String)
2025-11-25T15:55:08.873+08:00 DEBUG 25476 --- [todo] [pool-1-thread-2] c.t.d.todo.mapper.ToDoMapper.countAll    : <==      Total: 1
2025-11-25T15:55:18.872+08:00 DEBUG 25476 --- [todo] [pool-1-thread-2] c.t.d.todo.mapper.ToDoMapper.countAll    : ==>  Preparing: SELECT COUNT(*) FROM todo WHERE status = ?
2025-11-25T15:55:18.874+08:00 DEBUG 25476 --- [todo] [pool-1-thread-2] c.t.d.todo.mapper.ToDoMapper.countAll    : ==> Parameters: 10(String)
2025-11-25T15:55:18.874+08:00 DEBUG 25476 --- [todo] [pool-1-thread-2] c.t.d.todo.mapper.ToDoMapper.countAll    : <==      Total: 1
2025-11-25T15:55:28.871+08:00 DEBUG 25476 --- [todo] [pool-1-thread-1] c.t.demo.todo.mapper.ToDoMapper.query    : ==>  Preparing: SELECT td.id,td.title,td.status,td.message_level as messageLevel , td.tag,td.description,td.message,td.create_time as createTime, td.expire_time as expireTime,td.complete_time as completeTime, td.update_time as updateTime,ta.code AS tagCode FROM todo AS td INNER JOIN tag AS ta ON td.tag = ta.code WHERE status = ? ORDER BY create_time DESC
2025-11-25T15:55:28.871+08:00 DEBUG 25476 --- [todo] [pool-1-thread-3] c.t.d.todo.mapper.ToDoMapper.countAll    : ==>  Preparing: SELECT COUNT(*) FROM todo WHERE status = ?
2025-11-25T15:55:28.871+08:00 DEBUG 25476 --- [todo] [pool-1-thread-3] c.t.d.todo.mapper.ToDoMapper.countAll    : ==> Parameters: 10(String)
2025-11-25T15:55:28.872+08:00 DEBUG 25476 --- [todo] [pool-1-thread-1] c.t.demo.todo.mapper.ToDoMapper.query    : ==> Parameters: 10(String)
2025-11-25T15:55:28.872+08:00 DEBUG 25476 --- [todo] [pool-1-thread-3] c.t.d.todo.mapper.ToDoMapper.countAll    : <==      Total: 1
2025-11-25T15:55:28.872+08:00 DEBUG 25476 --- [todo] [pool-1-thread-1] c.t.demo.todo.mapper.ToDoMapper.query    : <==      Total: 1
2025-11-25T15:55:38.872+08:00 DEBUG 25476 --- [todo] [pool-1-thread-3] c.t.d.todo.mapper.ToDoMapper.countAll    : ==>  Preparing: SELECT COUNT(*) FROM todo WHERE status = ?
2025-11-25T15:55:38.872+08:00 DEBUG 25476 --- [todo] [pool-1-thread-3] c.t.d.todo.mapper.ToDoMapper.countAll    : ==> Parameters: 10(String)
2025-11-25T15:55:38.873+08:00 DEBUG 25476 --- [todo] [pool-1-thread-3] c.t.d.todo.mapper.ToDoMapper.countAll    : <==      Total: 1
2025-11-25T15:55:48.874+08:00 DEBUG 25476 --- [todo] [pool-1-thread-3] c.t.d.todo.mapper.ToDoMapper.countAll    : ==>  Preparing: SELECT COUNT(*) FROM todo WHERE status = ?
2025-11-25T15:55:48.875+08:00 DEBUG 25476 --- [todo] [pool-1-thread-3] c.t.d.todo.mapper.ToDoMapper.countAll    : ==> Parameters: 10(String)
2025-11-25T15:55:48.877+08:00 DEBUG 25476 --- [todo] [pool-1-thread-3] c.t.d.todo.mapper.ToDoMapper.countAll    : <==      Total: 1
2025-11-25T15:55:58.877+08:00 DEBUG 25476 --- [todo] [pool-1-thread-3] c.t.d.todo.mapper.ToDoMapper.countAll    : ==>  Preparing: SELECT COUNT(*) FROM todo WHERE status = ?
2025-11-25T15:55:58.879+08:00 DEBUG 25476 --- [todo] [pool-1-thread-3] c.t.d.todo.mapper.ToDoMapper.countAll    : ==> Parameters: 10(String)
2025-11-25T15:55:58.881+08:00 DEBUG 25476 --- [todo] [pool-1-thread-3] c.t.d.todo.mapper.ToDoMapper.countAll    : <==      Total: 1
2025-11-25T15:56:08.865+08:00 DEBUG 25476 --- [todo] [pool-1-thread-3] c.t.d.todo.mapper.ToDoMapper.countAll    : ==>  Preparing: SELECT COUNT(*) FROM todo WHERE status = ?
2025-11-25T15:56:08.866+08:00 DEBUG 25476 --- [todo] [pool-1-thread-3] c.t.d.todo.mapper.ToDoMapper.countAll    : ==> Parameters: 10(String)
2025-11-25T15:56:08.866+08:00 DEBUG 25476 --- [todo] [pool-1-thread-3] c.t.d.todo.mapper.ToDoMapper.countAll    : <==      Total: 1
2025-11-25T15:56:18.872+08:00 DEBUG 25476 --- [todo] [pool-1-thread-3] c.t.d.todo.mapper.ToDoMapper.countAll    : ==>  Preparing: SELECT COUNT(*) FROM todo WHERE status = ?
2025-11-25T15:56:18.874+08:00 DEBUG 25476 --- [todo] [pool-1-thread-3] c.t.d.todo.mapper.ToDoMapper.countAll    : ==> Parameters: 10(String)
2025-11-25T15:56:18.875+08:00 DEBUG 25476 --- [todo] [pool-1-thread-3] c.t.d.todo.mapper.ToDoMapper.countAll    : <==      Total: 1
2025-11-25T15:56:28.870+08:00 DEBUG 25476 --- [todo] [pool-1-thread-1] c.t.d.todo.mapper.ToDoMapper.countAll    : ==>  Preparing: SELECT COUNT(*) FROM todo WHERE status = ?
2025-11-25T15:56:28.870+08:00 DEBUG 25476 --- [todo] [pool-1-thread-2] c.t.demo.todo.mapper.ToDoMapper.query    : ==>  Preparing: SELECT td.id,td.title,td.status,td.message_level as messageLevel , td.tag,td.description,td.message,td.create_time as createTime, td.expire_time as expireTime,td.complete_time as completeTime, td.update_time as updateTime,ta.code AS tagCode FROM todo AS td INNER JOIN tag AS ta ON td.tag = ta.code WHERE status = ? ORDER BY create_time DESC
2025-11-25T15:56:28.870+08:00 DEBUG 25476 --- [todo] [pool-1-thread-1] c.t.d.todo.mapper.ToDoMapper.countAll    : ==> Parameters: 10(String)
2025-11-25T15:56:28.870+08:00 DEBUG 25476 --- [todo] [pool-1-thread-2] c.t.demo.todo.mapper.ToDoMapper.query    : ==> Parameters: 10(String)
2025-11-25T15:56:28.871+08:00 DEBUG 25476 --- [todo] [pool-1-thread-1] c.t.d.todo.mapper.ToDoMapper.countAll    : <==      Total: 1
2025-11-25T15:56:28.872+08:00 DEBUG 25476 --- [todo] [pool-1-thread-2] c.t.demo.todo.mapper.ToDoMapper.query    : <==      Total: 1
2025-11-25T15:56:38.874+08:00 DEBUG 25476 --- [todo] [pool-1-thread-1] c.t.d.todo.mapper.ToDoMapper.countAll    : ==>  Preparing: SELECT COUNT(*) FROM todo WHERE status = ?
2025-11-25T15:56:38.874+08:00 DEBUG 25476 --- [todo] [pool-1-thread-1] c.t.d.todo.mapper.ToDoMapper.countAll    : ==> Parameters: 10(String)
2025-11-25T15:56:38.875+08:00 DEBUG 25476 --- [todo] [pool-1-thread-1] c.t.d.todo.mapper.ToDoMapper.countAll    : <==      Total: 1
2025-11-25T15:56:48.872+08:00 DEBUG 25476 --- [todo] [pool-1-thread-1] c.t.d.todo.mapper.ToDoMapper.countAll    : ==>  Preparing: SELECT COUNT(*) FROM todo WHERE status = ?
2025-11-25T15:56:48.872+08:00 DEBUG 25476 --- [todo] [pool-1-thread-1] c.t.d.todo.mapper.ToDoMapper.countAll    : ==> Parameters: 10(String)
2025-11-25T15:56:48.874+08:00 DEBUG 25476 --- [todo] [pool-1-thread-1] c.t.d.todo.mapper.ToDoMapper.countAll    : <==      Total: 1
2025-11-25T15:56:58.863+08:00 DEBUG 25476 --- [todo] [pool-1-thread-1] c.t.d.todo.mapper.ToDoMapper.countAll    : ==>  Preparing: SELECT COUNT(*) FROM todo WHERE status = ?
2025-11-25T15:56:58.863+08:00 DEBUG 25476 --- [todo] [pool-1-thread-1] c.t.d.todo.mapper.ToDoMapper.countAll    : ==> Parameters: 10(String)
2025-11-25T15:56:58.865+08:00 DEBUG 25476 --- [todo] [pool-1-thread-1] c.t.d.todo.mapper.ToDoMapper.countAll    : <==      Total: 1
2025-11-25T15:57:08.873+08:00 DEBUG 25476 --- [todo] [pool-1-thread-1] c.t.d.todo.mapper.ToDoMapper.countAll    : ==>  Preparing: SELECT COUNT(*) FROM todo WHERE status = ?
2025-11-25T15:57:08.873+08:00 DEBUG 25476 --- [todo] [pool-1-thread-1] c.t.d.todo.mapper.ToDoMapper.countAll    : ==> Parameters: 10(String)
2025-11-25T15:57:08.875+08:00 DEBUG 25476 --- [todo] [pool-1-thread-1] c.t.d.todo.mapper.ToDoMapper.countAll    : <==      Total: 1
2025-11-25T15:57:18.873+08:00 DEBUG 25476 --- [todo] [pool-1-thread-1] c.t.d.todo.mapper.ToDoMapper.countAll    : ==>  Preparing: SELECT COUNT(*) FROM todo WHERE status = ?
2025-11-25T15:57:18.874+08:00 DEBUG 25476 --- [todo] [pool-1-thread-1] c.t.d.todo.mapper.ToDoMapper.countAll    : ==> Parameters: 10(String)
2025-11-25T15:57:18.875+08:00 DEBUG 25476 --- [todo] [pool-1-thread-1] c.t.d.todo.mapper.ToDoMapper.countAll    : <==      Total: 1
2025-11-25T15:57:28.875+08:00 DEBUG 25476 --- [todo] [pool-1-thread-3] c.t.demo.todo.mapper.ToDoMapper.query    : ==>  Preparing: SELECT td.id,td.title,td.status,td.message_level as messageLevel , td.tag,td.description,td.message,td.create_time as createTime, td.expire_time as expireTime,td.complete_time as completeTime, td.update_time as updateTime,ta.code AS tagCode FROM todo AS td INNER JOIN tag AS ta ON td.tag = ta.code WHERE status = ? ORDER BY create_time DESC
2025-11-25T15:57:28.875+08:00 DEBUG 25476 --- [todo] [pool-1-thread-2] c.t.d.todo.mapper.ToDoMapper.countAll    : ==>  Preparing: SELECT COUNT(*) FROM todo WHERE status = ?
2025-11-25T15:57:28.876+08:00 DEBUG 25476 --- [todo] [pool-1-thread-3] c.t.demo.todo.mapper.ToDoMapper.query    : ==> Parameters: 10(String)
2025-11-25T15:57:28.876+08:00 DEBUG 25476 --- [todo] [pool-1-thread-2] c.t.d.todo.mapper.ToDoMapper.countAll    : ==> Parameters: 10(String)
2025-11-25T15:57:28.876+08:00 DEBUG 25476 --- [todo] [pool-1-thread-2] c.t.d.todo.mapper.ToDoMapper.countAll    : <==      Total: 1
2025-11-25T15:57:28.876+08:00 DEBUG 25476 --- [todo] [pool-1-thread-3] c.t.demo.todo.mapper.ToDoMapper.query    : <==      Total: 1
2025-11-25T15:57:38.873+08:00 DEBUG 25476 --- [todo] [pool-1-thread-2] c.t.d.todo.mapper.ToDoMapper.countAll    : ==>  Preparing: SELECT COUNT(*) FROM todo WHERE status = ?
2025-11-25T15:57:38.873+08:00 DEBUG 25476 --- [todo] [pool-1-thread-2] c.t.d.todo.mapper.ToDoMapper.countAll    : ==> Parameters: 10(String)
2025-11-25T15:57:38.876+08:00 DEBUG 25476 --- [todo] [pool-1-thread-2] c.t.d.todo.mapper.ToDoMapper.countAll    : <==      Total: 1
2025-11-25T15:57:48.875+08:00 DEBUG 25476 --- [todo] [pool-1-thread-2] c.t.d.todo.mapper.ToDoMapper.countAll    : ==>  Preparing: SELECT COUNT(*) FROM todo WHERE status = ?
2025-11-25T15:57:48.875+08:00 DEBUG 25476 --- [todo] [pool-1-thread-2] c.t.d.todo.mapper.ToDoMapper.countAll    : ==> Parameters: 10(String)
2025-11-25T15:57:48.876+08:00 DEBUG 25476 --- [todo] [pool-1-thread-2] c.t.d.todo.mapper.ToDoMapper.countAll    : <==      Total: 1
2025-11-25T15:57:58.874+08:00 DEBUG 25476 --- [todo] [pool-1-thread-2] c.t.d.todo.mapper.ToDoMapper.countAll    : ==>  Preparing: SELECT COUNT(*) FROM todo WHERE status = ?
2025-11-25T15:57:58.875+08:00 DEBUG 25476 --- [todo] [pool-1-thread-2] c.t.d.todo.mapper.ToDoMapper.countAll    : ==> Parameters: 10(String)
2025-11-25T15:57:58.876+08:00 DEBUG 25476 --- [todo] [pool-1-thread-2] c.t.d.todo.mapper.ToDoMapper.countAll    : <==      Total: 1
2025-11-25T15:58:08.871+08:00 DEBUG 25476 --- [todo] [pool-1-thread-2] c.t.d.todo.mapper.ToDoMapper.countAll    : ==>  Preparing: SELECT COUNT(*) FROM todo WHERE status = ?
2025-11-25T15:58:08.871+08:00 DEBUG 25476 --- [todo] [pool-1-thread-2] c.t.d.todo.mapper.ToDoMapper.countAll    : ==> Parameters: 10(String)
2025-11-25T15:58:08.872+08:00 DEBUG 25476 --- [todo] [pool-1-thread-2] c.t.d.todo.mapper.ToDoMapper.countAll    : <==      Total: 1
2025-11-25T15:58:18.871+08:00 DEBUG 25476 --- [todo] [pool-1-thread-2] c.t.d.todo.mapper.ToDoMapper.countAll    : ==>  Preparing: SELECT COUNT(*) FROM todo WHERE status = ?
2025-11-25T15:58:18.872+08:00 DEBUG 25476 --- [todo] [pool-1-thread-2] c.t.d.todo.mapper.ToDoMapper.countAll    : ==> Parameters: 10(String)
2025-11-25T15:58:18.873+08:00 DEBUG 25476 --- [todo] [pool-1-thread-2] c.t.d.todo.mapper.ToDoMapper.countAll    : <==      Total: 1
2025-11-25T15:58:28.862+08:00 DEBUG 25476 --- [todo] [pool-1-thread-1] c.t.demo.todo.mapper.ToDoMapper.query    : ==>  Preparing: SELECT td.id,td.title,td.status,td.message_level as messageLevel , td.tag,td.description,td.message,td.create_time as createTime, td.expire_time as expireTime,td.complete_time as completeTime, td.update_time as updateTime,ta.code AS tagCode FROM todo AS td INNER JOIN tag AS ta ON td.tag = ta.code WHERE status = ? ORDER BY create_time DESC
2025-11-25T15:58:28.863+08:00 DEBUG 25476 --- [todo] [pool-1-thread-1] c.t.demo.todo.mapper.ToDoMapper.query    : ==> Parameters: 10(String)
2025-11-25T15:58:28.864+08:00 DEBUG 25476 --- [todo] [pool-1-thread-1] c.t.demo.todo.mapper.ToDoMapper.query    : <==      Total: 1
2025-11-25T15:58:28.864+08:00 DEBUG 25476 --- [todo] [pool-1-thread-1] c.t.d.todo.mapper.ToDoMapper.countAll    : ==>  Preparing: SELECT COUNT(*) FROM todo WHERE status = ?
2025-11-25T15:58:28.864+08:00 DEBUG 25476 --- [todo] [pool-1-thread-1] c.t.d.todo.mapper.ToDoMapper.countAll    : ==> Parameters: 10(String)
2025-11-25T15:58:28.865+08:00 DEBUG 25476 --- [todo] [pool-1-thread-1] c.t.d.todo.mapper.ToDoMapper.countAll    : <==      Total: 1
2025-11-25T15:58:38.866+08:00 DEBUG 25476 --- [todo] [pool-1-thread-1] c.t.d.todo.mapper.ToDoMapper.countAll    : ==>  Preparing: SELECT COUNT(*) FROM todo WHERE status = ?
2025-11-25T15:58:38.867+08:00 DEBUG 25476 --- [todo] [pool-1-thread-1] c.t.d.todo.mapper.ToDoMapper.countAll    : ==> Parameters: 10(String)
2025-11-25T15:58:38.868+08:00 DEBUG 25476 --- [todo] [pool-1-thread-1] c.t.d.todo.mapper.ToDoMapper.countAll    : <==      Total: 1
2025-11-25T15:58:44.238+08:00 DEBUG 25476 --- [todo] [http-nio-8065-exec-9] c.t.demo.todo.controller.ToDoController  : 查询参数:ToDoQuery(id=null, title=, tag=null, messageLevel=null, message=, tagCode=null, status=10, pageNumber=1, pageSize=2)
2025-11-25T15:58:44.238+08:00 DEBUG 25476 --- [todo] [http-nio-8065-exec-9] c.t.demo.todo.mapper.ToDoMapper.query    : ==>  Preparing: SELECT td.id,td.title,td.status,td.message_level as messageLevel , td.tag,td.description,td.message,td.create_time as createTime, td.expire_time as expireTime,td.complete_time as completeTime, td.update_time as updateTime,ta.code AS tagCode FROM todo AS td INNER JOIN tag AS ta ON td.tag = ta.code WHERE status = ? ORDER BY create_time DESC LIMIT ?,?
2025-11-25T15:58:44.239+08:00 DEBUG 25476 --- [todo] [http-nio-8065-exec-9] c.t.demo.todo.mapper.ToDoMapper.query    : ==> Parameters: 10(String), 0(Integer), 2(Integer)
2025-11-25T15:58:44.239+08:00 DEBUG 25476 --- [todo] [http-nio-8065-exec-9] c.t.demo.todo.mapper.ToDoMapper.query    : <==      Total: 1
2025-11-25T15:58:44.239+08:00 DEBUG 25476 --- [todo] [http-nio-8065-exec-9] c.t.d.todo.mapper.ToDoMapper.countAll    : ==>  Preparing: SELECT COUNT(*) FROM todo WHERE status = ?
2025-11-25T15:58:44.240+08:00 DEBUG 25476 --- [todo] [http-nio-8065-exec-9] c.t.d.todo.mapper.ToDoMapper.countAll    : ==> Parameters: 10(String)
2025-11-25T15:58:44.240+08:00 DEBUG 25476 --- [todo] [http-nio-8065-exec-9] c.t.d.todo.mapper.ToDoMapper.countAll    : <==      Total: 1
2025-11-25T15:58:48.867+08:00 DEBUG 25476 --- [todo] [pool-1-thread-1] c.t.d.todo.mapper.ToDoMapper.countAll    : ==>  Preparing: SELECT COUNT(*) FROM todo WHERE status = ?
2025-11-25T15:58:48.868+08:00 DEBUG 25476 --- [todo] [pool-1-thread-1] c.t.d.todo.mapper.ToDoMapper.countAll    : ==> Parameters: 10(String)
2025-11-25T15:58:48.869+08:00 DEBUG 25476 --- [todo] [pool-1-thread-1] c.t.d.todo.mapper.ToDoMapper.countAll    : <==      Total: 1
2025-11-25T15:58:58.866+08:00 DEBUG 25476 --- [todo] [pool-1-thread-1] c.t.d.todo.mapper.ToDoMapper.countAll    : ==>  Preparing: SELECT COUNT(*) FROM todo WHERE status = ?
2025-11-25T15:58:58.867+08:00 DEBUG 25476 --- [todo] [pool-1-thread-1] c.t.d.todo.mapper.ToDoMapper.countAll    : ==> Parameters: 10(String)
2025-11-25T15:58:58.867+08:00 DEBUG 25476 --- [todo] [pool-1-thread-1] c.t.d.todo.mapper.ToDoMapper.countAll    : <==      Total: 1
2025-11-25T15:59:08.876+08:00 DEBUG 25476 --- [todo] [pool-1-thread-1] c.t.d.todo.mapper.ToDoMapper.countAll    : ==>  Preparing: SELECT COUNT(*) FROM todo WHERE status = ?
2025-11-25T15:59:08.877+08:00 DEBUG 25476 --- [todo] [pool-1-thread-1] c.t.d.todo.mapper.ToDoMapper.countAll    : ==> Parameters: 10(String)
2025-11-25T15:59:08.877+08:00 DEBUG 25476 --- [todo] [pool-1-thread-1] c.t.d.todo.mapper.ToDoMapper.countAll    : <==      Total: 1
2025-11-25T15:59:18.867+08:00 DEBUG 25476 --- [todo] [pool-1-thread-1] c.t.d.todo.mapper.ToDoMapper.countAll    : ==>  Preparing: SELECT COUNT(*) FROM todo WHERE status = ?
2025-11-25T15:59:18.867+08:00 DEBUG 25476 --- [todo] [pool-1-thread-1] c.t.d.todo.mapper.ToDoMapper.countAll    : ==> Parameters: 10(String)
2025-11-25T15:59:18.869+08:00 DEBUG 25476 --- [todo] [pool-1-thread-1] c.t.d.todo.mapper.ToDoMapper.countAll    : <==      Total: 1
2025-11-25T15:59:28.873+08:00 DEBUG 25476 --- [todo] [pool-1-thread-3] c.t.d.todo.mapper.ToDoMapper.countAll    : ==>  Preparing: SELECT COUNT(*) FROM todo WHERE status = ?
2025-11-25T15:59:28.873+08:00 DEBUG 25476 --- [todo] [pool-1-thread-2] c.t.demo.todo.mapper.ToDoMapper.query    : ==>  Preparing: SELECT td.id,td.title,td.status,td.message_level as messageLevel , td.tag,td.description,td.message,td.create_time as createTime, td.expire_time as expireTime,td.complete_time as completeTime, td.update_time as updateTime,ta.code AS tagCode FROM todo AS td INNER JOIN tag AS ta ON td.tag = ta.code WHERE status = ? ORDER BY create_time DESC
2025-11-25T15:59:28.873+08:00 DEBUG 25476 --- [todo] [pool-1-thread-3] c.t.d.todo.mapper.ToDoMapper.countAll    : ==> Parameters: 10(String)
2025-11-25T15:59:28.873+08:00 DEBUG 25476 --- [todo] [pool-1-thread-2] c.t.demo.todo.mapper.ToDoMapper.query    : ==> Parameters: 10(String)
2025-11-25T15:59:28.873+08:00 DEBUG 25476 --- [todo] [pool-1-thread-3] c.t.d.todo.mapper.ToDoMapper.countAll    : <==      Total: 1
2025-11-25T15:59:28.875+08:00 DEBUG 25476 --- [todo] [pool-1-thread-2] c.t.demo.todo.mapper.ToDoMapper.query    : <==      Total: 1
2025-11-25T15:59:38.868+08:00 DEBUG 25476 --- [todo] [pool-1-thread-3] c.t.d.todo.mapper.ToDoMapper.countAll    : ==>  Preparing: SELECT COUNT(*) FROM todo WHERE status = ?
2025-11-25T15:59:38.868+08:00 DEBUG 25476 --- [todo] [pool-1-thread-3] c.t.d.todo.mapper.ToDoMapper.countAll    : ==> Parameters: 10(String)
2025-11-25T15:59:38.868+08:00 DEBUG 25476 --- [todo] [pool-1-thread-3] c.t.d.todo.mapper.ToDoMapper.countAll    : <==      Total: 1
2025-11-25T15:59:48.870+08:00 DEBUG 25476 --- [todo] [pool-1-thread-3] c.t.d.todo.mapper.ToDoMapper.countAll    : ==>  Preparing: SELECT COUNT(*) FROM todo WHERE status = ?
2025-11-25T15:59:48.870+08:00 DEBUG 25476 --- [todo] [pool-1-thread-3] c.t.d.todo.mapper.ToDoMapper.countAll    : ==> Parameters: 10(String)
2025-11-25T15:59:48.871+08:00 DEBUG 25476 --- [todo] [pool-1-thread-3] c.t.d.todo.mapper.ToDoMapper.countAll    : <==      Total: 1
2025-11-25T15:59:58.878+08:00 DEBUG 25476 --- [todo] [pool-1-thread-3] c.t.d.todo.mapper.ToDoMapper.countAll    : ==>  Preparing: SELECT COUNT(*) FROM todo WHERE status = ?
2025-11-25T15:59:58.878+08:00 DEBUG 25476 --- [todo] [pool-1-thread-3] c.t.d.todo.mapper.ToDoMapper.countAll    : ==> Parameters: 10(String)
2025-11-25T15:59:58.879+08:00 DEBUG 25476 --- [todo] [pool-1-thread-3] c.t.d.todo.mapper.ToDoMapper.countAll    : <==      Total: 1
2025-11-25T16:00:08.868+08:00 DEBUG 25476 --- [todo] [pool-1-thread-3] c.t.d.todo.mapper.ToDoMapper.countAll    : ==>  Preparing: SELECT COUNT(*) FROM todo WHERE status = ?
2025-11-25T16:00:08.870+08:00 DEBUG 25476 --- [todo] [pool-1-thread-3] c.t.d.todo.mapper.ToDoMapper.countAll    : ==> Parameters: 10(String)
2025-11-25T16:00:08.870+08:00 DEBUG 25476 --- [todo] [pool-1-thread-3] c.t.d.todo.mapper.ToDoMapper.countAll    : <==      Total: 1
2025-11-25T16:00:18.875+08:00 DEBUG 25476 --- [todo] [pool-1-thread-3] c.t.d.todo.mapper.ToDoMapper.countAll    : ==>  Preparing: SELECT COUNT(*) FROM todo WHERE status = ?
2025-11-25T16:00:18.876+08:00 DEBUG 25476 --- [todo] [pool-1-thread-3] c.t.d.todo.mapper.ToDoMapper.countAll    : ==> Parameters: 10(String)
2025-11-25T16:00:18.877+08:00 DEBUG 25476 --- [todo] [pool-1-thread-3] c.t.d.todo.mapper.ToDoMapper.countAll    : <==      Total: 1
2025-11-25T16:00:28.876+08:00 DEBUG 25476 --- [todo] [pool-1-thread-1] c.t.demo.todo.mapper.ToDoMapper.query    : ==>  Preparing: SELECT td.id,td.title,td.status,td.message_level as messageLevel , td.tag,td.description,td.message,td.create_time as createTime, td.expire_time as expireTime,td.complete_time as completeTime, td.update_time as updateTime,ta.code AS tagCode FROM todo AS td INNER JOIN tag AS ta ON td.tag = ta.code WHERE status = ? ORDER BY create_time DESC
2025-11-25T16:00:28.876+08:00 DEBUG 25476 --- [todo] [pool-1-thread-2] c.t.d.todo.mapper.ToDoMapper.countAll    : ==>  Preparing: SELECT COUNT(*) FROM todo WHERE status = ?
2025-11-25T16:00:28.876+08:00 DEBUG 25476 --- [todo] [pool-1-thread-1] c.t.demo.todo.mapper.ToDoMapper.query    : ==> Parameters: 10(String)
2025-11-25T16:00:28.876+08:00 DEBUG 25476 --- [todo] [pool-1-thread-2] c.t.d.todo.mapper.ToDoMapper.countAll    : ==> Parameters: 10(String)
2025-11-25T16:00:28.877+08:00 DEBUG 25476 --- [todo] [pool-1-thread-2] c.t.d.todo.mapper.ToDoMapper.countAll    : <==      Total: 1
2025-11-25T16:00:28.877+08:00 DEBUG 25476 --- [todo] [pool-1-thread-1] c.t.demo.todo.mapper.ToDoMapper.query    : <==      Total: 1
2025-11-25T16:00:38.878+08:00 DEBUG 25476 --- [todo] [pool-1-thread-2] c.t.d.todo.mapper.ToDoMapper.countAll    : ==>  Preparing: SELECT COUNT(*) FROM todo WHERE status = ?
2025-11-25T16:00:38.878+08:00 DEBUG 25476 --- [todo] [pool-1-thread-2] c.t.d.todo.mapper.ToDoMapper.countAll    : ==> Parameters: 10(String)
2025-11-25T16:00:38.879+08:00 DEBUG 25476 --- [todo] [pool-1-thread-2] c.t.d.todo.mapper.ToDoMapper.countAll    : <==      Total: 1
2025-11-25T16:00:48.879+08:00 DEBUG 25476 --- [todo] [pool-1-thread-2] c.t.d.todo.mapper.ToDoMapper.countAll    : ==>  Preparing: SELECT COUNT(*) FROM todo WHERE status = ?
2025-11-25T16:00:48.879+08:00 DEBUG 25476 --- [todo] [pool-1-thread-2] c.t.d.todo.mapper.ToDoMapper.countAll    : ==> Parameters: 10(String)
2025-11-25T16:00:48.880+08:00 DEBUG 25476 --- [todo] [pool-1-thread-2] c.t.d.todo.mapper.ToDoMapper.countAll    : <==      Total: 1
2025-11-25T16:00:58.869+08:00 DEBUG 25476 --- [todo] [pool-1-thread-2] c.t.d.todo.mapper.ToDoMapper.countAll    : ==>  Preparing: SELECT COUNT(*) FROM todo WHERE status = ?
2025-11-25T16:00:58.870+08:00 DEBUG 25476 --- [todo] [pool-1-thread-2] c.t.d.todo.mapper.ToDoMapper.countAll    : ==> Parameters: 10(String)
2025-11-25T16:00:58.870+08:00 DEBUG 25476 --- [todo] [pool-1-thread-2] c.t.d.todo.mapper.ToDoMapper.countAll    : <==      Total: 1
2025-11-25T16:01:08.870+08:00 DEBUG 25476 --- [todo] [pool-1-thread-2] c.t.d.todo.mapper.ToDoMapper.countAll    : ==>  Preparing: SELECT COUNT(*) FROM todo WHERE status = ?
2025-11-25T16:01:08.871+08:00 DEBUG 25476 --- [todo] [pool-1-thread-2] c.t.d.todo.mapper.ToDoMapper.countAll    : ==> Parameters: 10(String)
2025-11-25T16:01:08.871+08:00 DEBUG 25476 --- [todo] [pool-1-thread-2] c.t.d.todo.mapper.ToDoMapper.countAll    : <==      Total: 1
2025-11-25T16:01:18.871+08:00 DEBUG 25476 --- [todo] [pool-1-thread-2] c.t.d.todo.mapper.ToDoMapper.countAll    : ==>  Preparing: SELECT COUNT(*) FROM todo WHERE status = ?
2025-11-25T16:01:18.871+08:00 DEBUG 25476 --- [todo] [pool-1-thread-2] c.t.d.todo.mapper.ToDoMapper.countAll    : ==> Parameters: 10(String)
2025-11-25T16:01:18.872+08:00 DEBUG 25476 --- [todo] [pool-1-thread-2] c.t.d.todo.mapper.ToDoMapper.countAll    : <==      Total: 1
2025-11-25T16:01:28.863+08:00 DEBUG 25476 --- [todo] [pool-1-thread-3] c.t.demo.todo.mapper.ToDoMapper.query    : ==>  Preparing: SELECT td.id,td.title,td.status,td.message_level as messageLevel , td.tag,td.description,td.message,td.create_time as createTime, td.expire_time as expireTime,td.complete_time as completeTime, td.update_time as updateTime,ta.code AS tagCode FROM todo AS td INNER JOIN tag AS ta ON td.tag = ta.code WHERE status = ? ORDER BY create_time DESC
2025-11-25T16:01:28.863+08:00 DEBUG 25476 --- [todo] [pool-1-thread-1] c.t.d.todo.mapper.ToDoMapper.countAll    : ==>  Preparing: SELECT COUNT(*) FROM todo WHERE status = ?
2025-11-25T16:01:28.864+08:00 DEBUG 25476 --- [todo] [pool-1-thread-3] c.t.demo.todo.mapper.ToDoMapper.query    : ==> Parameters: 10(String)
2025-11-25T16:01:28.864+08:00 DEBUG 25476 --- [todo] [pool-1-thread-1] c.t.d.todo.mapper.ToDoMapper.countAll    : ==> Parameters: 10(String)
2025-11-25T16:01:28.866+08:00 DEBUG 25476 --- [todo] [pool-1-thread-1] c.t.d.todo.mapper.ToDoMapper.countAll    : <==      Total: 1
2025-11-25T16:01:28.866+08:00 DEBUG 25476 --- [todo] [pool-1-thread-3] c.t.demo.todo.mapper.ToDoMapper.query    : <==      Total: 1
2025-11-25T16:01:38.865+08:00 DEBUG 25476 --- [todo] [pool-1-thread-1] c.t.d.todo.mapper.ToDoMapper.countAll    : ==>  Preparing: SELECT COUNT(*) FROM todo WHERE status = ?
2025-11-25T16:01:38.865+08:00 DEBUG 25476 --- [todo] [pool-1-thread-1] c.t.d.todo.mapper.ToDoMapper.countAll    : ==> Parameters: 10(String)
2025-11-25T16:01:38.867+08:00 DEBUG 25476 --- [todo] [pool-1-thread-1] c.t.d.todo.mapper.ToDoMapper.countAll    : <==      Total: 1
2025-11-25T16:01:48.865+08:00 DEBUG 25476 --- [todo] [pool-1-thread-1] c.t.d.todo.mapper.ToDoMapper.countAll    : ==>  Preparing: SELECT COUNT(*) FROM todo WHERE status = ?
2025-11-25T16:01:48.865+08:00 DEBUG 25476 --- [todo] [pool-1-thread-1] c.t.d.todo.mapper.ToDoMapper.countAll    : ==> Parameters: 10(String)
2025-11-25T16:01:48.866+08:00 DEBUG 25476 --- [todo] [pool-1-thread-1] c.t.d.todo.mapper.ToDoMapper.countAll    : <==      Total: 1
2025-11-25T16:01:58.869+08:00 DEBUG 25476 --- [todo] [pool-1-thread-1] c.t.d.todo.mapper.ToDoMapper.countAll    : ==>  Preparing: SELECT COUNT(*) FROM todo WHERE status = ?
2025-11-25T16:01:58.869+08:00 DEBUG 25476 --- [todo] [pool-1-thread-1] c.t.d.todo.mapper.ToDoMapper.countAll    : ==> Parameters: 10(String)
2025-11-25T16:01:58.871+08:00 DEBUG 25476 --- [todo] [pool-1-thread-1] c.t.d.todo.mapper.ToDoMapper.countAll    : <==      Total: 1
2025-11-25T16:02:08.874+08:00 DEBUG 25476 --- [todo] [pool-1-thread-1] c.t.d.todo.mapper.ToDoMapper.countAll    : ==>  Preparing: SELECT COUNT(*) FROM todo WHERE status = ?
2025-11-25T16:02:08.874+08:00 DEBUG 25476 --- [todo] [pool-1-thread-1] c.t.d.todo.mapper.ToDoMapper.countAll    : ==> Parameters: 10(String)
2025-11-25T16:02:08.875+08:00 DEBUG 25476 --- [todo] [pool-1-thread-1] c.t.d.todo.mapper.ToDoMapper.countAll    : <==      Total: 1
2025-11-25T16:02:18.877+08:00 DEBUG 25476 --- [todo] [pool-1-thread-1] c.t.d.todo.mapper.ToDoMapper.countAll    : ==>  Preparing: SELECT COUNT(*) FROM todo WHERE status = ?
2025-11-25T16:02:18.879+08:00 DEBUG 25476 --- [todo] [pool-1-thread-1] c.t.d.todo.mapper.ToDoMapper.countAll    : ==> Parameters: 10(String)
2025-11-25T16:02:18.880+08:00 DEBUG 25476 --- [todo] [pool-1-thread-1] c.t.d.todo.mapper.ToDoMapper.countAll    : <==      Total: 1
2025-11-25T16:02:28.873+08:00 DEBUG 25476 --- [todo] [pool-1-thread-2] c.t.demo.todo.mapper.ToDoMapper.query    : ==>  Preparing: SELECT td.id,td.title,td.status,td.message_level as messageLevel , td.tag,td.description,td.message,td.create_time as createTime, td.expire_time as expireTime,td.complete_time as completeTime, td.update_time as updateTime,ta.code AS tagCode FROM todo AS td INNER JOIN tag AS ta ON td.tag = ta.code WHERE status = ? ORDER BY create_time DESC
2025-11-25T16:02:28.874+08:00 DEBUG 25476 --- [todo] [pool-1-thread-2] c.t.demo.todo.mapper.ToDoMapper.query    : ==> Parameters: 10(String)
2025-11-25T16:02:28.875+08:00 DEBUG 25476 --- [todo] [pool-1-thread-3] c.t.d.todo.mapper.ToDoMapper.countAll    : ==>  Preparing: SELECT COUNT(*) FROM todo WHERE status = ?
2025-11-25T16:02:28.876+08:00 DEBUG 25476 --- [todo] [pool-1-thread-3] c.t.d.todo.mapper.ToDoMapper.countAll    : ==> Parameters: 10(String)
2025-11-25T16:02:28.876+08:00 DEBUG 25476 --- [todo] [pool-1-thread-2] c.t.demo.todo.mapper.ToDoMapper.query    : <==      Total: 1
2025-11-25T16:02:28.876+08:00 DEBUG 25476 --- [todo] [pool-1-thread-3] c.t.d.todo.mapper.ToDoMapper.countAll    : <==      Total: 1
2025-11-25T16:02:38.865+08:00 DEBUG 25476 --- [todo] [pool-1-thread-3] c.t.d.todo.mapper.ToDoMapper.countAll    : ==>  Preparing: SELECT COUNT(*) FROM todo WHERE status = ?
2025-11-25T16:02:38.865+08:00 DEBUG 25476 --- [todo] [pool-1-thread-3] c.t.d.todo.mapper.ToDoMapper.countAll    : ==> Parameters: 10(String)
2025-11-25T16:02:38.867+08:00 DEBUG 25476 --- [todo] [pool-1-thread-3] c.t.d.todo.mapper.ToDoMapper.countAll    : <==      Total: 1
2025-11-25T16:02:48.877+08:00 DEBUG 25476 --- [todo] [pool-1-thread-3] c.t.d.todo.mapper.ToDoMapper.countAll    : ==>  Preparing: SELECT COUNT(*) FROM todo WHERE status = ?
2025-11-25T16:02:48.878+08:00 DEBUG 25476 --- [todo] [pool-1-thread-3] c.t.d.todo.mapper.ToDoMapper.countAll    : ==> Parameters: 10(String)
2025-11-25T16:02:48.878+08:00 DEBUG 25476 --- [todo] [pool-1-thread-3] c.t.d.todo.mapper.ToDoMapper.countAll    : <==      Total: 1
2025-11-25T16:02:58.870+08:00 DEBUG 25476 --- [todo] [pool-1-thread-3] c.t.d.todo.mapper.ToDoMapper.countAll    : ==>  Preparing: SELECT COUNT(*) FROM todo WHERE status = ?
2025-11-25T16:02:58.870+08:00 DEBUG 25476 --- [todo] [pool-1-thread-3] c.t.d.todo.mapper.ToDoMapper.countAll    : ==> Parameters: 10(String)
2025-11-25T16:02:58.871+08:00 DEBUG 25476 --- [todo] [pool-1-thread-3] c.t.d.todo.mapper.ToDoMapper.countAll    : <==      Total: 1
2025-11-25T16:03:08.863+08:00 DEBUG 25476 --- [todo] [pool-1-thread-3] c.t.d.todo.mapper.ToDoMapper.countAll    : ==>  Preparing: SELECT COUNT(*) FROM todo WHERE status = ?
2025-11-25T16:03:08.863+08:00 DEBUG 25476 --- [todo] [pool-1-thread-3] c.t.d.todo.mapper.ToDoMapper.countAll    : ==> Parameters: 10(String)
2025-11-25T16:03:08.865+08:00 DEBUG 25476 --- [todo] [pool-1-thread-3] c.t.d.todo.mapper.ToDoMapper.countAll    : <==      Total: 1
2025-11-25T16:03:18.878+08:00 DEBUG 25476 --- [todo] [pool-1-thread-3] c.t.d.todo.mapper.ToDoMapper.countAll    : ==>  Preparing: SELECT COUNT(*) FROM todo WHERE status = ?
2025-11-25T16:03:18.878+08:00 DEBUG 25476 --- [todo] [pool-1-thread-3] c.t.d.todo.mapper.ToDoMapper.countAll    : ==> Parameters: 10(String)
2025-11-25T16:03:18.879+08:00 DEBUG 25476 --- [todo] [pool-1-thread-3] c.t.d.todo.mapper.ToDoMapper.countAll    : <==      Total: 1
2025-11-25T16:03:28.863+08:00 DEBUG 25476 --- [todo] [pool-1-thread-2] c.t.d.todo.mapper.ToDoMapper.countAll    : ==>  Preparing: SELECT COUNT(*) FROM todo WHERE status = ?
2025-11-25T16:03:28.863+08:00 DEBUG 25476 --- [todo] [pool-1-thread-1] c.t.demo.todo.mapper.ToDoMapper.query    : ==>  Preparing: SELECT td.id,td.title,td.status,td.message_level as messageLevel , td.tag,td.description,td.message,td.create_time as createTime, td.expire_time as expireTime,td.complete_time as completeTime, td.update_time as updateTime,ta.code AS tagCode FROM todo AS td INNER JOIN tag AS ta ON td.tag = ta.code WHERE status = ? ORDER BY create_time DESC
2025-11-25T16:03:28.863+08:00 DEBUG 25476 --- [todo] [pool-1-thread-2] c.t.d.todo.mapper.ToDoMapper.countAll    : ==> Parameters: 10(String)
2025-11-25T16:03:28.863+08:00 DEBUG 25476 --- [todo] [pool-1-thread-1] c.t.demo.todo.mapper.ToDoMapper.query    : ==> Parameters: 10(String)
2025-11-25T16:03:28.864+08:00 DEBUG 25476 --- [todo] [pool-1-thread-2] c.t.d.todo.mapper.ToDoMapper.countAll    : <==      Total: 1
2025-11-25T16:03:28.864+08:00 DEBUG 25476 --- [todo] [pool-1-thread-1] c.t.demo.todo.mapper.ToDoMapper.query    : <==      Total: 1
2025-11-25T16:03:38.870+08:00 DEBUG 25476 --- [todo] [pool-1-thread-2] c.t.d.todo.mapper.ToDoMapper.countAll    : ==>  Preparing: SELECT COUNT(*) FROM todo WHERE status = ?
2025-11-25T16:03:38.870+08:00 DEBUG 25476 --- [todo] [pool-1-thread-2] c.t.d.todo.mapper.ToDoMapper.countAll    : ==> Parameters: 10(String)
2025-11-25T16:03:38.871+08:00 DEBUG 25476 --- [todo] [pool-1-thread-2] c.t.d.todo.mapper.ToDoMapper.countAll    : <==      Total: 1
2025-11-25T16:03:48.868+08:00 DEBUG 25476 --- [todo] [pool-1-thread-2] c.t.d.todo.mapper.ToDoMapper.countAll    : ==>  Preparing: SELECT COUNT(*) FROM todo WHERE status = ?
2025-11-25T16:03:48.868+08:00 DEBUG 25476 --- [todo] [pool-1-thread-2] c.t.d.todo.mapper.ToDoMapper.countAll    : ==> Parameters: 10(String)
2025-11-25T16:03:48.869+08:00 DEBUG 25476 --- [todo] [pool-1-thread-2] c.t.d.todo.mapper.ToDoMapper.countAll    : <==      Total: 1
2025-11-25T16:03:58.872+08:00 DEBUG 25476 --- [todo] [pool-1-thread-2] c.t.d.todo.mapper.ToDoMapper.countAll    : ==>  Preparing: SELECT COUNT(*) FROM todo WHERE status = ?
2025-11-25T16:03:58.873+08:00 DEBUG 25476 --- [todo] [pool-1-thread-2] c.t.d.todo.mapper.ToDoMapper.countAll    : ==> Parameters: 10(String)
2025-11-25T16:03:58.873+08:00 DEBUG 25476 --- [todo] [pool-1-thread-2] c.t.d.todo.mapper.ToDoMapper.countAll    : <==      Total: 1
2025-11-25T16:04:08.870+08:00 DEBUG 25476 --- [todo] [pool-1-thread-2] c.t.d.todo.mapper.ToDoMapper.countAll    : ==>  Preparing: SELECT COUNT(*) FROM todo WHERE status = ?
2025-11-25T16:04:08.871+08:00 DEBUG 25476 --- [todo] [pool-1-thread-2] c.t.d.todo.mapper.ToDoMapper.countAll    : ==> Parameters: 10(String)
2025-11-25T16:04:08.871+08:00 DEBUG 25476 --- [todo] [pool-1-thread-2] c.t.d.todo.mapper.ToDoMapper.countAll    : <==      Total: 1
2025-11-25T16:04:18.866+08:00 DEBUG 25476 --- [todo] [pool-1-thread-2] c.t.d.todo.mapper.ToDoMapper.countAll    : ==>  Preparing: SELECT COUNT(*) FROM todo WHERE status = ?
2025-11-25T16:04:18.866+08:00 DEBUG 25476 --- [todo] [pool-1-thread-2] c.t.d.todo.mapper.ToDoMapper.countAll    : ==> Parameters: 10(String)
2025-11-25T16:04:18.867+08:00 DEBUG 25476 --- [todo] [pool-1-thread-2] c.t.d.todo.mapper.ToDoMapper.countAll    : <==      Total: 1
2025-11-25T16:04:28.867+08:00 DEBUG 25476 --- [todo] [pool-1-thread-1] c.t.d.todo.mapper.ToDoMapper.countAll    : ==>  Preparing: SELECT COUNT(*) FROM todo WHERE status = ?
2025-11-25T16:04:28.867+08:00 DEBUG 25476 --- [todo] [pool-1-thread-3] c.t.demo.todo.mapper.ToDoMapper.query    : ==>  Preparing: SELECT td.id,td.title,td.status,td.message_level as messageLevel , td.tag,td.description,td.message,td.create_time as createTime, td.expire_time as expireTime,td.complete_time as completeTime, td.update_time as updateTime,ta.code AS tagCode FROM todo AS td INNER JOIN tag AS ta ON td.tag = ta.code WHERE status = ? ORDER BY create_time DESC
2025-11-25T16:04:28.868+08:00 DEBUG 25476 --- [todo] [pool-1-thread-1] c.t.d.todo.mapper.ToDoMapper.countAll    : ==> Parameters: 10(String)
2025-11-25T16:04:28.868+08:00 DEBUG 25476 --- [todo] [pool-1-thread-3] c.t.demo.todo.mapper.ToDoMapper.query    : ==> Parameters: 10(String)
2025-11-25T16:04:28.868+08:00 DEBUG 25476 --- [todo] [pool-1-thread-1] c.t.d.todo.mapper.ToDoMapper.countAll    : <==      Total: 1
2025-11-25T16:04:28.868+08:00 DEBUG 25476 --- [todo] [pool-1-thread-3] c.t.demo.todo.mapper.ToDoMapper.query    : <==      Total: 1
2025-11-25T16:04:38.865+08:00 DEBUG 25476 --- [todo] [pool-1-thread-1] c.t.d.todo.mapper.ToDoMapper.countAll    : ==>  Preparing: SELECT COUNT(*) FROM todo WHERE status = ?
2025-11-25T16:04:38.865+08:00 DEBUG 25476 --- [todo] [pool-1-thread-1] c.t.d.todo.mapper.ToDoMapper.countAll    : ==> Parameters: 10(String)
2025-11-25T16:04:38.865+08:00 DEBUG 25476 --- [todo] [pool-1-thread-1] c.t.d.todo.mapper.ToDoMapper.countAll    : <==      Total: 1
2025-11-25T16:04:48.871+08:00 DEBUG 25476 --- [todo] [pool-1-thread-1] c.t.d.todo.mapper.ToDoMapper.countAll    : ==>  Preparing: SELECT COUNT(*) FROM todo WHERE status = ?
2025-11-25T16:04:48.871+08:00 DEBUG 25476 --- [todo] [pool-1-thread-1] c.t.d.todo.mapper.ToDoMapper.countAll    : ==> Parameters: 10(String)
2025-11-25T16:04:48.872+08:00 DEBUG 25476 --- [todo] [pool-1-thread-1] c.t.d.todo.mapper.ToDoMapper.countAll    : <==      Total: 1
2025-11-25T16:04:58.877+08:00 DEBUG 25476 --- [todo] [pool-1-thread-1] c.t.d.todo.mapper.ToDoMapper.countAll    : ==>  Preparing: SELECT COUNT(*) FROM todo WHERE status = ?
2025-11-25T16:04:58.877+08:00 DEBUG 25476 --- [todo] [pool-1-thread-1] c.t.d.todo.mapper.ToDoMapper.countAll    : ==> Parameters: 10(String)
2025-11-25T16:04:58.878+08:00 DEBUG 25476 --- [todo] [pool-1-thread-1] c.t.d.todo.mapper.ToDoMapper.countAll    : <==      Total: 1
2025-11-25T16:05:08.865+08:00 DEBUG 25476 --- [todo] [pool-1-thread-1] c.t.d.todo.mapper.ToDoMapper.countAll    : ==>  Preparing: SELECT COUNT(*) FROM todo WHERE status = ?
2025-11-25T16:05:08.865+08:00 DEBUG 25476 --- [todo] [pool-1-thread-1] c.t.d.todo.mapper.ToDoMapper.countAll    : ==> Parameters: 10(String)
2025-11-25T16:05:08.866+08:00 DEBUG 25476 --- [todo] [pool-1-thread-1] c.t.d.todo.mapper.ToDoMapper.countAll    : <==      Total: 1
2025-11-25T16:05:18.873+08:00 DEBUG 25476 --- [todo] [pool-1-thread-1] c.t.d.todo.mapper.ToDoMapper.countAll    : ==>  Preparing: SELECT COUNT(*) FROM todo WHERE status = ?
2025-11-25T16:05:18.873+08:00 DEBUG 25476 --- [todo] [pool-1-thread-1] c.t.d.todo.mapper.ToDoMapper.countAll    : ==> Parameters: 10(String)
2025-11-25T16:05:18.874+08:00 DEBUG 25476 --- [todo] [pool-1-thread-1] c.t.d.todo.mapper.ToDoMapper.countAll    : <==      Total: 1
2025-11-25T16:05:28.872+08:00 DEBUG 25476 --- [todo] [pool-1-thread-3] c.t.d.todo.mapper.ToDoMapper.countAll    : ==>  Preparing: SELECT COUNT(*) FROM todo WHERE status = ?
2025-11-25T16:05:28.872+08:00 DEBUG 25476 --- [todo] [pool-1-thread-2] c.t.demo.todo.mapper.ToDoMapper.query    : ==>  Preparing: SELECT td.id,td.title,td.status,td.message_level as messageLevel , td.tag,td.description,td.message,td.create_time as createTime, td.expire_time as expireTime,td.complete_time as completeTime, td.update_time as updateTime,ta.code AS tagCode FROM todo AS td INNER JOIN tag AS ta ON td.tag = ta.code WHERE status = ? ORDER BY create_time DESC
2025-11-25T16:05:28.872+08:00 DEBUG 25476 --- [todo] [pool-1-thread-3] c.t.d.todo.mapper.ToDoMapper.countAll    : ==> Parameters: 10(String)
2025-11-25T16:05:28.872+08:00 DEBUG 25476 --- [todo] [pool-1-thread-2] c.t.demo.todo.mapper.ToDoMapper.query    : ==> Parameters: 10(String)
2025-11-25T16:05:28.873+08:00 DEBUG 25476 --- [todo] [pool-1-thread-3] c.t.d.todo.mapper.ToDoMapper.countAll    : <==      Total: 1
2025-11-25T16:05:28.873+08:00 DEBUG 25476 --- [todo] [pool-1-thread-2] c.t.demo.todo.mapper.ToDoMapper.query    : <==      Total: 1
2025-11-25T16:05:38.865+08:00 DEBUG 25476 --- [todo] [pool-1-thread-3] c.t.d.todo.mapper.ToDoMapper.countAll    : ==>  Preparing: SELECT COUNT(*) FROM todo WHERE status = ?
2025-11-25T16:05:38.865+08:00 DEBUG 25476 --- [todo] [pool-1-thread-3] c.t.d.todo.mapper.ToDoMapper.countAll    : ==> Parameters: 10(String)
2025-11-25T16:05:38.866+08:00 DEBUG 25476 --- [todo] [pool-1-thread-3] c.t.d.todo.mapper.ToDoMapper.countAll    : <==      Total: 1
2025-11-25T16:05:48.871+08:00 DEBUG 25476 --- [todo] [pool-1-thread-3] c.t.d.todo.mapper.ToDoMapper.countAll    : ==>  Preparing: SELECT COUNT(*) FROM todo WHERE status = ?
2025-11-25T16:05:48.871+08:00 DEBUG 25476 --- [todo] [pool-1-thread-3] c.t.d.todo.mapper.ToDoMapper.countAll    : ==> Parameters: 10(String)
2025-11-25T16:05:48.872+08:00 DEBUG 25476 --- [todo] [pool-1-thread-3] c.t.d.todo.mapper.ToDoMapper.countAll    : <==      Total: 1
2025-11-25T16:05:58.864+08:00 DEBUG 25476 --- [todo] [pool-1-thread-3] c.t.d.todo.mapper.ToDoMapper.countAll    : ==>  Preparing: SELECT COUNT(*) FROM todo WHERE status = ?
2025-11-25T16:05:58.864+08:00 DEBUG 25476 --- [todo] [pool-1-thread-3] c.t.d.todo.mapper.ToDoMapper.countAll    : ==> Parameters: 10(String)
2025-11-25T16:05:58.865+08:00 DEBUG 25476 --- [todo] [pool-1-thread-3] c.t.d.todo.mapper.ToDoMapper.countAll    : <==      Total: 1
2025-11-25T16:06:08.875+08:00 DEBUG 25476 --- [todo] [pool-1-thread-3] c.t.d.todo.mapper.ToDoMapper.countAll    : ==>  Preparing: SELECT COUNT(*) FROM todo WHERE status = ?
2025-11-25T16:06:08.875+08:00 DEBUG 25476 --- [todo] [pool-1-thread-3] c.t.d.todo.mapper.ToDoMapper.countAll    : ==> Parameters: 10(String)
2025-11-25T16:06:08.876+08:00 DEBUG 25476 --- [todo] [pool-1-thread-3] c.t.d.todo.mapper.ToDoMapper.countAll    : <==      Total: 1
2025-11-25T16:06:18.869+08:00 DEBUG 25476 --- [todo] [pool-1-thread-3] c.t.d.todo.mapper.ToDoMapper.countAll    : ==>  Preparing: SELECT COUNT(*) FROM todo WHERE status = ?
2025-11-25T16:06:18.869+08:00 DEBUG 25476 --- [todo] [pool-1-thread-3] c.t.d.todo.mapper.ToDoMapper.countAll    : ==> Parameters: 10(String)
2025-11-25T16:06:18.869+08:00 DEBUG 25476 --- [todo] [pool-1-thread-3] c.t.d.todo.mapper.ToDoMapper.countAll    : <==      Total: 1
2025-11-25T16:06:28.876+08:00 DEBUG 25476 --- [todo] [pool-1-thread-1] c.t.demo.todo.mapper.ToDoMapper.query    : ==>  Preparing: SELECT td.id,td.title,td.status,td.message_level as messageLevel , td.tag,td.description,td.message,td.create_time as createTime, td.expire_time as expireTime,td.complete_time as completeTime, td.update_time as updateTime,ta.code AS tagCode FROM todo AS td INNER JOIN tag AS ta ON td.tag = ta.code WHERE status = ? ORDER BY create_time DESC
2025-11-25T16:06:28.876+08:00 DEBUG 25476 --- [todo] [pool-1-thread-2] c.t.d.todo.mapper.ToDoMapper.countAll    : ==>  Preparing: SELECT COUNT(*) FROM todo WHERE status = ?
2025-11-25T16:06:28.877+08:00 DEBUG 25476 --- [todo] [pool-1-thread-1] c.t.demo.todo.mapper.ToDoMapper.query    : ==> Parameters: 10(String)
2025-11-25T16:06:28.877+08:00 DEBUG 25476 --- [todo] [pool-1-thread-2] c.t.d.todo.mapper.ToDoMapper.countAll    : ==> Parameters: 10(String)
2025-11-25T16:06:28.878+08:00 DEBUG 25476 --- [todo] [pool-1-thread-2] c.t.d.todo.mapper.ToDoMapper.countAll    : <==      Total: 1
2025-11-25T16:06:28.879+08:00 DEBUG 25476 --- [todo] [pool-1-thread-1] c.t.demo.todo.mapper.ToDoMapper.query    : <==      Total: 1
2025-11-25T16:06:38.866+08:00 DEBUG 25476 --- [todo] [pool-1-thread-2] c.t.d.todo.mapper.ToDoMapper.countAll    : ==>  Preparing: SELECT COUNT(*) FROM todo WHERE status = ?
2025-11-25T16:06:38.867+08:00 DEBUG 25476 --- [todo] [pool-1-thread-2] c.t.d.todo.mapper.ToDoMapper.countAll    : ==> Parameters: 10(String)
2025-11-25T16:06:38.867+08:00 DEBUG 25476 --- [todo] [pool-1-thread-2] c.t.d.todo.mapper.ToDoMapper.countAll    : <==      Total: 1
2025-11-25T16:06:48.868+08:00 DEBUG 25476 --- [todo] [pool-1-thread-2] c.t.d.todo.mapper.ToDoMapper.countAll    : ==>  Preparing: SELECT COUNT(*) FROM todo WHERE status = ?
2025-11-25T16:06:48.868+08:00 DEBUG 25476 --- [todo] [pool-1-thread-2] c.t.d.todo.mapper.ToDoMapper.countAll    : ==> Parameters: 10(String)
2025-11-25T16:06:48.869+08:00 DEBUG 25476 --- [todo] [pool-1-thread-2] c.t.d.todo.mapper.ToDoMapper.countAll    : <==      Total: 1
2025-11-25T16:06:58.870+08:00 DEBUG 25476 --- [todo] [pool-1-thread-2] c.t.d.todo.mapper.ToDoMapper.countAll    : ==>  Preparing: SELECT COUNT(*) FROM todo WHERE status = ?
2025-11-25T16:06:58.870+08:00 DEBUG 25476 --- [todo] [pool-1-thread-2] c.t.d.todo.mapper.ToDoMapper.countAll    : ==> Parameters: 10(String)
2025-11-25T16:06:58.872+08:00 DEBUG 25476 --- [todo] [pool-1-thread-2] c.t.d.todo.mapper.ToDoMapper.countAll    : <==      Total: 1
2025-11-25T16:07:08.876+08:00 DEBUG 25476 --- [todo] [pool-1-thread-2] c.t.d.todo.mapper.ToDoMapper.countAll    : ==>  Preparing: SELECT COUNT(*) FROM todo WHERE status = ?
2025-11-25T16:07:08.876+08:00 DEBUG 25476 --- [todo] [pool-1-thread-2] c.t.d.todo.mapper.ToDoMapper.countAll    : ==> Parameters: 10(String)
2025-11-25T16:07:08.877+08:00 DEBUG 25476 --- [todo] [pool-1-thread-2] c.t.d.todo.mapper.ToDoMapper.countAll    : <==      Total: 1
2025-11-25T16:07:18.865+08:00 DEBUG 25476 --- [todo] [pool-1-thread-2] c.t.d.todo.mapper.ToDoMapper.countAll    : ==>  Preparing: SELECT COUNT(*) FROM todo WHERE status = ?
2025-11-25T16:07:18.865+08:00 DEBUG 25476 --- [todo] [pool-1-thread-2] c.t.d.todo.mapper.ToDoMapper.countAll    : ==> Parameters: 10(String)
2025-11-25T16:07:18.867+08:00 DEBUG 25476 --- [todo] [pool-1-thread-2] c.t.d.todo.mapper.ToDoMapper.countAll    : <==      Total: 1
2025-11-25T16:07:28.872+08:00 DEBUG 25476 --- [todo] [pool-1-thread-3] c.t.demo.todo.mapper.ToDoMapper.query    : ==>  Preparing: SELECT td.id,td.title,td.status,td.message_level as messageLevel , td.tag,td.description,td.message,td.create_time as createTime, td.expire_time as expireTime,td.complete_time as completeTime, td.update_time as updateTime,ta.code AS tagCode FROM todo AS td INNER JOIN tag AS ta ON td.tag = ta.code WHERE status = ? ORDER BY create_time DESC
2025-11-25T16:07:28.872+08:00 DEBUG 25476 --- [todo] [pool-1-thread-1] c.t.d.todo.mapper.ToDoMapper.countAll    : ==>  Preparing: SELECT COUNT(*) FROM todo WHERE status = ?
2025-11-25T16:07:28.872+08:00 DEBUG 25476 --- [todo] [pool-1-thread-3] c.t.demo.todo.mapper.ToDoMapper.query    : ==> Parameters: 10(String)
2025-11-25T16:07:28.872+08:00 DEBUG 25476 --- [todo] [pool-1-thread-1] c.t.d.todo.mapper.ToDoMapper.countAll    : ==> Parameters: 10(String)
2025-11-25T16:07:28.873+08:00 DEBUG 25476 --- [todo] [pool-1-thread-1] c.t.d.todo.mapper.ToDoMapper.countAll    : <==      Total: 1
2025-11-25T16:07:28.873+08:00 DEBUG 25476 --- [todo] [pool-1-thread-3] c.t.demo.todo.mapper.ToDoMapper.query    : <==      Total: 1
2025-11-25T16:07:38.863+08:00 DEBUG 25476 --- [todo] [pool-1-thread-1] c.t.d.todo.mapper.ToDoMapper.countAll    : ==>  Preparing: SELECT COUNT(*) FROM todo WHERE status = ?
2025-11-25T16:07:38.864+08:00 DEBUG 25476 --- [todo] [pool-1-thread-1] c.t.d.todo.mapper.ToDoMapper.countAll    : ==> Parameters: 10(String)
2025-11-25T16:07:38.865+08:00 DEBUG 25476 --- [todo] [pool-1-thread-1] c.t.d.todo.mapper.ToDoMapper.countAll    : <==      Total: 1
2025-11-25T16:07:48.869+08:00 DEBUG 25476 --- [todo] [pool-1-thread-1] c.t.d.todo.mapper.ToDoMapper.countAll    : ==>  Preparing: SELECT COUNT(*) FROM todo WHERE status = ?
2025-11-25T16:07:48.870+08:00 DEBUG 25476 --- [todo] [pool-1-thread-1] c.t.d.todo.mapper.ToDoMapper.countAll    : ==> Parameters: 10(String)
2025-11-25T16:07:48.871+08:00 DEBUG 25476 --- [todo] [pool-1-thread-1] c.t.d.todo.mapper.ToDoMapper.countAll    : <==      Total: 1
2025-11-25T16:07:58.874+08:00 DEBUG 25476 --- [todo] [pool-1-thread-1] c.t.d.todo.mapper.ToDoMapper.countAll    : ==>  Preparing: SELECT COUNT(*) FROM todo WHERE status = ?
2025-11-25T16:07:58.874+08:00 DEBUG 25476 --- [todo] [pool-1-thread-1] c.t.d.todo.mapper.ToDoMapper.countAll    : ==> Parameters: 10(String)
2025-11-25T16:07:58.875+08:00 DEBUG 25476 --- [todo] [pool-1-thread-1] c.t.d.todo.mapper.ToDoMapper.countAll    : <==      Total: 1
2025-11-25T16:08:08.871+08:00 DEBUG 25476 --- [todo] [pool-1-thread-1] c.t.d.todo.mapper.ToDoMapper.countAll    : ==>  Preparing: SELECT COUNT(*) FROM todo WHERE status = ?
2025-11-25T16:08:08.871+08:00 DEBUG 25476 --- [todo] [pool-1-thread-1] c.t.d.todo.mapper.ToDoMapper.countAll    : ==> Parameters: 10(String)
2025-11-25T16:08:08.872+08:00 DEBUG 25476 --- [todo] [pool-1-thread-1] c.t.d.todo.mapper.ToDoMapper.countAll    : <==      Total: 1
2025-11-25T16:08:18.870+08:00 DEBUG 25476 --- [todo] [pool-1-thread-1] c.t.d.todo.mapper.ToDoMapper.countAll    : ==>  Preparing: SELECT COUNT(*) FROM todo WHERE status = ?
2025-11-25T16:08:18.870+08:00 DEBUG 25476 --- [todo] [pool-1-thread-1] c.t.d.todo.mapper.ToDoMapper.countAll    : ==> Parameters: 10(String)
2025-11-25T16:08:18.871+08:00 DEBUG 25476 --- [todo] [pool-1-thread-1] c.t.d.todo.mapper.ToDoMapper.countAll    : <==      Total: 1
2025-11-25T16:08:28.877+08:00 DEBUG 25476 --- [todo] [pool-1-thread-3] c.t.d.todo.mapper.ToDoMapper.countAll    : ==>  Preparing: SELECT COUNT(*) FROM todo WHERE status = ?
2025-11-25T16:08:28.877+08:00 DEBUG 25476 --- [todo] [pool-1-thread-2] c.t.demo.todo.mapper.ToDoMapper.query    : ==>  Preparing: SELECT td.id,td.title,td.status,td.message_level as messageLevel , td.tag,td.description,td.message,td.create_time as createTime, td.expire_time as expireTime,td.complete_time as completeTime, td.update_time as updateTime,ta.code AS tagCode FROM todo AS td INNER JOIN tag AS ta ON td.tag = ta.code WHERE status = ? ORDER BY create_time DESC
2025-11-25T16:08:28.877+08:00 DEBUG 25476 --- [todo] [pool-1-thread-3] c.t.d.todo.mapper.ToDoMapper.countAll    : ==> Parameters: 10(String)
2025-11-25T16:08:28.877+08:00 DEBUG 25476 --- [todo] [pool-1-thread-2] c.t.demo.todo.mapper.ToDoMapper.query    : ==> Parameters: 10(String)
2025-11-25T16:08:28.878+08:00 DEBUG 25476 --- [todo] [pool-1-thread-3] c.t.d.todo.mapper.ToDoMapper.countAll    : <==      Total: 1
2025-11-25T16:08:28.879+08:00 DEBUG 25476 --- [todo] [pool-1-thread-2] c.t.demo.todo.mapper.ToDoMapper.query    : <==      Total: 1
2025-11-25T16:08:38.865+08:00 DEBUG 25476 --- [todo] [pool-1-thread-3] c.t.d.todo.mapper.ToDoMapper.countAll    : ==>  Preparing: SELECT COUNT(*) FROM todo WHERE status = ?
2025-11-25T16:08:38.866+08:00 DEBUG 25476 --- [todo] [pool-1-thread-3] c.t.d.todo.mapper.ToDoMapper.countAll    : ==> Parameters: 10(String)
2025-11-25T16:08:38.866+08:00 DEBUG 25476 --- [todo] [pool-1-thread-3] c.t.d.todo.mapper.ToDoMapper.countAll    : <==      Total: 1
2025-11-25T16:08:48.876+08:00 DEBUG 25476 --- [todo] [pool-1-thread-3] c.t.d.todo.mapper.ToDoMapper.countAll    : ==>  Preparing: SELECT COUNT(*) FROM todo WHERE status = ?
2025-11-25T16:08:48.876+08:00 DEBUG 25476 --- [todo] [pool-1-thread-3] c.t.d.todo.mapper.ToDoMapper.countAll    : ==> Parameters: 10(String)
2025-11-25T16:08:48.878+08:00 DEBUG 25476 --- [todo] [pool-1-thread-3] c.t.d.todo.mapper.ToDoMapper.countAll    : <==      Total: 1
2025-11-25T16:08:58.869+08:00 DEBUG 25476 --- [todo] [pool-1-thread-3] c.t.d.todo.mapper.ToDoMapper.countAll    : ==>  Preparing: SELECT COUNT(*) FROM todo WHERE status = ?
2025-11-25T16:08:58.870+08:00 DEBUG 25476 --- [todo] [pool-1-thread-3] c.t.d.todo.mapper.ToDoMapper.countAll    : ==> Parameters: 10(String)
2025-11-25T16:08:58.871+08:00 DEBUG 25476 --- [todo] [pool-1-thread-3] c.t.d.todo.mapper.ToDoMapper.countAll    : <==      Total: 1
2025-11-25T16:09:08.864+08:00 DEBUG 25476 --- [todo] [pool-1-thread-3] c.t.d.todo.mapper.ToDoMapper.countAll    : ==>  Preparing: SELECT COUNT(*) FROM todo WHERE status = ?
2025-11-25T16:09:08.864+08:00 DEBUG 25476 --- [todo] [pool-1-thread-3] c.t.d.todo.mapper.ToDoMapper.countAll    : ==> Parameters: 10(String)
2025-11-25T16:09:08.866+08:00 DEBUG 25476 --- [todo] [pool-1-thread-3] c.t.d.todo.mapper.ToDoMapper.countAll    : <==      Total: 1
2025-11-25T16:09:18.869+08:00 DEBUG 25476 --- [todo] [pool-1-thread-3] c.t.d.todo.mapper.ToDoMapper.countAll    : ==>  Preparing: SELECT COUNT(*) FROM todo WHERE status = ?
2025-11-25T16:09:18.870+08:00 DEBUG 25476 --- [todo] [pool-1-thread-3] c.t.d.todo.mapper.ToDoMapper.countAll    : ==> Parameters: 10(String)
2025-11-25T16:09:18.870+08:00 DEBUG 25476 --- [todo] [pool-1-thread-3] c.t.d.todo.mapper.ToDoMapper.countAll    : <==      Total: 1
2025-11-25T16:09:28.874+08:00 DEBUG 25476 --- [todo] [pool-1-thread-1] c.t.demo.todo.mapper.ToDoMapper.query    : ==>  Preparing: SELECT td.id,td.title,td.status,td.message_level as messageLevel , td.tag,td.description,td.message,td.create_time as createTime, td.expire_time as expireTime,td.complete_time as completeTime, td.update_time as updateTime,ta.code AS tagCode FROM todo AS td INNER JOIN tag AS ta ON td.tag = ta.code WHERE status = ? ORDER BY create_time DESC
2025-11-25T16:09:28.874+08:00 DEBUG 25476 --- [todo] [pool-1-thread-2] c.t.d.todo.mapper.ToDoMapper.countAll    : ==>  Preparing: SELECT COUNT(*) FROM todo WHERE status = ?
2025-11-25T16:09:28.875+08:00 DEBUG 25476 --- [todo] [pool-1-thread-2] c.t.d.todo.mapper.ToDoMapper.countAll    : ==> Parameters: 10(String)
2025-11-25T16:09:28.875+08:00 DEBUG 25476 --- [todo] [pool-1-thread-1] c.t.demo.todo.mapper.ToDoMapper.query    : ==> Parameters: 10(String)
2025-11-25T16:09:28.875+08:00 DEBUG 25476 --- [todo] [pool-1-thread-2] c.t.d.todo.mapper.ToDoMapper.countAll    : <==      Total: 1
2025-11-25T16:09:28.876+08:00 DEBUG 25476 --- [todo] [pool-1-thread-1] c.t.demo.todo.mapper.ToDoMapper.query    : <==      Total: 1
2025-11-25T16:09:38.873+08:00 DEBUG 25476 --- [todo] [pool-1-thread-2] c.t.d.todo.mapper.ToDoMapper.countAll    : ==>  Preparing: SELECT COUNT(*) FROM todo WHERE status = ?
2025-11-25T16:09:38.873+08:00 DEBUG 25476 --- [todo] [pool-1-thread-2] c.t.d.todo.mapper.ToDoMapper.countAll    : ==> Parameters: 10(String)
2025-11-25T16:09:38.875+08:00 DEBUG 25476 --- [todo] [pool-1-thread-2] c.t.d.todo.mapper.ToDoMapper.countAll    : <==      Total: 1
2025-11-25T16:09:48.872+08:00 DEBUG 25476 --- [todo] [pool-1-thread-2] c.t.d.todo.mapper.ToDoMapper.countAll    : ==>  Preparing: SELECT COUNT(*) FROM todo WHERE status = ?
2025-11-25T16:09:48.872+08:00 DEBUG 25476 --- [todo] [pool-1-thread-2] c.t.d.todo.mapper.ToDoMapper.countAll    : ==> Parameters: 10(String)
2025-11-25T16:09:48.873+08:00 DEBUG 25476 --- [todo] [pool-1-thread-2] c.t.d.todo.mapper.ToDoMapper.countAll    : <==      Total: 1
2025-11-25T16:09:58.870+08:00 DEBUG 25476 --- [todo] [pool-1-thread-2] c.t.d.todo.mapper.ToDoMapper.countAll    : ==>  Preparing: SELECT COUNT(*) FROM todo WHERE status = ?
2025-11-25T16:09:58.871+08:00 DEBUG 25476 --- [todo] [pool-1-thread-2] c.t.d.todo.mapper.ToDoMapper.countAll    : ==> Parameters: 10(String)
2025-11-25T16:09:58.872+08:00 DEBUG 25476 --- [todo] [pool-1-thread-2] c.t.d.todo.mapper.ToDoMapper.countAll    : <==      Total: 1
2025-11-25T16:10:08.866+08:00 DEBUG 25476 --- [todo] [pool-1-thread-2] c.t.d.todo.mapper.ToDoMapper.countAll    : ==>  Preparing: SELECT COUNT(*) FROM todo WHERE status = ?
2025-11-25T16:10:08.867+08:00 DEBUG 25476 --- [todo] [pool-1-thread-2] c.t.d.todo.mapper.ToDoMapper.countAll    : ==> Parameters: 10(String)
2025-11-25T16:10:08.868+08:00 DEBUG 25476 --- [todo] [pool-1-thread-2] c.t.d.todo.mapper.ToDoMapper.countAll    : <==      Total: 1
2025-11-25T16:10:18.866+08:00 DEBUG 25476 --- [todo] [pool-1-thread-2] c.t.d.todo.mapper.ToDoMapper.countAll    : ==>  Preparing: SELECT COUNT(*) FROM todo WHERE status = ?
2025-11-25T16:10:18.868+08:00 DEBUG 25476 --- [todo] [pool-1-thread-2] c.t.d.todo.mapper.ToDoMapper.countAll    : ==> Parameters: 10(String)
2025-11-25T16:10:18.870+08:00 DEBUG 25476 --- [todo] [pool-1-thread-2] c.t.d.todo.mapper.ToDoMapper.countAll    : <==      Total: 1
2025-11-25T16:10:28.863+08:00 DEBUG 25476 --- [todo] [pool-1-thread-3] c.t.d.todo.mapper.ToDoMapper.countAll    : ==>  Preparing: SELECT COUNT(*) FROM todo WHERE status = ?
2025-11-25T16:10:28.863+08:00 DEBUG 25476 --- [todo] [pool-1-thread-1] c.t.demo.todo.mapper.ToDoMapper.query    : ==>  Preparing: SELECT td.id,td.title,td.status,td.message_level as messageLevel , td.tag,td.description,td.message,td.create_time as createTime, td.expire_time as expireTime,td.complete_time as completeTime, td.update_time as updateTime,ta.code AS tagCode FROM todo AS td INNER JOIN tag AS ta ON td.tag = ta.code WHERE status = ? ORDER BY create_time DESC
2025-11-25T16:10:28.864+08:00 DEBUG 25476 --- [todo] [pool-1-thread-1] c.t.demo.todo.mapper.ToDoMapper.query    : ==> Parameters: 10(String)
2025-11-25T16:10:28.864+08:00 DEBUG 25476 --- [todo] [pool-1-thread-3] c.t.d.todo.mapper.ToDoMapper.countAll    : ==> Parameters: 10(String)
2025-11-25T16:10:28.865+08:00 DEBUG 25476 --- [todo] [pool-1-thread-3] c.t.d.todo.mapper.ToDoMapper.countAll    : <==      Total: 1
2025-11-25T16:10:28.865+08:00 DEBUG 25476 --- [todo] [pool-1-thread-1] c.t.demo.todo.mapper.ToDoMapper.query    : <==      Total: 1
2025-11-25T16:10:38.873+08:00 DEBUG 25476 --- [todo] [pool-1-thread-3] c.t.d.todo.mapper.ToDoMapper.countAll    : ==>  Preparing: SELECT COUNT(*) FROM todo WHERE status = ?
2025-11-25T16:10:38.875+08:00 DEBUG 25476 --- [todo] [pool-1-thread-3] c.t.d.todo.mapper.ToDoMapper.countAll    : ==> Parameters: 10(String)
2025-11-25T16:10:38.876+08:00 DEBUG 25476 --- [todo] [pool-1-thread-3] c.t.d.todo.mapper.ToDoMapper.countAll    : <==      Total: 1
2025-11-25T16:10:48.877+08:00 DEBUG 25476 --- [todo] [pool-1-thread-3] c.t.d.todo.mapper.ToDoMapper.countAll    : ==>  Preparing: SELECT COUNT(*) FROM todo WHERE status = ?
2025-11-25T16:10:48.877+08:00 DEBUG 25476 --- [todo] [pool-1-thread-3] c.t.d.todo.mapper.ToDoMapper.countAll    : ==> Parameters: 10(String)
2025-11-25T16:10:48.878+08:00 DEBUG 25476 --- [todo] [pool-1-thread-3] c.t.d.todo.mapper.ToDoMapper.countAll    : <==      Total: 1
2025-11-25T16:10:58.874+08:00 DEBUG 25476 --- [todo] [pool-1-thread-3] c.t.d.todo.mapper.ToDoMapper.countAll    : ==>  Preparing: SELECT COUNT(*) FROM todo WHERE status = ?
2025-11-25T16:10:58.874+08:00 DEBUG 25476 --- [todo] [pool-1-thread-3] c.t.d.todo.mapper.ToDoMapper.countAll    : ==> Parameters: 10(String)
2025-11-25T16:10:58.875+08:00 DEBUG 25476 --- [todo] [pool-1-thread-3] c.t.d.todo.mapper.ToDoMapper.countAll    : <==      Total: 1
2025-11-25T16:11:08.870+08:00 DEBUG 25476 --- [todo] [pool-1-thread-3] c.t.d.todo.mapper.ToDoMapper.countAll    : ==>  Preparing: SELECT COUNT(*) FROM todo WHERE status = ?
2025-11-25T16:11:08.870+08:00 DEBUG 25476 --- [todo] [pool-1-thread-3] c.t.d.todo.mapper.ToDoMapper.countAll    : ==> Parameters: 10(String)
2025-11-25T16:11:08.871+08:00 DEBUG 25476 --- [todo] [pool-1-thread-3] c.t.d.todo.mapper.ToDoMapper.countAll    : <==      Total: 1
2025-11-25T16:11:18.876+08:00 DEBUG 25476 --- [todo] [pool-1-thread-3] c.t.d.todo.mapper.ToDoMapper.countAll    : ==>  Preparing: SELECT COUNT(*) FROM todo WHERE status = ?
2025-11-25T16:11:18.877+08:00 DEBUG 25476 --- [todo] [pool-1-thread-3] c.t.d.todo.mapper.ToDoMapper.countAll    : ==> Parameters: 10(String)
2025-11-25T16:11:18.878+08:00 DEBUG 25476 --- [todo] [pool-1-thread-3] c.t.d.todo.mapper.ToDoMapper.countAll    : <==      Total: 1
2025-11-25T16:11:28.866+08:00 DEBUG 25476 --- [todo] [pool-1-thread-1] c.t.d.todo.mapper.ToDoMapper.countAll    : ==>  Preparing: SELECT COUNT(*) FROM todo WHERE status = ?
2025-11-25T16:11:28.866+08:00 DEBUG 25476 --- [todo] [pool-1-thread-2] c.t.demo.todo.mapper.ToDoMapper.query    : ==>  Preparing: SELECT td.id,td.title,td.status,td.message_level as messageLevel , td.tag,td.description,td.message,td.create_time as createTime, td.expire_time as expireTime,td.complete_time as completeTime, td.update_time as updateTime,ta.code AS tagCode FROM todo AS td INNER JOIN tag AS ta ON td.tag = ta.code WHERE status = ? ORDER BY create_time DESC
2025-11-25T16:11:28.867+08:00 DEBUG 25476 --- [todo] [pool-1-thread-1] c.t.d.todo.mapper.ToDoMapper.countAll    : ==> Parameters: 10(String)
2025-11-25T16:11:28.867+08:00 DEBUG 25476 --- [todo] [pool-1-thread-2] c.t.demo.todo.mapper.ToDoMapper.query    : ==> Parameters: 10(String)
2025-11-25T16:11:28.867+08:00 DEBUG 25476 --- [todo] [pool-1-thread-1] c.t.d.todo.mapper.ToDoMapper.countAll    : <==      Total: 1
2025-11-25T16:11:28.867+08:00 DEBUG 25476 --- [todo] [pool-1-thread-2] c.t.demo.todo.mapper.ToDoMapper.query    : <==      Total: 1
2025-11-25T16:11:38.878+08:00 DEBUG 25476 --- [todo] [pool-1-thread-1] c.t.d.todo.mapper.ToDoMapper.countAll    : ==>  Preparing: SELECT COUNT(*) FROM todo WHERE status = ?
2025-11-25T16:11:38.879+08:00 DEBUG 25476 --- [todo] [pool-1-thread-1] c.t.d.todo.mapper.ToDoMapper.countAll    : ==> Parameters: 10(String)
2025-11-25T16:11:38.880+08:00 DEBUG 25476 --- [todo] [pool-1-thread-1] c.t.d.todo.mapper.ToDoMapper.countAll    : <==      Total: 1
2025-11-25T16:11:48.868+08:00 DEBUG 25476 --- [todo] [pool-1-thread-1] c.t.d.todo.mapper.ToDoMapper.countAll    : ==>  Preparing: SELECT COUNT(*) FROM todo WHERE status = ?
2025-11-25T16:11:48.868+08:00 DEBUG 25476 --- [todo] [pool-1-thread-1] c.t.d.todo.mapper.ToDoMapper.countAll    : ==> Parameters: 10(String)
2025-11-25T16:11:48.869+08:00 DEBUG 25476 --- [todo] [pool-1-thread-1] c.t.d.todo.mapper.ToDoMapper.countAll    : <==      Total: 1
2025-11-25T16:11:58.865+08:00 DEBUG 25476 --- [todo] [pool-1-thread-1] c.t.d.todo.mapper.ToDoMapper.countAll    : ==>  Preparing: SELECT COUNT(*) FROM todo WHERE status = ?
2025-11-25T16:11:58.865+08:00 DEBUG 25476 --- [todo] [pool-1-thread-1] c.t.d.todo.mapper.ToDoMapper.countAll    : ==> Parameters: 10(String)
2025-11-25T16:11:58.866+08:00 DEBUG 25476 --- [todo] [pool-1-thread-1] c.t.d.todo.mapper.ToDoMapper.countAll    : <==      Total: 1
2025-11-25T16:12:08.866+08:00 DEBUG 25476 --- [todo] [pool-1-thread-1] c.t.d.todo.mapper.ToDoMapper.countAll    : ==>  Preparing: SELECT COUNT(*) FROM todo WHERE status = ?
2025-11-25T16:12:08.867+08:00 DEBUG 25476 --- [todo] [pool-1-thread-1] c.t.d.todo.mapper.ToDoMapper.countAll    : ==> Parameters: 10(String)
2025-11-25T16:12:08.868+08:00 DEBUG 25476 --- [todo] [pool-1-thread-1] c.t.d.todo.mapper.ToDoMapper.countAll    : <==      Total: 1
2025-11-25T16:12:18.864+08:00 DEBUG 25476 --- [todo] [pool-1-thread-1] c.t.d.todo.mapper.ToDoMapper.countAll    : ==>  Preparing: SELECT COUNT(*) FROM todo WHERE status = ?
2025-11-25T16:12:18.864+08:00 DEBUG 25476 --- [todo] [pool-1-thread-1] c.t.d.todo.mapper.ToDoMapper.countAll    : ==> Parameters: 10(String)
2025-11-25T16:12:18.866+08:00 DEBUG 25476 --- [todo] [pool-1-thread-1] c.t.d.todo.mapper.ToDoMapper.countAll    : <==      Total: 1
2025-11-25T16:12:28.877+08:00 DEBUG 25476 --- [todo] [pool-1-thread-2] c.t.d.todo.mapper.ToDoMapper.countAll    : ==>  Preparing: SELECT COUNT(*) FROM todo WHERE status = ?
2025-11-25T16:12:28.877+08:00 DEBUG 25476 --- [todo] [pool-1-thread-3] c.t.demo.todo.mapper.ToDoMapper.query    : ==>  Preparing: SELECT td.id,td.title,td.status,td.message_level as messageLevel , td.tag,td.description,td.message,td.create_time as createTime, td.expire_time as expireTime,td.complete_time as completeTime, td.update_time as updateTime,ta.code AS tagCode FROM todo AS td INNER JOIN tag AS ta ON td.tag = ta.code WHERE status = ? ORDER BY create_time DESC
2025-11-25T16:12:28.877+08:00 DEBUG 25476 --- [todo] [pool-1-thread-2] c.t.d.todo.mapper.ToDoMapper.countAll    : ==> Parameters: 10(String)
2025-11-25T16:12:28.877+08:00 DEBUG 25476 --- [todo] [pool-1-thread-3] c.t.demo.todo.mapper.ToDoMapper.query    : ==> Parameters: 10(String)
2025-11-25T16:12:28.878+08:00 DEBUG 25476 --- [todo] [pool-1-thread-2] c.t.d.todo.mapper.ToDoMapper.countAll    : <==      Total: 1
2025-11-25T16:12:28.879+08:00 DEBUG 25476 --- [todo] [pool-1-thread-3] c.t.demo.todo.mapper.ToDoMapper.query    : <==      Total: 1
2025-11-25T16:12:38.863+08:00 DEBUG 25476 --- [todo] [pool-1-thread-2] c.t.d.todo.mapper.ToDoMapper.countAll    : ==>  Preparing: SELECT COUNT(*) FROM todo WHERE status = ?
2025-11-25T16:12:38.864+08:00 DEBUG 25476 --- [todo] [pool-1-thread-2] c.t.d.todo.mapper.ToDoMapper.countAll    : ==> Parameters: 10(String)
2025-11-25T16:12:38.865+08:00 DEBUG 25476 --- [todo] [pool-1-thread-2] c.t.d.todo.mapper.ToDoMapper.countAll    : <==      Total: 1
2025-11-25T16:12:48.872+08:00 DEBUG 25476 --- [todo] [pool-1-thread-2] c.t.d.todo.mapper.ToDoMapper.countAll    : ==>  Preparing: SELECT COUNT(*) FROM todo WHERE status = ?
2025-11-25T16:12:48.873+08:00 DEBUG 25476 --- [todo] [pool-1-thread-2] c.t.d.todo.mapper.ToDoMapper.countAll    : ==> Parameters: 10(String)
2025-11-25T16:12:48.873+08:00 DEBUG 25476 --- [todo] [pool-1-thread-2] c.t.d.todo.mapper.ToDoMapper.countAll    : <==      Total: 1
2025-11-25T16:12:58.864+08:00 DEBUG 25476 --- [todo] [pool-1-thread-2] c.t.d.todo.mapper.ToDoMapper.countAll    : ==>  Preparing: SELECT COUNT(*) FROM todo WHERE status = ?
2025-11-25T16:12:58.865+08:00 DEBUG 25476 --- [todo] [pool-1-thread-2] c.t.d.todo.mapper.ToDoMapper.countAll    : ==> Parameters: 10(String)
2025-11-25T16:12:58.866+08:00 DEBUG 25476 --- [todo] [pool-1-thread-2] c.t.d.todo.mapper.ToDoMapper.countAll    : <==      Total: 1
2025-11-25T16:13:08.864+08:00 DEBUG 25476 --- [todo] [pool-1-thread-2] c.t.d.todo.mapper.ToDoMapper.countAll    : ==>  Preparing: SELECT COUNT(*) FROM todo WHERE status = ?
2025-11-25T16:13:08.864+08:00 DEBUG 25476 --- [todo] [pool-1-thread-2] c.t.d.todo.mapper.ToDoMapper.countAll    : ==> Parameters: 10(String)
2025-11-25T16:13:08.865+08:00 DEBUG 25476 --- [todo] [pool-1-thread-2] c.t.d.todo.mapper.ToDoMapper.countAll    : <==      Total: 1
2025-11-25T16:13:18.867+08:00 DEBUG 25476 --- [todo] [pool-1-thread-2] c.t.d.todo.mapper.ToDoMapper.countAll    : ==>  Preparing: SELECT COUNT(*) FROM todo WHERE status = ?
2025-11-25T16:13:18.868+08:00 DEBUG 25476 --- [todo] [pool-1-thread-2] c.t.d.todo.mapper.ToDoMapper.countAll    : ==> Parameters: 10(String)
2025-11-25T16:13:18.869+08:00 DEBUG 25476 --- [todo] [pool-1-thread-2] c.t.d.todo.mapper.ToDoMapper.countAll    : <==      Total: 1
2025-11-25T16:13:28.868+08:00 DEBUG 25476 --- [todo] [pool-1-thread-1] c.t.demo.todo.mapper.ToDoMapper.query    : ==>  Preparing: SELECT td.id,td.title,td.status,td.message_level as messageLevel , td.tag,td.description,td.message,td.create_time as createTime, td.expire_time as expireTime,td.complete_time as completeTime, td.update_time as updateTime,ta.code AS tagCode FROM todo AS td INNER JOIN tag AS ta ON td.tag = ta.code WHERE status = ? ORDER BY create_time DESC
2025-11-25T16:13:28.868+08:00 DEBUG 25476 --- [todo] [pool-1-thread-3] c.t.d.todo.mapper.ToDoMapper.countAll    : ==>  Preparing: SELECT COUNT(*) FROM todo WHERE status = ?
2025-11-25T16:13:28.870+08:00 DEBUG 25476 --- [todo] [pool-1-thread-1] c.t.demo.todo.mapper.ToDoMapper.query    : ==> Parameters: 10(String)
2025-11-25T16:13:28.870+08:00 DEBUG 25476 --- [todo] [pool-1-thread-3] c.t.d.todo.mapper.ToDoMapper.countAll    : ==> Parameters: 10(String)
2025-11-25T16:13:28.871+08:00 DEBUG 25476 --- [todo] [pool-1-thread-3] c.t.d.todo.mapper.ToDoMapper.countAll    : <==      Total: 1
2025-11-25T16:13:28.871+08:00 DEBUG 25476 --- [todo] [pool-1-thread-1] c.t.demo.todo.mapper.ToDoMapper.query    : <==      Total: 1
2025-11-25T16:13:38.878+08:00 DEBUG 25476 --- [todo] [pool-1-thread-3] c.t.d.todo.mapper.ToDoMapper.countAll    : ==>  Preparing: SELECT COUNT(*) FROM todo WHERE status = ?
2025-11-25T16:13:38.879+08:00 DEBUG 25476 --- [todo] [pool-1-thread-3] c.t.d.todo.mapper.ToDoMapper.countAll    : ==> Parameters: 10(String)
2025-11-25T16:13:38.881+08:00 DEBUG 25476 --- [todo] [pool-1-thread-3] c.t.d.todo.mapper.ToDoMapper.countAll    : <==      Total: 1
2025-11-25T16:13:48.873+08:00 DEBUG 25476 --- [todo] [pool-1-thread-3] c.t.d.todo.mapper.ToDoMapper.countAll    : ==>  Preparing: SELECT COUNT(*) FROM todo WHERE status = ?
2025-11-25T16:13:48.874+08:00 DEBUG 25476 --- [todo] [pool-1-thread-3] c.t.d.todo.mapper.ToDoMapper.countAll    : ==> Parameters: 10(String)
2025-11-25T16:13:48.879+08:00 DEBUG 25476 --- [todo] [pool-1-thread-3] c.t.d.todo.mapper.ToDoMapper.countAll    : <==      Total: 1
2025-11-25T16:13:58.873+08:00 DEBUG 25476 --- [todo] [pool-1-thread-3] c.t.d.todo.mapper.ToDoMapper.countAll    : ==>  Preparing: SELECT COUNT(*) FROM todo WHERE status = ?
2025-11-25T16:13:58.874+08:00 DEBUG 25476 --- [todo] [pool-1-thread-3] c.t.d.todo.mapper.ToDoMapper.countAll    : ==> Parameters: 10(String)
2025-11-25T16:13:58.876+08:00 DEBUG 25476 --- [todo] [pool-1-thread-3] c.t.d.todo.mapper.ToDoMapper.countAll    : <==      Total: 1
2025-11-25T16:14:08.876+08:00 DEBUG 25476 --- [todo] [pool-1-thread-3] c.t.d.todo.mapper.ToDoMapper.countAll    : ==>  Preparing: SELECT COUNT(*) FROM todo WHERE status = ?
2025-11-25T16:14:08.876+08:00 DEBUG 25476 --- [todo] [pool-1-thread-3] c.t.d.todo.mapper.ToDoMapper.countAll    : ==> Parameters: 10(String)
2025-11-25T16:14:08.877+08:00 DEBUG 25476 --- [todo] [pool-1-thread-3] c.t.d.todo.mapper.ToDoMapper.countAll    : <==      Total: 1
2025-11-25T16:14:18.865+08:00 DEBUG 25476 --- [todo] [pool-1-thread-3] c.t.d.todo.mapper.ToDoMapper.countAll    : ==>  Preparing: SELECT COUNT(*) FROM todo WHERE status = ?
2025-11-25T16:14:18.865+08:00 DEBUG 25476 --- [todo] [pool-1-thread-3] c.t.d.todo.mapper.ToDoMapper.countAll    : ==> Parameters: 10(String)
2025-11-25T16:14:18.866+08:00 DEBUG 25476 --- [todo] [pool-1-thread-3] c.t.d.todo.mapper.ToDoMapper.countAll    : <==      Total: 1
2025-11-25T16:14:28.870+08:00 DEBUG 25476 --- [todo] [pool-1-thread-1] c.t.d.todo.mapper.ToDoMapper.countAll    : ==>  Preparing: SELECT COUNT(*) FROM todo WHERE status = ?
2025-11-25T16:14:28.871+08:00 DEBUG 25476 --- [todo] [pool-1-thread-1] c.t.d.todo.mapper.ToDoMapper.countAll    : ==> Parameters: 10(String)
2025-11-25T16:14:28.872+08:00 DEBUG 25476 --- [todo] [pool-1-thread-1] c.t.d.todo.mapper.ToDoMapper.countAll    : <==      Total: 1
2025-11-25T16:14:28.873+08:00 DEBUG 25476 --- [todo] [pool-1-thread-2] c.t.demo.todo.mapper.ToDoMapper.query    : ==>  Preparing: SELECT td.id,td.title,td.status,td.message_level as messageLevel , td.tag,td.description,td.message,td.create_time as createTime, td.expire_time as expireTime,td.complete_time as completeTime, td.update_time as updateTime,ta.code AS tagCode FROM todo AS td INNER JOIN tag AS ta ON td.tag = ta.code WHERE status = ? ORDER BY create_time DESC
2025-11-25T16:14:28.874+08:00 DEBUG 25476 --- [todo] [pool-1-thread-2] c.t.demo.todo.mapper.ToDoMapper.query    : ==> Parameters: 10(String)
2025-11-25T16:14:28.876+08:00 DEBUG 25476 --- [todo] [pool-1-thread-2] c.t.demo.todo.mapper.ToDoMapper.query    : <==      Total: 1
2025-11-25T16:14:38.872+08:00 DEBUG 25476 --- [todo] [pool-1-thread-1] c.t.d.todo.mapper.ToDoMapper.countAll    : ==>  Preparing: SELECT COUNT(*) FROM todo WHERE status = ?
2025-11-25T16:14:38.872+08:00 DEBUG 25476 --- [todo] [pool-1-thread-1] c.t.d.todo.mapper.ToDoMapper.countAll    : ==> Parameters: 10(String)
2025-11-25T16:14:38.874+08:00 DEBUG 25476 --- [todo] [pool-1-thread-1] c.t.d.todo.mapper.ToDoMapper.countAll    : <==      Total: 1
2025-11-25T16:14:48.873+08:00 DEBUG 25476 --- [todo] [pool-1-thread-1] c.t.d.todo.mapper.ToDoMapper.countAll    : ==>  Preparing: SELECT COUNT(*) FROM todo WHERE status = ?
2025-11-25T16:14:48.873+08:00 DEBUG 25476 --- [todo] [pool-1-thread-1] c.t.d.todo.mapper.ToDoMapper.countAll    : ==> Parameters: 10(String)
2025-11-25T16:14:48.875+08:00 DEBUG 25476 --- [todo] [pool-1-thread-1] c.t.d.todo.mapper.ToDoMapper.countAll    : <==      Total: 1
2025-11-25T16:14:58.870+08:00 DEBUG 25476 --- [todo] [pool-1-thread-1] c.t.d.todo.mapper.ToDoMapper.countAll    : ==>  Preparing: SELECT COUNT(*) FROM todo WHERE status = ?
2025-11-25T16:14:58.872+08:00 DEBUG 25476 --- [todo] [pool-1-thread-1] c.t.d.todo.mapper.ToDoMapper.countAll    : ==> Parameters: 10(String)
2025-11-25T16:14:58.873+08:00 DEBUG 25476 --- [todo] [pool-1-thread-1] c.t.d.todo.mapper.ToDoMapper.countAll    : <==      Total: 1
2025-11-25T16:15:08.877+08:00 DEBUG 25476 --- [todo] [pool-1-thread-1] c.t.d.todo.mapper.ToDoMapper.countAll    : ==>  Preparing: SELECT COUNT(*) FROM todo WHERE status = ?
2025-11-25T16:15:08.878+08:00 DEBUG 25476 --- [todo] [pool-1-thread-1] c.t.d.todo.mapper.ToDoMapper.countAll    : ==> Parameters: 10(String)
2025-11-25T16:15:08.879+08:00 DEBUG 25476 --- [todo] [pool-1-thread-1] c.t.d.todo.mapper.ToDoMapper.countAll    : <==      Total: 1
2025-11-25T16:15:18.863+08:00 DEBUG 25476 --- [todo] [pool-1-thread-1] c.t.d.todo.mapper.ToDoMapper.countAll    : ==>  Preparing: SELECT COUNT(*) FROM todo WHERE status = ?
2025-11-25T16:15:18.863+08:00 DEBUG 25476 --- [todo] [pool-1-thread-1] c.t.d.todo.mapper.ToDoMapper.countAll    : ==> Parameters: 10(String)
2025-11-25T16:15:18.865+08:00 DEBUG 25476 --- [todo] [pool-1-thread-1] c.t.d.todo.mapper.ToDoMapper.countAll    : <==      Total: 1
2025-11-25T16:15:28.873+08:00 DEBUG 25476 --- [todo] [pool-1-thread-3] c.t.demo.todo.mapper.ToDoMapper.query    : ==>  Preparing: SELECT td.id,td.title,td.status,td.message_level as messageLevel , td.tag,td.description,td.message,td.create_time as createTime, td.expire_time as expireTime,td.complete_time as completeTime, td.update_time as updateTime,ta.code AS tagCode FROM todo AS td INNER JOIN tag AS ta ON td.tag = ta.code WHERE status = ? ORDER BY create_time DESC
2025-11-25T16:15:28.873+08:00 DEBUG 25476 --- [todo] [pool-1-thread-3] c.t.demo.todo.mapper.ToDoMapper.query    : ==> Parameters: 10(String)
2025-11-25T16:15:28.873+08:00 DEBUG 25476 --- [todo] [pool-1-thread-2] c.t.d.todo.mapper.ToDoMapper.countAll    : ==>  Preparing: SELECT COUNT(*) FROM todo WHERE status = ?
2025-11-25T16:15:28.874+08:00 DEBUG 25476 --- [todo] [pool-1-thread-2] c.t.d.todo.mapper.ToDoMapper.countAll    : ==> Parameters: 10(String)
2025-11-25T16:15:28.875+08:00 DEBUG 25476 --- [todo] [pool-1-thread-2] c.t.d.todo.mapper.ToDoMapper.countAll    : <==      Total: 1
2025-11-25T16:15:28.875+08:00 DEBUG 25476 --- [todo] [pool-1-thread-3] c.t.demo.todo.mapper.ToDoMapper.query    : <==      Total: 1
2025-11-25T16:15:38.879+08:00 DEBUG 25476 --- [todo] [pool-1-thread-2] c.t.d.todo.mapper.ToDoMapper.countAll    : ==>  Preparing: SELECT COUNT(*) FROM todo WHERE status = ?
2025-11-25T16:15:38.879+08:00 DEBUG 25476 --- [todo] [pool-1-thread-2] c.t.d.todo.mapper.ToDoMapper.countAll    : ==> Parameters: 10(String)
2025-11-25T16:15:38.880+08:00 DEBUG 25476 --- [todo] [pool-1-thread-2] c.t.d.todo.mapper.ToDoMapper.countAll    : <==      Total: 1
2025-11-25T16:15:48.876+08:00 DEBUG 25476 --- [todo] [pool-1-thread-2] c.t.d.todo.mapper.ToDoMapper.countAll    : ==>  Preparing: SELECT COUNT(*) FROM todo WHERE status = ?
2025-11-25T16:15:48.876+08:00 DEBUG 25476 --- [todo] [pool-1-thread-2] c.t.d.todo.mapper.ToDoMapper.countAll    : ==> Parameters: 10(String)
2025-11-25T16:15:48.879+08:00 DEBUG 25476 --- [todo] [pool-1-thread-2] c.t.d.todo.mapper.ToDoMapper.countAll    : <==      Total: 1
2025-11-25T16:15:58.868+08:00 DEBUG 25476 --- [todo] [pool-1-thread-2] c.t.d.todo.mapper.ToDoMapper.countAll    : ==>  Preparing: SELECT COUNT(*) FROM todo WHERE status = ?
2025-11-25T16:15:58.869+08:00 DEBUG 25476 --- [todo] [pool-1-thread-2] c.t.d.todo.mapper.ToDoMapper.countAll    : ==> Parameters: 10(String)
2025-11-25T16:15:58.869+08:00 DEBUG 25476 --- [todo] [pool-1-thread-2] c.t.d.todo.mapper.ToDoMapper.countAll    : <==      Total: 1
2025-11-25T16:16:08.869+08:00 DEBUG 25476 --- [todo] [pool-1-thread-2] c.t.d.todo.mapper.ToDoMapper.countAll    : ==>  Preparing: SELECT COUNT(*) FROM todo WHERE status = ?
2025-11-25T16:16:08.870+08:00 DEBUG 25476 --- [todo] [pool-1-thread-2] c.t.d.todo.mapper.ToDoMapper.countAll    : ==> Parameters: 10(String)
2025-11-25T16:16:08.871+08:00 DEBUG 25476 --- [todo] [pool-1-thread-2] c.t.d.todo.mapper.ToDoMapper.countAll    : <==      Total: 1
2025-11-25T16:16:18.873+08:00 DEBUG 25476 --- [todo] [pool-1-thread-2] c.t.d.todo.mapper.ToDoMapper.countAll    : ==>  Preparing: SELECT COUNT(*) FROM todo WHERE status = ?
2025-11-25T16:16:18.873+08:00 DEBUG 25476 --- [todo] [pool-1-thread-2] c.t.d.todo.mapper.ToDoMapper.countAll    : ==> Parameters: 10(String)
2025-11-25T16:16:18.873+08:00 DEBUG 25476 --- [todo] [pool-1-thread-2] c.t.d.todo.mapper.ToDoMapper.countAll    : <==      Total: 1
2025-11-25T16:16:28.881+08:00 DEBUG 25476 --- [todo] [pool-1-thread-3] c.t.d.todo.mapper.ToDoMapper.countAll    : ==>  Preparing: SELECT COUNT(*) FROM todo WHERE status = ?
2025-11-25T16:16:28.881+08:00 DEBUG 25476 --- [todo] [pool-1-thread-1] c.t.demo.todo.mapper.ToDoMapper.query    : ==>  Preparing: SELECT td.id,td.title,td.status,td.message_level as messageLevel , td.tag,td.description,td.message,td.create_time as createTime, td.expire_time as expireTime,td.complete_time as completeTime, td.update_time as updateTime,ta.code AS tagCode FROM todo AS td INNER JOIN tag AS ta ON td.tag = ta.code WHERE status = ? ORDER BY create_time DESC
2025-11-25T16:16:28.881+08:00 DEBUG 25476 --- [todo] [pool-1-thread-1] c.t.demo.todo.mapper.ToDoMapper.query    : ==> Parameters: 10(String)
2025-11-25T16:16:28.881+08:00 DEBUG 25476 --- [todo] [pool-1-thread-3] c.t.d.todo.mapper.ToDoMapper.countAll    : ==> Parameters: 10(String)
2025-11-25T16:16:28.883+08:00 DEBUG 25476 --- [todo] [pool-1-thread-3] c.t.d.todo.mapper.ToDoMapper.countAll    : <==      Total: 1
2025-11-25T16:16:28.885+08:00 DEBUG 25476 --- [todo] [pool-1-thread-1] c.t.demo.todo.mapper.ToDoMapper.query    : <==      Total: 1
2025-11-25T16:16:38.873+08:00 DEBUG 25476 --- [todo] [pool-1-thread-3] c.t.d.todo.mapper.ToDoMapper.countAll    : ==>  Preparing: SELECT COUNT(*) FROM todo WHERE status = ?
2025-11-25T16:16:38.873+08:00 DEBUG 25476 --- [todo] [pool-1-thread-3] c.t.d.todo.mapper.ToDoMapper.countAll    : ==> Parameters: 10(String)
2025-11-25T16:16:38.875+08:00 DEBUG 25476 --- [todo] [pool-1-thread-3] c.t.d.todo.mapper.ToDoMapper.countAll    : <==      Total: 1
2025-11-25T16:16:48.865+08:00 DEBUG 25476 --- [todo] [pool-1-thread-3] c.t.d.todo.mapper.ToDoMapper.countAll    : ==>  Preparing: SELECT COUNT(*) FROM todo WHERE status = ?
2025-11-25T16:16:48.867+08:00 DEBUG 25476 --- [todo] [pool-1-thread-3] c.t.d.todo.mapper.ToDoMapper.countAll    : ==> Parameters: 10(String)
2025-11-25T16:16:48.868+08:00 DEBUG 25476 --- [todo] [pool-1-thread-3] c.t.d.todo.mapper.ToDoMapper.countAll    : <==      Total: 1
2025-11-25T16:16:58.879+08:00 DEBUG 25476 --- [todo] [pool-1-thread-3] c.t.d.todo.mapper.ToDoMapper.countAll    : ==>  Preparing: SELECT COUNT(*) FROM todo WHERE status = ?
2025-11-25T16:16:58.879+08:00 DEBUG 25476 --- [todo] [pool-1-thread-3] c.t.d.todo.mapper.ToDoMapper.countAll    : ==> Parameters: 10(String)
2025-11-25T16:16:58.882+08:00 DEBUG 25476 --- [todo] [pool-1-thread-3] c.t.d.todo.mapper.ToDoMapper.countAll    : <==      Total: 1
2025-11-25T16:17:08.874+08:00 DEBUG 25476 --- [todo] [pool-1-thread-3] c.t.d.todo.mapper.ToDoMapper.countAll    : ==>  Preparing: SELECT COUNT(*) FROM todo WHERE status = ?
2025-11-25T16:17:08.874+08:00 DEBUG 25476 --- [todo] [pool-1-thread-3] c.t.d.todo.mapper.ToDoMapper.countAll    : ==> Parameters: 10(String)
2025-11-25T16:17:08.876+08:00 DEBUG 25476 --- [todo] [pool-1-thread-3] c.t.d.todo.mapper.ToDoMapper.countAll    : <==      Total: 1
2025-11-25T16:17:18.875+08:00 DEBUG 25476 --- [todo] [pool-1-thread-3] c.t.d.todo.mapper.ToDoMapper.countAll    : ==>  Preparing: SELECT COUNT(*) FROM todo WHERE status = ?
2025-11-25T16:17:18.875+08:00 DEBUG 25476 --- [todo] [pool-1-thread-3] c.t.d.todo.mapper.ToDoMapper.countAll    : ==> Parameters: 10(String)
2025-11-25T16:17:18.876+08:00 DEBUG 25476 --- [todo] [pool-1-thread-3] c.t.d.todo.mapper.ToDoMapper.countAll    : <==      Total: 1
2025-11-25T16:17:28.863+08:00 DEBUG 25476 --- [todo] [pool-1-thread-2] c.t.demo.todo.mapper.ToDoMapper.query    : ==>  Preparing: SELECT td.id,td.title,td.status,td.message_level as messageLevel , td.tag,td.description,td.message,td.create_time as createTime, td.expire_time as expireTime,td.complete_time as completeTime, td.update_time as updateTime,ta.code AS tagCode FROM todo AS td INNER JOIN tag AS ta ON td.tag = ta.code WHERE status = ? ORDER BY create_time DESC
2025-11-25T16:17:28.863+08:00 DEBUG 25476 --- [todo] [pool-1-thread-1] c.t.d.todo.mapper.ToDoMapper.countAll    : ==>  Preparing: SELECT COUNT(*) FROM todo WHERE status = ?
2025-11-25T16:17:28.863+08:00 DEBUG 25476 --- [todo] [pool-1-thread-2] c.t.demo.todo.mapper.ToDoMapper.query    : ==> Parameters: 10(String)
2025-11-25T16:17:28.863+08:00 DEBUG 25476 --- [todo] [pool-1-thread-1] c.t.d.todo.mapper.ToDoMapper.countAll    : ==> Parameters: 10(String)
2025-11-25T16:17:28.864+08:00 DEBUG 25476 --- [todo] [pool-1-thread-1] c.t.d.todo.mapper.ToDoMapper.countAll    : <==      Total: 1
2025-11-25T16:17:28.864+08:00 DEBUG 25476 --- [todo] [pool-1-thread-2] c.t.demo.todo.mapper.ToDoMapper.query    : <==      Total: 1
2025-11-25T16:17:38.874+08:00 DEBUG 25476 --- [todo] [pool-1-thread-1] c.t.d.todo.mapper.ToDoMapper.countAll    : ==>  Preparing: SELECT COUNT(*) FROM todo WHERE status = ?
2025-11-25T16:17:38.875+08:00 DEBUG 25476 --- [todo] [pool-1-thread-1] c.t.d.todo.mapper.ToDoMapper.countAll    : ==> Parameters: 10(String)
2025-11-25T16:17:38.876+08:00 DEBUG 25476 --- [todo] [pool-1-thread-1] c.t.d.todo.mapper.ToDoMapper.countAll    : <==      Total: 1
2025-11-25T16:17:48.879+08:00 DEBUG 25476 --- [todo] [pool-1-thread-1] c.t.d.todo.mapper.ToDoMapper.countAll    : ==>  Preparing: SELECT COUNT(*) FROM todo WHERE status = ?
2025-11-25T16:17:48.880+08:00 DEBUG 25476 --- [todo] [pool-1-thread-1] c.t.d.todo.mapper.ToDoMapper.countAll    : ==> Parameters: 10(String)
2025-11-25T16:17:48.881+08:00 DEBUG 25476 --- [todo] [pool-1-thread-1] c.t.d.todo.mapper.ToDoMapper.countAll    : <==      Total: 1
2025-11-25T16:17:58.881+08:00 DEBUG 25476 --- [todo] [pool-1-thread-2] c.t.d.todo.mapper.ToDoMapper.countAll    : ==>  Preparing: SELECT COUNT(*) FROM todo WHERE status = ?
2025-11-25T16:17:58.881+08:00 DEBUG 25476 --- [todo] [pool-1-thread-2] c.t.d.todo.mapper.ToDoMapper.countAll    : ==> Parameters: 10(String)
2025-11-25T16:17:58.881+08:00 DEBUG 25476 --- [todo] [pool-1-thread-2] c.t.d.todo.mapper.ToDoMapper.countAll    : <==      Total: 1
2025-11-25T16:18:08.878+08:00 DEBUG 25476 --- [todo] [pool-1-thread-2] c.t.d.todo.mapper.ToDoMapper.countAll    : ==>  Preparing: SELECT COUNT(*) FROM todo WHERE status = ?
2025-11-25T16:18:08.878+08:00 DEBUG 25476 --- [todo] [pool-1-thread-2] c.t.d.todo.mapper.ToDoMapper.countAll    : ==> Parameters: 10(String)
2025-11-25T16:18:08.878+08:00 DEBUG 25476 --- [todo] [pool-1-thread-2] c.t.d.todo.mapper.ToDoMapper.countAll    : <==      Total: 1
2025-11-25T16:18:18.870+08:00 DEBUG 25476 --- [todo] [pool-1-thread-2] c.t.d.todo.mapper.ToDoMapper.countAll    : ==>  Preparing: SELECT COUNT(*) FROM todo WHERE status = ?
2025-11-25T16:18:18.870+08:00 DEBUG 25476 --- [todo] [pool-1-thread-2] c.t.d.todo.mapper.ToDoMapper.countAll    : ==> Parameters: 10(String)
2025-11-25T16:18:18.872+08:00 DEBUG 25476 --- [todo] [pool-1-thread-2] c.t.d.todo.mapper.ToDoMapper.countAll    : <==      Total: 1
2025-11-25T16:18:28.866+08:00 DEBUG 25476 --- [todo] [pool-1-thread-1] c.t.d.todo.mapper.ToDoMapper.countAll    : ==>  Preparing: SELECT COUNT(*) FROM todo WHERE status = ?
2025-11-25T16:18:28.866+08:00 DEBUG 25476 --- [todo] [pool-1-thread-3] c.t.demo.todo.mapper.ToDoMapper.query    : ==>  Preparing: SELECT td.id,td.title,td.status,td.message_level as messageLevel , td.tag,td.description,td.message,td.create_time as createTime, td.expire_time as expireTime,td.complete_time as completeTime, td.update_time as updateTime,ta.code AS tagCode FROM todo AS td INNER JOIN tag AS ta ON td.tag = ta.code WHERE status = ? ORDER BY create_time DESC
2025-11-25T16:18:28.867+08:00 DEBUG 25476 --- [todo] [pool-1-thread-1] c.t.d.todo.mapper.ToDoMapper.countAll    : ==> Parameters: 10(String)
2025-11-25T16:18:28.867+08:00 DEBUG 25476 --- [todo] [pool-1-thread-3] c.t.demo.todo.mapper.ToDoMapper.query    : ==> Parameters: 10(String)
2025-11-25T16:18:28.868+08:00 DEBUG 25476 --- [todo] [pool-1-thread-1] c.t.d.todo.mapper.ToDoMapper.countAll    : <==      Total: 1
2025-11-25T16:18:28.868+08:00 DEBUG 25476 --- [todo] [pool-1-thread-3] c.t.demo.todo.mapper.ToDoMapper.query    : <==      Total: 1
2025-11-25T16:18:38.871+08:00 DEBUG 25476 --- [todo] [pool-1-thread-1] c.t.d.todo.mapper.ToDoMapper.countAll    : ==>  Preparing: SELECT COUNT(*) FROM todo WHERE status = ?
2025-11-25T16:18:38.871+08:00 DEBUG 25476 --- [todo] [pool-1-thread-1] c.t.d.todo.mapper.ToDoMapper.countAll    : ==> Parameters: 10(String)
2025-11-25T16:18:38.873+08:00 DEBUG 25476 --- [todo] [pool-1-thread-1] c.t.d.todo.mapper.ToDoMapper.countAll    : <==      Total: 1
2025-11-25T16:18:48.878+08:00 DEBUG 25476 --- [todo] [pool-1-thread-1] c.t.d.todo.mapper.ToDoMapper.countAll    : ==>  Preparing: SELECT COUNT(*) FROM todo WHERE status = ?
2025-11-25T16:18:48.879+08:00 DEBUG 25476 --- [todo] [pool-1-thread-1] c.t.d.todo.mapper.ToDoMapper.countAll    : ==> Parameters: 10(String)
2025-11-25T16:18:48.880+08:00 DEBUG 25476 --- [todo] [pool-1-thread-1] c.t.d.todo.mapper.ToDoMapper.countAll    : <==      Total: 1
2025-11-25T16:18:58.874+08:00 DEBUG 25476 --- [todo] [pool-1-thread-1] c.t.d.todo.mapper.ToDoMapper.countAll    : ==>  Preparing: SELECT COUNT(*) FROM todo WHERE status = ?
2025-11-25T16:18:58.875+08:00 DEBUG 25476 --- [todo] [pool-1-thread-1] c.t.d.todo.mapper.ToDoMapper.countAll    : ==> Parameters: 10(String)
2025-11-25T16:18:58.875+08:00 DEBUG 25476 --- [todo] [pool-1-thread-1] c.t.d.todo.mapper.ToDoMapper.countAll    : <==      Total: 1
2025-11-25T16:19:08.874+08:00 DEBUG 25476 --- [todo] [pool-1-thread-1] c.t.d.todo.mapper.ToDoMapper.countAll    : ==>  Preparing: SELECT COUNT(*) FROM todo WHERE status = ?
2025-11-25T16:19:08.875+08:00 DEBUG 25476 --- [todo] [pool-1-thread-1] c.t.d.todo.mapper.ToDoMapper.countAll    : ==> Parameters: 10(String)
2025-11-25T16:19:08.875+08:00 DEBUG 25476 --- [todo] [pool-1-thread-1] c.t.d.todo.mapper.ToDoMapper.countAll    : <==      Total: 1
2025-11-25T16:19:18.868+08:00 DEBUG 25476 --- [todo] [pool-1-thread-1] c.t.d.todo.mapper.ToDoMapper.countAll    : ==>  Preparing: SELECT COUNT(*) FROM todo WHERE status = ?
2025-11-25T16:19:18.868+08:00 DEBUG 25476 --- [todo] [pool-1-thread-1] c.t.d.todo.mapper.ToDoMapper.countAll    : ==> Parameters: 10(String)
2025-11-25T16:19:18.870+08:00 DEBUG 25476 --- [todo] [pool-1-thread-1] c.t.d.todo.mapper.ToDoMapper.countAll    : <==      Total: 1
2025-11-25T16:19:28.873+08:00 DEBUG 25476 --- [todo] [pool-1-thread-2] c.t.demo.todo.mapper.ToDoMapper.query    : ==>  Preparing: SELECT td.id,td.title,td.status,td.message_level as messageLevel , td.tag,td.description,td.message,td.create_time as createTime, td.expire_time as expireTime,td.complete_time as completeTime, td.update_time as updateTime,ta.code AS tagCode FROM todo AS td INNER JOIN tag AS ta ON td.tag = ta.code WHERE status = ? ORDER BY create_time DESC
2025-11-25T16:19:28.873+08:00 DEBUG 25476 --- [todo] [pool-1-thread-3] c.t.d.todo.mapper.ToDoMapper.countAll    : ==>  Preparing: SELECT COUNT(*) FROM todo WHERE status = ?
2025-11-25T16:19:28.873+08:00 DEBUG 25476 --- [todo] [pool-1-thread-3] c.t.d.todo.mapper.ToDoMapper.countAll    : ==> Parameters: 10(String)
2025-11-25T16:19:28.873+08:00 DEBUG 25476 --- [todo] [pool-1-thread-2] c.t.demo.todo.mapper.ToDoMapper.query    : ==> Parameters: 10(String)
2025-11-25T16:19:28.878+08:00 DEBUG 25476 --- [todo] [pool-1-thread-3] c.t.d.todo.mapper.ToDoMapper.countAll    : <==      Total: 1
2025-11-25T16:19:28.878+08:00 DEBUG 25476 --- [todo] [pool-1-thread-2] c.t.demo.todo.mapper.ToDoMapper.query    : <==      Total: 1
2025-11-25T16:19:38.864+08:00 DEBUG 25476 --- [todo] [pool-1-thread-3] c.t.d.todo.mapper.ToDoMapper.countAll    : ==>  Preparing: SELECT COUNT(*) FROM todo WHERE status = ?
2025-11-25T16:19:38.864+08:00 DEBUG 25476 --- [todo] [pool-1-thread-3] c.t.d.todo.mapper.ToDoMapper.countAll    : ==> Parameters: 10(String)
2025-11-25T16:19:38.865+08:00 DEBUG 25476 --- [todo] [pool-1-thread-3] c.t.d.todo.mapper.ToDoMapper.countAll    : <==      Total: 1
2025-11-25T16:19:48.865+08:00 DEBUG 25476 --- [todo] [pool-1-thread-3] c.t.d.todo.mapper.ToDoMapper.countAll    : ==>  Preparing: SELECT COUNT(*) FROM todo WHERE status = ?
2025-11-25T16:19:48.866+08:00 DEBUG 25476 --- [todo] [pool-1-thread-3] c.t.d.todo.mapper.ToDoMapper.countAll    : ==> Parameters: 10(String)
2025-11-25T16:19:48.867+08:00 DEBUG 25476 --- [todo] [pool-1-thread-3] c.t.d.todo.mapper.ToDoMapper.countAll    : <==      Total: 1
2025-11-25T16:19:58.875+08:00 DEBUG 25476 --- [todo] [pool-1-thread-3] c.t.d.todo.mapper.ToDoMapper.countAll    : ==>  Preparing: SELECT COUNT(*) FROM todo WHERE status = ?
2025-11-25T16:19:58.876+08:00 DEBUG 25476 --- [todo] [pool-1-thread-3] c.t.d.todo.mapper.ToDoMapper.countAll    : ==> Parameters: 10(String)
2025-11-25T16:19:58.877+08:00 DEBUG 25476 --- [todo] [pool-1-thread-3] c.t.d.todo.mapper.ToDoMapper.countAll    : <==      Total: 1
2025-11-25T16:20:03.765+08:00 DEBUG 25476 --- [todo] [http-nio-8065-exec-7] c.t.demo.todo.controller.ToDoController  : 查询参数:ToDoQuery(id=null, title=, tag=null, messageLevel=null, message=, tagCode=null, status=10, pageNumber=1, pageSize=2)
2025-11-25T16:20:03.769+08:00 DEBUG 25476 --- [todo] [http-nio-8065-exec-7] c.t.demo.todo.mapper.ToDoMapper.query    : ==>  Preparing: SELECT td.id,td.title,td.status,td.message_level as messageLevel , td.tag,td.description,td.message,td.create_time as createTime, td.expire_time as expireTime,td.complete_time as completeTime, td.update_time as updateTime,ta.code AS tagCode FROM todo AS td INNER JOIN tag AS ta ON td.tag = ta.code WHERE status = ? ORDER BY create_time DESC LIMIT ?,?
2025-11-25T16:20:03.774+08:00 DEBUG 25476 --- [todo] [http-nio-8065-exec-7] c.t.demo.todo.mapper.ToDoMapper.query    : ==> Parameters: 10(String), 0(Integer), 2(Integer)
2025-11-25T16:20:03.777+08:00 DEBUG 25476 --- [todo] [http-nio-8065-exec-7] c.t.demo.todo.mapper.ToDoMapper.query    : <==      Total: 1
2025-11-25T16:20:03.778+08:00 DEBUG 25476 --- [todo] [http-nio-8065-exec-7] c.t.d.todo.mapper.ToDoMapper.countAll    : ==>  Preparing: SELECT COUNT(*) FROM todo WHERE status = ?
2025-11-25T16:20:03.778+08:00 DEBUG 25476 --- [todo] [http-nio-8065-exec-7] c.t.d.todo.mapper.ToDoMapper.countAll    : ==> Parameters: 10(String)
2025-11-25T16:20:03.780+08:00 DEBUG 25476 --- [todo] [http-nio-8065-exec-7] c.t.d.todo.mapper.ToDoMapper.countAll    : <==      Total: 1
2025-11-25T16:20:05.173+08:00 DEBUG 25476 --- [todo] [http-nio-8065-exec-6] c.t.demo.todo.controller.ToDoController  : 查询参数:ToDoQuery(id=null, title=, tag=null, messageLevel=null, message=, tagCode=null, status=20, pageNumber=1, pageSize=2)
2025-11-25T16:20:05.175+08:00 DEBUG 25476 --- [todo] [http-nio-8065-exec-6] c.t.demo.todo.mapper.ToDoMapper.query    : ==>  Preparing: SELECT td.id,td.title,td.status,td.message_level as messageLevel , td.tag,td.description,td.message,td.create_time as createTime, td.expire_time as expireTime,td.complete_time as completeTime, td.update_time as updateTime,ta.code AS tagCode FROM todo AS td INNER JOIN tag AS ta ON td.tag = ta.code WHERE status = ? ORDER BY create_time DESC LIMIT ?,?
2025-11-25T16:20:05.175+08:00 DEBUG 25476 --- [todo] [http-nio-8065-exec-6] c.t.demo.todo.mapper.ToDoMapper.query    : ==> Parameters: 20(String), 0(Integer), 2(Integer)
2025-11-25T16:20:05.178+08:00 DEBUG 25476 --- [todo] [http-nio-8065-exec-6] c.t.demo.todo.mapper.ToDoMapper.query    : <==      Total: 2
2025-11-25T16:20:05.178+08:00 DEBUG 25476 --- [todo] [http-nio-8065-exec-6] c.t.d.todo.mapper.ToDoMapper.countAll    : ==>  Preparing: SELECT COUNT(*) FROM todo WHERE status = ?
2025-11-25T16:20:05.179+08:00 DEBUG 25476 --- [todo] [http-nio-8065-exec-6] c.t.d.todo.mapper.ToDoMapper.countAll    : ==> Parameters: 20(String)
2025-11-25T16:20:05.180+08:00 DEBUG 25476 --- [todo] [http-nio-8065-exec-6] c.t.d.todo.mapper.ToDoMapper.countAll    : <==      Total: 1
2025-11-25T16:20:05.561+08:00 DEBUG 25476 --- [todo] [http-nio-8065-exec-8] c.t.demo.todo.controller.ToDoController  : 查询参数:ToDoQuery(id=null, title=, tag=null, messageLevel=null, message=, tagCode=null, status=30, pageNumber=1, pageSize=2)
2025-11-25T16:20:05.562+08:00 DEBUG 25476 --- [todo] [http-nio-8065-exec-8] c.t.demo.todo.mapper.ToDoMapper.query    : ==>  Preparing: SELECT td.id,td.title,td.status,td.message_level as messageLevel , td.tag,td.description,td.message,td.create_time as createTime, td.expire_time as expireTime,td.complete_time as completeTime, td.update_time as updateTime,ta.code AS tagCode FROM todo AS td INNER JOIN tag AS ta ON td.tag = ta.code WHERE status = ? ORDER BY create_time DESC LIMIT ?,?
2025-11-25T16:20:05.563+08:00 DEBUG 25476 --- [todo] [http-nio-8065-exec-8] c.t.demo.todo.mapper.ToDoMapper.query    : ==> Parameters: 30(String), 0(Integer), 2(Integer)
2025-11-25T16:20:05.564+08:00 DEBUG 25476 --- [todo] [http-nio-8065-exec-8] c.t.demo.todo.mapper.ToDoMapper.query    : <==      Total: 1
2025-11-25T16:20:05.565+08:00 DEBUG 25476 --- [todo] [http-nio-8065-exec-8] c.t.d.todo.mapper.ToDoMapper.countAll    : ==>  Preparing: SELECT COUNT(*) FROM todo WHERE status = ?
2025-11-25T16:20:05.565+08:00 DEBUG 25476 --- [todo] [http-nio-8065-exec-8] c.t.d.todo.mapper.ToDoMapper.countAll    : ==> Parameters: 30(String)
2025-11-25T16:20:05.566+08:00 DEBUG 25476 --- [todo] [http-nio-8065-exec-8] c.t.d.todo.mapper.ToDoMapper.countAll    : <==      Total: 1
2025-11-25T16:20:06.530+08:00 DEBUG 25476 --- [todo] [http-nio-8065-exec-2] c.t.demo.todo.controller.ToDoController  : 查询参数:ToDoQuery(id=null, title=, tag=null, messageLevel=null, message=, tagCode=null, status=20, pageNumber=1, pageSize=2)
2025-11-25T16:20:06.532+08:00 DEBUG 25476 --- [todo] [http-nio-8065-exec-2] c.t.demo.todo.mapper.ToDoMapper.query    : ==>  Preparing: SELECT td.id,td.title,td.status,td.message_level as messageLevel , td.tag,td.description,td.message,td.create_time as createTime, td.expire_time as expireTime,td.complete_time as completeTime, td.update_time as updateTime,ta.code AS tagCode FROM todo AS td INNER JOIN tag AS ta ON td.tag = ta.code WHERE status = ? ORDER BY create_time DESC LIMIT ?,?
2025-11-25T16:20:06.532+08:00 DEBUG 25476 --- [todo] [http-nio-8065-exec-2] c.t.demo.todo.mapper.ToDoMapper.query    : ==> Parameters: 20(String), 0(Integer), 2(Integer)
2025-11-25T16:20:06.535+08:00 DEBUG 25476 --- [todo] [http-nio-8065-exec-2] c.t.demo.todo.mapper.ToDoMapper.query    : <==      Total: 2
2025-11-25T16:20:06.536+08:00 DEBUG 25476 --- [todo] [http-nio-8065-exec-2] c.t.d.todo.mapper.ToDoMapper.countAll    : ==>  Preparing: SELECT COUNT(*) FROM todo WHERE status = ?
2025-11-25T16:20:06.536+08:00 DEBUG 25476 --- [todo] [http-nio-8065-exec-2] c.t.d.todo.mapper.ToDoMapper.countAll    : ==> Parameters: 20(String)
2025-11-25T16:20:06.538+08:00 DEBUG 25476 --- [todo] [http-nio-8065-exec-2] c.t.d.todo.mapper.ToDoMapper.countAll    : <==      Total: 1
2025-11-25T16:20:06.895+08:00 DEBUG 25476 --- [todo] [http-nio-8065-exec-10] c.t.demo.todo.controller.ToDoController  : 查询参数:ToDoQuery(id=null, title=, tag=null, messageLevel=null, message=, tagCode=null, status=10, pageNumber=1, pageSize=2)
2025-11-25T16:20:06.895+08:00 DEBUG 25476 --- [todo] [http-nio-8065-exec-10] c.t.demo.todo.mapper.ToDoMapper.query    : ==>  Preparing: SELECT td.id,td.title,td.status,td.message_level as messageLevel , td.tag,td.description,td.message,td.create_time as createTime, td.expire_time as expireTime,td.complete_time as completeTime, td.update_time as updateTime,ta.code AS tagCode FROM todo AS td INNER JOIN tag AS ta ON td.tag = ta.code WHERE status = ? ORDER BY create_time DESC LIMIT ?,?
2025-11-25T16:20:06.897+08:00 DEBUG 25476 --- [todo] [http-nio-8065-exec-10] c.t.demo.todo.mapper.ToDoMapper.query    : ==> Parameters: 10(String), 0(Integer), 2(Integer)
2025-11-25T16:20:06.898+08:00 DEBUG 25476 --- [todo] [http-nio-8065-exec-10] c.t.demo.todo.mapper.ToDoMapper.query    : <==      Total: 1
2025-11-25T16:20:06.899+08:00 DEBUG 25476 --- [todo] [http-nio-8065-exec-10] c.t.d.todo.mapper.ToDoMapper.countAll    : ==>  Preparing: SELECT COUNT(*) FROM todo WHERE status = ?
2025-11-25T16:20:06.899+08:00 DEBUG 25476 --- [todo] [http-nio-8065-exec-10] c.t.d.todo.mapper.ToDoMapper.countAll    : ==> Parameters: 10(String)
2025-11-25T16:20:06.900+08:00 DEBUG 25476 --- [todo] [http-nio-8065-exec-10] c.t.d.todo.mapper.ToDoMapper.countAll    : <==      Total: 1
2025-11-25T16:20:08.867+08:00 DEBUG 25476 --- [todo] [pool-1-thread-3] c.t.d.todo.mapper.ToDoMapper.countAll    : ==>  Preparing: SELECT COUNT(*) FROM todo WHERE status = ?
2025-11-25T16:20:08.867+08:00 DEBUG 25476 --- [todo] [pool-1-thread-3] c.t.d.todo.mapper.ToDoMapper.countAll    : ==> Parameters: 10(String)
2025-11-25T16:20:08.869+08:00 DEBUG 25476 --- [todo] [pool-1-thread-3] c.t.d.todo.mapper.ToDoMapper.countAll    : <==      Total: 1
2025-11-25T16:20:18.872+08:00 DEBUG 25476 --- [todo] [pool-1-thread-3] c.t.d.todo.mapper.ToDoMapper.countAll    : ==>  Preparing: SELECT COUNT(*) FROM todo WHERE status = ?
2025-11-25T16:20:18.872+08:00 DEBUG 25476 --- [todo] [pool-1-thread-3] c.t.d.todo.mapper.ToDoMapper.countAll    : ==> Parameters: 10(String)
2025-11-25T16:20:18.873+08:00 DEBUG 25476 --- [todo] [pool-1-thread-3] c.t.d.todo.mapper.ToDoMapper.countAll    : <==      Total: 1
2025-11-25T16:20:28.875+08:00 DEBUG 25476 --- [todo] [pool-1-thread-1] c.t.demo.todo.mapper.ToDoMapper.query    : ==>  Preparing: SELECT td.id,td.title,td.status,td.message_level as messageLevel , td.tag,td.description,td.message,td.create_time as createTime, td.expire_time as expireTime,td.complete_time as completeTime, td.update_time as updateTime,ta.code AS tagCode FROM todo AS td INNER JOIN tag AS ta ON td.tag = ta.code WHERE status = ? ORDER BY create_time DESC
2025-11-25T16:20:28.875+08:00 DEBUG 25476 --- [todo] [pool-1-thread-2] c.t.d.todo.mapper.ToDoMapper.countAll    : ==>  Preparing: SELECT COUNT(*) FROM todo WHERE status = ?
2025-11-25T16:20:28.875+08:00 DEBUG 25476 --- [todo] [pool-1-thread-1] c.t.demo.todo.mapper.ToDoMapper.query    : ==> Parameters: 10(String)
2025-11-25T16:20:28.875+08:00 DEBUG 25476 --- [todo] [pool-1-thread-2] c.t.d.todo.mapper.ToDoMapper.countAll    : ==> Parameters: 10(String)
2025-11-25T16:20:28.876+08:00 DEBUG 25476 --- [todo] [pool-1-thread-2] c.t.d.todo.mapper.ToDoMapper.countAll    : <==      Total: 1
2025-11-25T16:20:28.876+08:00 DEBUG 25476 --- [todo] [pool-1-thread-1] c.t.demo.todo.mapper.ToDoMapper.query    : <==      Total: 1
2025-11-25T16:20:38.870+08:00 DEBUG 25476 --- [todo] [pool-1-thread-2] c.t.d.todo.mapper.ToDoMapper.countAll    : ==>  Preparing: SELECT COUNT(*) FROM todo WHERE status = ?
2025-11-25T16:20:38.870+08:00 DEBUG 25476 --- [todo] [pool-1-thread-2] c.t.d.todo.mapper.ToDoMapper.countAll    : ==> Parameters: 10(String)
2025-11-25T16:20:38.871+08:00 DEBUG 25476 --- [todo] [pool-1-thread-2] c.t.d.todo.mapper.ToDoMapper.countAll    : <==      Total: 1
2025-11-25T16:20:48.873+08:00 DEBUG 25476 --- [todo] [pool-1-thread-2] c.t.d.todo.mapper.ToDoMapper.countAll    : ==>  Preparing: SELECT COUNT(*) FROM todo WHERE status = ?
2025-11-25T16:20:48.874+08:00 DEBUG 25476 --- [todo] [pool-1-thread-2] c.t.d.todo.mapper.ToDoMapper.countAll    : ==> Parameters: 10(String)
2025-11-25T16:20:48.874+08:00 DEBUG 25476 --- [todo] [pool-1-thread-2] c.t.d.todo.mapper.ToDoMapper.countAll    : <==      Total: 1
2025-11-25T16:20:58.872+08:00 DEBUG 25476 --- [todo] [pool-1-thread-2] c.t.d.todo.mapper.ToDoMapper.countAll    : ==>  Preparing: SELECT COUNT(*) FROM todo WHERE status = ?
2025-11-25T16:20:58.872+08:00 DEBUG 25476 --- [todo] [pool-1-thread-2] c.t.d.todo.mapper.ToDoMapper.countAll    : ==> Parameters: 10(String)
2025-11-25T16:20:58.873+08:00 DEBUG 25476 --- [todo] [pool-1-thread-2] c.t.d.todo.mapper.ToDoMapper.countAll    : <==      Total: 1
2025-11-25T16:21:08.865+08:00 DEBUG 25476 --- [todo] [pool-1-thread-2] c.t.d.todo.mapper.ToDoMapper.countAll    : ==>  Preparing: SELECT COUNT(*) FROM todo WHERE status = ?
2025-11-25T16:21:08.865+08:00 DEBUG 25476 --- [todo] [pool-1-thread-2] c.t.d.todo.mapper.ToDoMapper.countAll    : ==> Parameters: 10(String)
2025-11-25T16:21:08.866+08:00 DEBUG 25476 --- [todo] [pool-1-thread-2] c.t.d.todo.mapper.ToDoMapper.countAll    : <==      Total: 1
2025-11-25T16:21:18.871+08:00 DEBUG 25476 --- [todo] [pool-1-thread-2] c.t.d.todo.mapper.ToDoMapper.countAll    : ==>  Preparing: SELECT COUNT(*) FROM todo WHERE status = ?
2025-11-25T16:21:18.871+08:00 DEBUG 25476 --- [todo] [pool-1-thread-2] c.t.d.todo.mapper.ToDoMapper.countAll    : ==> Parameters: 10(String)
2025-11-25T16:21:18.872+08:00 DEBUG 25476 --- [todo] [pool-1-thread-2] c.t.d.todo.mapper.ToDoMapper.countAll    : <==      Total: 1
2025-11-25T16:21:28.877+08:00 DEBUG 25476 --- [todo] [pool-1-thread-1] c.t.d.todo.mapper.ToDoMapper.countAll    : ==>  Preparing: SELECT COUNT(*) FROM todo WHERE status = ?
2025-11-25T16:21:28.877+08:00 DEBUG 25476 --- [todo] [pool-1-thread-3] c.t.demo.todo.mapper.ToDoMapper.query    : ==>  Preparing: SELECT td.id,td.title,td.status,td.message_level as messageLevel , td.tag,td.description,td.message,td.create_time as createTime, td.expire_time as expireTime,td.complete_time as completeTime, td.update_time as updateTime,ta.code AS tagCode FROM todo AS td INNER JOIN tag AS ta ON td.tag = ta.code WHERE status = ? ORDER BY create_time DESC
2025-11-25T16:21:28.877+08:00 DEBUG 25476 --- [todo] [pool-1-thread-1] c.t.d.todo.mapper.ToDoMapper.countAll    : ==> Parameters: 10(String)
2025-11-25T16:21:28.878+08:00 DEBUG 25476 --- [todo] [pool-1-thread-3] c.t.demo.todo.mapper.ToDoMapper.query    : ==> Parameters: 10(String)
2025-11-25T16:21:28.878+08:00 DEBUG 25476 --- [todo] [pool-1-thread-1] c.t.d.todo.mapper.ToDoMapper.countAll    : <==      Total: 1
2025-11-25T16:21:28.879+08:00 DEBUG 25476 --- [todo] [pool-1-thread-3] c.t.demo.todo.mapper.ToDoMapper.query    : <==      Total: 1
2025-11-25T16:21:38.868+08:00 DEBUG 25476 --- [todo] [pool-1-thread-1] c.t.d.todo.mapper.ToDoMapper.countAll    : ==>  Preparing: SELECT COUNT(*) FROM todo WHERE status = ?
2025-11-25T16:21:38.868+08:00 DEBUG 25476 --- [todo] [pool-1-thread-1] c.t.d.todo.mapper.ToDoMapper.countAll    : ==> Parameters: 10(String)
2025-11-25T16:21:38.869+08:00 DEBUG 25476 --- [todo] [pool-1-thread-1] c.t.d.todo.mapper.ToDoMapper.countAll    : <==      Total: 1
2025-11-25T16:21:48.876+08:00 DEBUG 25476 --- [todo] [pool-1-thread-1] c.t.d.todo.mapper.ToDoMapper.countAll    : ==>  Preparing: SELECT COUNT(*) FROM todo WHERE status = ?
2025-11-25T16:21:48.877+08:00 DEBUG 25476 --- [todo] [pool-1-thread-1] c.t.d.todo.mapper.ToDoMapper.countAll    : ==> Parameters: 10(String)
2025-11-25T16:21:48.877+08:00 DEBUG 25476 --- [todo] [pool-1-thread-1] c.t.d.todo.mapper.ToDoMapper.countAll    : <==      Total: 1
2025-11-25T16:21:58.876+08:00 DEBUG 25476 --- [todo] [pool-1-thread-1] c.t.d.todo.mapper.ToDoMapper.countAll    : ==>  Preparing: SELECT COUNT(*) FROM todo WHERE status = ?
2025-11-25T16:21:58.876+08:00 DEBUG 25476 --- [todo] [pool-1-thread-1] c.t.d.todo.mapper.ToDoMapper.countAll    : ==> Parameters: 10(String)
2025-11-25T16:21:58.877+08:00 DEBUG 25476 --- [todo] [pool-1-thread-1] c.t.d.todo.mapper.ToDoMapper.countAll    : <==      Total: 1
2025-11-25T16:22:08.877+08:00 DEBUG 25476 --- [todo] [pool-1-thread-1] c.t.d.todo.mapper.ToDoMapper.countAll    : ==>  Preparing: SELECT COUNT(*) FROM todo WHERE status = ?
2025-11-25T16:22:08.879+08:00 DEBUG 25476 --- [todo] [pool-1-thread-1] c.t.d.todo.mapper.ToDoMapper.countAll    : ==> Parameters: 10(String)
2025-11-25T16:22:08.879+08:00 DEBUG 25476 --- [todo] [pool-1-thread-1] c.t.d.todo.mapper.ToDoMapper.countAll    : <==      Total: 1
2025-11-25T16:22:18.876+08:00 DEBUG 25476 --- [todo] [pool-1-thread-1] c.t.d.todo.mapper.ToDoMapper.countAll    : ==>  Preparing: SELECT COUNT(*) FROM todo WHERE status = ?
2025-11-25T16:22:18.876+08:00 DEBUG 25476 --- [todo] [pool-1-thread-1] c.t.d.todo.mapper.ToDoMapper.countAll    : ==> Parameters: 10(String)
2025-11-25T16:22:18.877+08:00 DEBUG 25476 --- [todo] [pool-1-thread-1] c.t.d.todo.mapper.ToDoMapper.countAll    : <==      Total: 1
2025-11-25T16:22:28.863+08:00 DEBUG 25476 --- [todo] [pool-1-thread-2] c.t.demo.todo.mapper.ToDoMapper.query    : ==>  Preparing: SELECT td.id,td.title,td.status,td.message_level as messageLevel , td.tag,td.description,td.message,td.create_time as createTime, td.expire_time as expireTime,td.complete_time as completeTime, td.update_time as updateTime,ta.code AS tagCode FROM todo AS td INNER JOIN tag AS ta ON td.tag = ta.code WHERE status = ? ORDER BY create_time DESC
2025-11-25T16:22:28.864+08:00 DEBUG 25476 --- [todo] [pool-1-thread-2] c.t.demo.todo.mapper.ToDoMapper.query    : ==> Parameters: 10(String)
2025-11-25T16:22:28.866+08:00 DEBUG 25476 --- [todo] [pool-1-thread-2] c.t.demo.todo.mapper.ToDoMapper.query    : <==      Total: 1
2025-11-25T16:22:28.867+08:00 DEBUG 25476 --- [todo] [pool-1-thread-2] c.t.d.todo.mapper.ToDoMapper.countAll    : ==>  Preparing: SELECT COUNT(*) FROM todo WHERE status = ?
2025-11-25T16:22:28.867+08:00 DEBUG 25476 --- [todo] [pool-1-thread-2] c.t.d.todo.mapper.ToDoMapper.countAll    : ==> Parameters: 10(String)
2025-11-25T16:22:28.868+08:00 DEBUG 25476 --- [todo] [pool-1-thread-2] c.t.d.todo.mapper.ToDoMapper.countAll    : <==      Total: 1
2025-11-25T16:22:38.866+08:00 DEBUG 25476 --- [todo] [pool-1-thread-2] c.t.d.todo.mapper.ToDoMapper.countAll    : ==>  Preparing: SELECT COUNT(*) FROM todo WHERE status = ?
2025-11-25T16:22:38.866+08:00 DEBUG 25476 --- [todo] [pool-1-thread-2] c.t.d.todo.mapper.ToDoMapper.countAll    : ==> Parameters: 10(String)
2025-11-25T16:22:38.868+08:00 DEBUG 25476 --- [todo] [pool-1-thread-2] c.t.d.todo.mapper.ToDoMapper.countAll    : <==      Total: 1
2025-11-25T16:22:48.876+08:00 DEBUG 25476 --- [todo] [pool-1-thread-2] c.t.d.todo.mapper.ToDoMapper.countAll    : ==>  Preparing: SELECT COUNT(*) FROM todo WHERE status = ?
2025-11-25T16:22:48.877+08:00 DEBUG 25476 --- [todo] [pool-1-thread-2] c.t.d.todo.mapper.ToDoMapper.countAll    : ==> Parameters: 10(String)
2025-11-25T16:22:48.878+08:00 DEBUG 25476 --- [todo] [pool-1-thread-2] c.t.d.todo.mapper.ToDoMapper.countAll    : <==      Total: 1
2025-11-25T16:22:58.866+08:00 DEBUG 25476 --- [todo] [pool-1-thread-2] c.t.d.todo.mapper.ToDoMapper.countAll    : ==>  Preparing: SELECT COUNT(*) FROM todo WHERE status = ?
2025-11-25T16:22:58.866+08:00 DEBUG 25476 --- [todo] [pool-1-thread-2] c.t.d.todo.mapper.ToDoMapper.countAll    : ==> Parameters: 10(String)
2025-11-25T16:22:58.868+08:00 DEBUG 25476 --- [todo] [pool-1-thread-2] c.t.d.todo.mapper.ToDoMapper.countAll    : <==      Total: 1
2025-11-25T16:23:08.878+08:00 DEBUG 25476 --- [todo] [pool-1-thread-2] c.t.d.todo.mapper.ToDoMapper.countAll    : ==>  Preparing: SELECT COUNT(*) FROM todo WHERE status = ?
2025-11-25T16:23:08.878+08:00 DEBUG 25476 --- [todo] [pool-1-thread-2] c.t.d.todo.mapper.ToDoMapper.countAll    : ==> Parameters: 10(String)
2025-11-25T16:23:08.879+08:00 DEBUG 25476 --- [todo] [pool-1-thread-2] c.t.d.todo.mapper.ToDoMapper.countAll    : <==      Total: 1
2025-11-25T16:23:18.874+08:00 DEBUG 25476 --- [todo] [pool-1-thread-2] c.t.d.todo.mapper.ToDoMapper.countAll    : ==>  Preparing: SELECT COUNT(*) FROM todo WHERE status = ?
2025-11-25T16:23:18.876+08:00 DEBUG 25476 --- [todo] [pool-1-thread-2] c.t.d.todo.mapper.ToDoMapper.countAll    : ==> Parameters: 10(String)
2025-11-25T16:23:18.877+08:00 DEBUG 25476 --- [todo] [pool-1-thread-2] c.t.d.todo.mapper.ToDoMapper.countAll    : <==      Total: 1
2025-11-25T16:23:28.873+08:00 DEBUG 25476 --- [todo] [pool-1-thread-1] c.t.demo.todo.mapper.ToDoMapper.query    : ==>  Preparing: SELECT td.id,td.title,td.status,td.message_level as messageLevel , td.tag,td.description,td.message,td.create_time as createTime, td.expire_time as expireTime,td.complete_time as completeTime, td.update_time as updateTime,ta.code AS tagCode FROM todo AS td INNER JOIN tag AS ta ON td.tag = ta.code WHERE status = ? ORDER BY create_time DESC
2025-11-25T16:23:28.873+08:00 DEBUG 25476 --- [todo] [pool-1-thread-3] c.t.d.todo.mapper.ToDoMapper.countAll    : ==>  Preparing: SELECT COUNT(*) FROM todo WHERE status = ?
2025-11-25T16:23:28.874+08:00 DEBUG 25476 --- [todo] [pool-1-thread-1] c.t.demo.todo.mapper.ToDoMapper.query    : ==> Parameters: 10(String)
2025-11-25T16:23:28.874+08:00 DEBUG 25476 --- [todo] [pool-1-thread-3] c.t.d.todo.mapper.ToDoMapper.countAll    : ==> Parameters: 10(String)
2025-11-25T16:23:28.876+08:00 DEBUG 25476 --- [todo] [pool-1-thread-3] c.t.d.todo.mapper.ToDoMapper.countAll    : <==      Total: 1
2025-11-25T16:23:28.877+08:00 DEBUG 25476 --- [todo] [pool-1-thread-1] c.t.demo.todo.mapper.ToDoMapper.query    : <==      Total: 1
2025-11-25T16:23:38.871+08:00 DEBUG 25476 --- [todo] [pool-1-thread-3] c.t.d.todo.mapper.ToDoMapper.countAll    : ==>  Preparing: SELECT COUNT(*) FROM todo WHERE status = ?
2025-11-25T16:23:38.871+08:00 DEBUG 25476 --- [todo] [pool-1-thread-3] c.t.d.todo.mapper.ToDoMapper.countAll    : ==> Parameters: 10(String)
2025-11-25T16:23:38.875+08:00 DEBUG 25476 --- [todo] [pool-1-thread-3] c.t.d.todo.mapper.ToDoMapper.countAll    : <==      Total: 1
2025-11-25T16:23:44.234+08:00 DEBUG 25476 --- [todo] [http-nio-8065-exec-4] c.t.demo.todo.controller.ToDoController  : 查询参数:ToDoQuery(id=null, title=, tag=null, messageLevel=null, message=, tagCode=null, status=10, pageNumber=1, pageSize=2)
2025-11-25T16:23:44.236+08:00 DEBUG 25476 --- [todo] [http-nio-8065-exec-4] c.t.demo.todo.mapper.ToDoMapper.query    : ==>  Preparing: SELECT td.id,td.title,td.status,td.message_level as messageLevel , td.tag,td.description,td.message,td.create_time as createTime, td.expire_time as expireTime,td.complete_time as completeTime, td.update_time as updateTime,ta.code AS tagCode FROM todo AS td INNER JOIN tag AS ta ON td.tag = ta.code WHERE status = ? ORDER BY create_time DESC LIMIT ?,?
2025-11-25T16:23:44.236+08:00 DEBUG 25476 --- [todo] [http-nio-8065-exec-4] c.t.demo.todo.mapper.ToDoMapper.query    : ==> Parameters: 10(String), 0(Integer), 2(Integer)
2025-11-25T16:23:44.237+08:00 DEBUG 25476 --- [todo] [http-nio-8065-exec-4] c.t.demo.todo.mapper.ToDoMapper.query    : <==      Total: 1
2025-11-25T16:23:44.238+08:00 DEBUG 25476 --- [todo] [http-nio-8065-exec-4] c.t.d.todo.mapper.ToDoMapper.countAll    : ==>  Preparing: SELECT COUNT(*) FROM todo WHERE status = ?
2025-11-25T16:23:44.238+08:00 DEBUG 25476 --- [todo] [http-nio-8065-exec-4] c.t.d.todo.mapper.ToDoMapper.countAll    : ==> Parameters: 10(String)
2025-11-25T16:23:44.239+08:00 DEBUG 25476 --- [todo] [http-nio-8065-exec-4] c.t.d.todo.mapper.ToDoMapper.countAll    : <==      Total: 1
2025-11-25T16:23:48.869+08:00 DEBUG 25476 --- [todo] [pool-1-thread-3] c.t.d.todo.mapper.ToDoMapper.countAll    : ==>  Preparing: SELECT COUNT(*) FROM todo WHERE status = ?
2025-11-25T16:23:48.869+08:00 DEBUG 25476 --- [todo] [pool-1-thread-3] c.t.d.todo.mapper.ToDoMapper.countAll    : ==> Parameters: 10(String)
2025-11-25T16:23:48.871+08:00 DEBUG 25476 --- [todo] [pool-1-thread-3] c.t.d.todo.mapper.ToDoMapper.countAll    : <==      Total: 1
2025-11-25T16:23:58.875+08:00 DEBUG 25476 --- [todo] [pool-1-thread-3] c.t.d.todo.mapper.ToDoMapper.countAll    : ==>  Preparing: SELECT COUNT(*) FROM todo WHERE status = ?
2025-11-25T16:23:58.876+08:00 DEBUG 25476 --- [todo] [pool-1-thread-3] c.t.d.todo.mapper.ToDoMapper.countAll    : ==> Parameters: 10(String)
2025-11-25T16:23:58.877+08:00 DEBUG 25476 --- [todo] [pool-1-thread-3] c.t.d.todo.mapper.ToDoMapper.countAll    : <==      Total: 1
2025-11-25T16:24:08.873+08:00 DEBUG 25476 --- [todo] [pool-1-thread-3] c.t.d.todo.mapper.ToDoMapper.countAll    : ==>  Preparing: SELECT COUNT(*) FROM todo WHERE status = ?
2025-11-25T16:24:08.873+08:00 DEBUG 25476 --- [todo] [pool-1-thread-3] c.t.d.todo.mapper.ToDoMapper.countAll    : ==> Parameters: 10(String)
2025-11-25T16:24:08.874+08:00 DEBUG 25476 --- [todo] [pool-1-thread-3] c.t.d.todo.mapper.ToDoMapper.countAll    : <==      Total: 1
2025-11-25T16:24:18.863+08:00 DEBUG 25476 --- [todo] [pool-1-thread-3] c.t.d.todo.mapper.ToDoMapper.countAll    : ==>  Preparing: SELECT COUNT(*) FROM todo WHERE status = ?
2025-11-25T16:24:18.864+08:00 DEBUG 25476 --- [todo] [pool-1-thread-3] c.t.d.todo.mapper.ToDoMapper.countAll    : ==> Parameters: 10(String)
2025-11-25T16:24:18.864+08:00 DEBUG 25476 --- [todo] [pool-1-thread-3] c.t.d.todo.mapper.ToDoMapper.countAll    : <==      Total: 1
2025-11-25T16:24:28.878+08:00 DEBUG 25476 --- [todo] [pool-1-thread-1] c.t.d.todo.mapper.ToDoMapper.countAll    : ==>  Preparing: SELECT COUNT(*) FROM todo WHERE status = ?
2025-11-25T16:24:28.878+08:00 DEBUG 25476 --- [todo] [pool-1-thread-2] c.t.demo.todo.mapper.ToDoMapper.query    : ==>  Preparing: SELECT td.id,td.title,td.status,td.message_level as messageLevel , td.tag,td.description,td.message,td.create_time as createTime, td.expire_time as expireTime,td.complete_time as completeTime, td.update_time as updateTime,ta.code AS tagCode FROM todo AS td INNER JOIN tag AS ta ON td.tag = ta.code WHERE status = ? ORDER BY create_time DESC
2025-11-25T16:24:28.878+08:00 DEBUG 25476 --- [todo] [pool-1-thread-1] c.t.d.todo.mapper.ToDoMapper.countAll    : ==> Parameters: 10(String)
2025-11-25T16:24:28.878+08:00 DEBUG 25476 --- [todo] [pool-1-thread-2] c.t.demo.todo.mapper.ToDoMapper.query    : ==> Parameters: 10(String)
2025-11-25T16:24:28.878+08:00 DEBUG 25476 --- [todo] [pool-1-thread-1] c.t.d.todo.mapper.ToDoMapper.countAll    : <==      Total: 1
2025-11-25T16:24:28.881+08:00 DEBUG 25476 --- [todo] [pool-1-thread-2] c.t.demo.todo.mapper.ToDoMapper.query    : <==      Total: 1
2025-11-25T16:24:38.873+08:00 DEBUG 25476 --- [todo] [pool-1-thread-1] c.t.d.todo.mapper.ToDoMapper.countAll    : ==>  Preparing: SELECT COUNT(*) FROM todo WHERE status = ?
2025-11-25T16:24:38.874+08:00 DEBUG 25476 --- [todo] [pool-1-thread-1] c.t.d.todo.mapper.ToDoMapper.countAll    : ==> Parameters: 10(String)
2025-11-25T16:24:38.876+08:00 DEBUG 25476 --- [todo] [pool-1-thread-1] c.t.d.todo.mapper.ToDoMapper.countAll    : <==      Total: 1
2025-11-25T16:24:48.866+08:00 DEBUG 25476 --- [todo] [pool-1-thread-1] c.t.d.todo.mapper.ToDoMapper.countAll    : ==>  Preparing: SELECT COUNT(*) FROM todo WHERE status = ?
2025-11-25T16:24:48.866+08:00 DEBUG 25476 --- [todo] [pool-1-thread-1] c.t.d.todo.mapper.ToDoMapper.countAll    : ==> Parameters: 10(String)
2025-11-25T16:24:48.880+08:00 DEBUG 25476 --- [todo] [pool-1-thread-1] c.t.d.todo.mapper.ToDoMapper.countAll    : <==      Total: 1
2025-11-25T16:24:58.877+08:00 DEBUG 25476 --- [todo] [pool-1-thread-1] c.t.d.todo.mapper.ToDoMapper.countAll    : ==>  Preparing: SELECT COUNT(*) FROM todo WHERE status = ?
2025-11-25T16:24:58.877+08:00 DEBUG 25476 --- [todo] [pool-1-thread-1] c.t.d.todo.mapper.ToDoMapper.countAll    : ==> Parameters: 10(String)
2025-11-25T16:24:58.878+08:00 DEBUG 25476 --- [todo] [pool-1-thread-1] c.t.d.todo.mapper.ToDoMapper.countAll    : <==      Total: 1
2025-11-25T16:25:08.875+08:00 DEBUG 25476 --- [todo] [pool-1-thread-1] c.t.d.todo.mapper.ToDoMapper.countAll    : ==>  Preparing: SELECT COUNT(*) FROM todo WHERE status = ?
2025-11-25T16:25:08.875+08:00 DEBUG 25476 --- [todo] [pool-1-thread-1] c.t.d.todo.mapper.ToDoMapper.countAll    : ==> Parameters: 10(String)
2025-11-25T16:25:08.876+08:00 DEBUG 25476 --- [todo] [pool-1-thread-1] c.t.d.todo.mapper.ToDoMapper.countAll    : <==      Total: 1
2025-11-25T16:25:18.871+08:00 DEBUG 25476 --- [todo] [pool-1-thread-1] c.t.d.todo.mapper.ToDoMapper.countAll    : ==>  Preparing: SELECT COUNT(*) FROM todo WHERE status = ?
2025-11-25T16:25:18.872+08:00 DEBUG 25476 --- [todo] [pool-1-thread-1] c.t.d.todo.mapper.ToDoMapper.countAll    : ==> Parameters: 10(String)
2025-11-25T16:25:18.874+08:00 DEBUG 25476 --- [todo] [pool-1-thread-1] c.t.d.todo.mapper.ToDoMapper.countAll    : <==      Total: 1
2025-11-25T16:25:28.863+08:00 DEBUG 25476 --- [todo] [pool-1-thread-2] c.t.demo.todo.mapper.ToDoMapper.query    : ==>  Preparing: SELECT td.id,td.title,td.status,td.message_level as messageLevel , td.tag,td.description,td.message,td.create_time as createTime, td.expire_time as expireTime,td.complete_time as completeTime, td.update_time as updateTime,ta.code AS tagCode FROM todo AS td INNER JOIN tag AS ta ON td.tag = ta.code WHERE status = ? ORDER BY create_time DESC
2025-11-25T16:25:28.863+08:00 DEBUG 25476 --- [todo] [pool-1-thread-2] c.t.demo.todo.mapper.ToDoMapper.query    : ==> Parameters: 10(String)
2025-11-25T16:25:28.864+08:00 DEBUG 25476 --- [todo] [pool-1-thread-2] c.t.demo.todo.mapper.ToDoMapper.query    : <==      Total: 1
2025-11-25T16:25:28.865+08:00 DEBUG 25476 --- [todo] [pool-1-thread-2] c.t.d.todo.mapper.ToDoMapper.countAll    : ==>  Preparing: SELECT COUNT(*) FROM todo WHERE status = ?
2025-11-25T16:25:28.865+08:00 DEBUG 25476 --- [todo] [pool-1-thread-2] c.t.d.todo.mapper.ToDoMapper.countAll    : ==> Parameters: 10(String)
2025-11-25T16:25:28.866+08:00 DEBUG 25476 --- [todo] [pool-1-thread-2] c.t.d.todo.mapper.ToDoMapper.countAll    : <==      Total: 1
2025-11-25T16:25:38.865+08:00 DEBUG 25476 --- [todo] [pool-1-thread-2] c.t.d.todo.mapper.ToDoMapper.countAll    : ==>  Preparing: SELECT COUNT(*) FROM todo WHERE status = ?
2025-11-25T16:25:38.866+08:00 DEBUG 25476 --- [todo] [pool-1-thread-2] c.t.d.todo.mapper.ToDoMapper.countAll    : ==> Parameters: 10(String)
2025-11-25T16:25:38.867+08:00 DEBUG 25476 --- [todo] [pool-1-thread-2] c.t.d.todo.mapper.ToDoMapper.countAll    : <==      Total: 1
2025-11-25T16:25:48.866+08:00 DEBUG 25476 --- [todo] [pool-1-thread-2] c.t.d.todo.mapper.ToDoMapper.countAll    : ==>  Preparing: SELECT COUNT(*) FROM todo WHERE status = ?
2025-11-25T16:25:48.866+08:00 DEBUG 25476 --- [todo] [pool-1-thread-2] c.t.d.todo.mapper.ToDoMapper.countAll    : ==> Parameters: 10(String)
2025-11-25T16:25:48.867+08:00 DEBUG 25476 --- [todo] [pool-1-thread-2] c.t.d.todo.mapper.ToDoMapper.countAll    : <==      Total: 1
2025-11-25T16:25:58.870+08:00 DEBUG 25476 --- [todo] [pool-1-thread-2] c.t.d.todo.mapper.ToDoMapper.countAll    : ==>  Preparing: SELECT COUNT(*) FROM todo WHERE status = ?
2025-11-25T16:25:58.870+08:00 DEBUG 25476 --- [todo] [pool-1-thread-2] c.t.d.todo.mapper.ToDoMapper.countAll    : ==> Parameters: 10(String)
2025-11-25T16:25:58.871+08:00 DEBUG 25476 --- [todo] [pool-1-thread-2] c.t.d.todo.mapper.ToDoMapper.countAll    : <==      Total: 1
2025-11-25T16:26:08.875+08:00 DEBUG 25476 --- [todo] [pool-1-thread-2] c.t.d.todo.mapper.ToDoMapper.countAll    : ==>  Preparing: SELECT COUNT(*) FROM todo WHERE status = ?
2025-11-25T16:26:08.876+08:00 DEBUG 25476 --- [todo] [pool-1-thread-2] c.t.d.todo.mapper.ToDoMapper.countAll    : ==> Parameters: 10(String)
2025-11-25T16:26:08.876+08:00 DEBUG 25476 --- [todo] [pool-1-thread-2] c.t.d.todo.mapper.ToDoMapper.countAll    : <==      Total: 1
2025-11-25T16:26:18.871+08:00 DEBUG 25476 --- [todo] [pool-1-thread-2] c.t.d.todo.mapper.ToDoMapper.countAll    : ==>  Preparing: SELECT COUNT(*) FROM todo WHERE status = ?
2025-11-25T16:26:18.876+08:00 DEBUG 25476 --- [todo] [pool-1-thread-2] c.t.d.todo.mapper.ToDoMapper.countAll    : ==> Parameters: 10(String)
2025-11-25T16:26:18.878+08:00 DEBUG 25476 --- [todo] [pool-1-thread-2] c.t.d.todo.mapper.ToDoMapper.countAll    : <==      Total: 1
2025-11-25T16:26:28.867+08:00 DEBUG 25476 --- [todo] [pool-1-thread-3] c.t.d.todo.mapper.ToDoMapper.countAll    : ==>  Preparing: SELECT COUNT(*) FROM todo WHERE status = ?
2025-11-25T16:26:28.868+08:00 DEBUG 25476 --- [todo] [pool-1-thread-1] c.t.demo.todo.mapper.ToDoMapper.query    : ==>  Preparing: SELECT td.id,td.title,td.status,td.message_level as messageLevel , td.tag,td.description,td.message,td.create_time as createTime, td.expire_time as expireTime,td.complete_time as completeTime, td.update_time as updateTime,ta.code AS tagCode FROM todo AS td INNER JOIN tag AS ta ON td.tag = ta.code WHERE status = ? ORDER BY create_time DESC
2025-11-25T16:26:28.868+08:00 DEBUG 25476 --- [todo] [pool-1-thread-3] c.t.d.todo.mapper.ToDoMapper.countAll    : ==> Parameters: 10(String)
2025-11-25T16:26:28.868+08:00 DEBUG 25476 --- [todo] [pool-1-thread-1] c.t.demo.todo.mapper.ToDoMapper.query    : ==> Parameters: 10(String)
2025-11-25T16:26:28.869+08:00 DEBUG 25476 --- [todo] [pool-1-thread-3] c.t.d.todo.mapper.ToDoMapper.countAll    : <==      Total: 1
2025-11-25T16:26:28.871+08:00 DEBUG 25476 --- [todo] [pool-1-thread-1] c.t.demo.todo.mapper.ToDoMapper.query    : <==      Total: 1
2025-11-25T16:26:38.864+08:00 DEBUG 25476 --- [todo] [pool-1-thread-3] c.t.d.todo.mapper.ToDoMapper.countAll    : ==>  Preparing: SELECT COUNT(*) FROM todo WHERE status = ?
2025-11-25T16:26:38.864+08:00 DEBUG 25476 --- [todo] [pool-1-thread-3] c.t.d.todo.mapper.ToDoMapper.countAll    : ==> Parameters: 10(String)
2025-11-25T16:26:38.865+08:00 DEBUG 25476 --- [todo] [pool-1-thread-3] c.t.d.todo.mapper.ToDoMapper.countAll    : <==      Total: 1
2025-11-25T16:26:48.877+08:00 DEBUG 25476 --- [todo] [pool-1-thread-3] c.t.d.todo.mapper.ToDoMapper.countAll    : ==>  Preparing: SELECT COUNT(*) FROM todo WHERE status = ?
2025-11-25T16:26:48.877+08:00 DEBUG 25476 --- [todo] [pool-1-thread-3] c.t.d.todo.mapper.ToDoMapper.countAll    : ==> Parameters: 10(String)
2025-11-25T16:26:48.879+08:00 DEBUG 25476 --- [todo] [pool-1-thread-3] c.t.d.todo.mapper.ToDoMapper.countAll    : <==      Total: 1
2025-11-25T16:26:58.877+08:00 DEBUG 25476 --- [todo] [pool-1-thread-3] c.t.d.todo.mapper.ToDoMapper.countAll    : ==>  Preparing: SELECT COUNT(*) FROM todo WHERE status = ?
2025-11-25T16:26:58.878+08:00 DEBUG 25476 --- [todo] [pool-1-thread-3] c.t.d.todo.mapper.ToDoMapper.countAll    : ==> Parameters: 10(String)
2025-11-25T16:26:58.879+08:00 DEBUG 25476 --- [todo] [pool-1-thread-3] c.t.d.todo.mapper.ToDoMapper.countAll    : <==      Total: 1
2025-11-25T16:27:08.871+08:00 DEBUG 25476 --- [todo] [pool-1-thread-3] c.t.d.todo.mapper.ToDoMapper.countAll    : ==>  Preparing: SELECT COUNT(*) FROM todo WHERE status = ?
2025-11-25T16:27:08.872+08:00 DEBUG 25476 --- [todo] [pool-1-thread-3] c.t.d.todo.mapper.ToDoMapper.countAll    : ==> Parameters: 10(String)
2025-11-25T16:27:08.873+08:00 DEBUG 25476 --- [todo] [pool-1-thread-3] c.t.d.todo.mapper.ToDoMapper.countAll    : <==      Total: 1
2025-11-25T16:27:18.874+08:00 DEBUG 25476 --- [todo] [pool-1-thread-3] c.t.d.todo.mapper.ToDoMapper.countAll    : ==>  Preparing: SELECT COUNT(*) FROM todo WHERE status = ?
2025-11-25T16:27:18.875+08:00 DEBUG 25476 --- [todo] [pool-1-thread-3] c.t.d.todo.mapper.ToDoMapper.countAll    : ==> Parameters: 10(String)
2025-11-25T16:27:18.876+08:00 DEBUG 25476 --- [todo] [pool-1-thread-3] c.t.d.todo.mapper.ToDoMapper.countAll    : <==      Total: 1
2025-11-25T16:27:28.873+08:00 DEBUG 25476 --- [todo] [pool-1-thread-1] c.t.d.todo.mapper.ToDoMapper.countAll    : ==>  Preparing: SELECT COUNT(*) FROM todo WHERE status = ?
2025-11-25T16:27:28.873+08:00 DEBUG 25476 --- [todo] [pool-1-thread-2] c.t.demo.todo.mapper.ToDoMapper.query    : ==>  Preparing: SELECT td.id,td.title,td.status,td.message_level as messageLevel , td.tag,td.description,td.message,td.create_time as createTime, td.expire_time as expireTime,td.complete_time as completeTime, td.update_time as updateTime,ta.code AS tagCode FROM todo AS td INNER JOIN tag AS ta ON td.tag = ta.code WHERE status = ? ORDER BY create_time DESC
2025-11-25T16:27:28.873+08:00 DEBUG 25476 --- [todo] [pool-1-thread-1] c.t.d.todo.mapper.ToDoMapper.countAll    : ==> Parameters: 10(String)
2025-11-25T16:27:28.873+08:00 DEBUG 25476 --- [todo] [pool-1-thread-2] c.t.demo.todo.mapper.ToDoMapper.query    : ==> Parameters: 10(String)
2025-11-25T16:27:28.874+08:00 DEBUG 25476 --- [todo] [pool-1-thread-1] c.t.d.todo.mapper.ToDoMapper.countAll    : <==      Total: 1
2025-11-25T16:27:28.874+08:00 DEBUG 25476 --- [todo] [pool-1-thread-2] c.t.demo.todo.mapper.ToDoMapper.query    : <==      Total: 1
2025-11-25T16:27:38.867+08:00 DEBUG 25476 --- [todo] [pool-1-thread-1] c.t.d.todo.mapper.ToDoMapper.countAll    : ==>  Preparing: SELECT COUNT(*) FROM todo WHERE status = ?
2025-11-25T16:27:38.868+08:00 DEBUG 25476 --- [todo] [pool-1-thread-1] c.t.d.todo.mapper.ToDoMapper.countAll    : ==> Parameters: 10(String)
2025-11-25T16:27:38.871+08:00 DEBUG 25476 --- [todo] [pool-1-thread-1] c.t.d.todo.mapper.ToDoMapper.countAll    : <==      Total: 1
2025-11-25T16:27:48.867+08:00 DEBUG 25476 --- [todo] [pool-1-thread-1] c.t.d.todo.mapper.ToDoMapper.countAll    : ==>  Preparing: SELECT COUNT(*) FROM todo WHERE status = ?
2025-11-25T16:27:48.868+08:00 DEBUG 25476 --- [todo] [pool-1-thread-1] c.t.d.todo.mapper.ToDoMapper.countAll    : ==> Parameters: 10(String)
2025-11-25T16:27:48.868+08:00 DEBUG 25476 --- [todo] [pool-1-thread-1] c.t.d.todo.mapper.ToDoMapper.countAll    : <==      Total: 1
2025-11-25T16:27:58.873+08:00 DEBUG 25476 --- [todo] [pool-1-thread-1] c.t.d.todo.mapper.ToDoMapper.countAll    : ==>  Preparing: SELECT COUNT(*) FROM todo WHERE status = ?
2025-11-25T16:27:58.873+08:00 DEBUG 25476 --- [todo] [pool-1-thread-1] c.t.d.todo.mapper.ToDoMapper.countAll    : ==> Parameters: 10(String)
2025-11-25T16:27:58.875+08:00 DEBUG 25476 --- [todo] [pool-1-thread-1] c.t.d.todo.mapper.ToDoMapper.countAll    : <==      Total: 1
2025-11-25T16:28:08.869+08:00 DEBUG 25476 --- [todo] [pool-1-thread-1] c.t.d.todo.mapper.ToDoMapper.countAll    : ==>  Preparing: SELECT COUNT(*) FROM todo WHERE status = ?
2025-11-25T16:28:08.870+08:00 DEBUG 25476 --- [todo] [pool-1-thread-1] c.t.d.todo.mapper.ToDoMapper.countAll    : ==> Parameters: 10(String)
2025-11-25T16:28:08.871+08:00 DEBUG 25476 --- [todo] [pool-1-thread-1] c.t.d.todo.mapper.ToDoMapper.countAll    : <==      Total: 1
2025-11-25T16:28:18.878+08:00 DEBUG 25476 --- [todo] [pool-1-thread-1] c.t.d.todo.mapper.ToDoMapper.countAll    : ==>  Preparing: SELECT COUNT(*) FROM todo WHERE status = ?
2025-11-25T16:28:18.879+08:00 DEBUG 25476 --- [todo] [pool-1-thread-1] c.t.d.todo.mapper.ToDoMapper.countAll    : ==> Parameters: 10(String)
2025-11-25T16:28:18.880+08:00 DEBUG 25476 --- [todo] [pool-1-thread-1] c.t.d.todo.mapper.ToDoMapper.countAll    : <==      Total: 1
2025-11-25T16:28:28.874+08:00 DEBUG 25476 --- [todo] [pool-1-thread-2] c.t.d.todo.mapper.ToDoMapper.countAll    : ==>  Preparing: SELECT COUNT(*) FROM todo WHERE status = ?
2025-11-25T16:28:28.874+08:00 DEBUG 25476 --- [todo] [pool-1-thread-3] c.t.demo.todo.mapper.ToDoMapper.query    : ==>  Preparing: SELECT td.id,td.title,td.status,td.message_level as messageLevel , td.tag,td.description,td.message,td.create_time as createTime, td.expire_time as expireTime,td.complete_time as completeTime, td.update_time as updateTime,ta.code AS tagCode FROM todo AS td INNER JOIN tag AS ta ON td.tag = ta.code WHERE status = ? ORDER BY create_time DESC
2025-11-25T16:28:28.874+08:00 DEBUG 25476 --- [todo] [pool-1-thread-2] c.t.d.todo.mapper.ToDoMapper.countAll    : ==> Parameters: 10(String)
2025-11-25T16:28:28.874+08:00 DEBUG 25476 --- [todo] [pool-1-thread-3] c.t.demo.todo.mapper.ToDoMapper.query    : ==> Parameters: 10(String)
2025-11-25T16:28:28.875+08:00 DEBUG 25476 --- [todo] [pool-1-thread-2] c.t.d.todo.mapper.ToDoMapper.countAll    : <==      Total: 1
2025-11-25T16:28:28.876+08:00 DEBUG 25476 --- [todo] [pool-1-thread-3] c.t.demo.todo.mapper.ToDoMapper.query    : <==      Total: 1
2025-11-25T16:28:38.864+08:00 DEBUG 25476 --- [todo] [pool-1-thread-1] c.t.d.todo.mapper.ToDoMapper.countAll    : ==>  Preparing: SELECT COUNT(*) FROM todo WHERE status = ?
2025-11-25T16:28:38.864+08:00 DEBUG 25476 --- [todo] [pool-1-thread-1] c.t.d.todo.mapper.ToDoMapper.countAll    : ==> Parameters: 10(String)
2025-11-25T16:28:38.865+08:00 DEBUG 25476 --- [todo] [pool-1-thread-1] c.t.d.todo.mapper.ToDoMapper.countAll    : <==      Total: 1
2025-11-25T16:28:44.242+08:00 DEBUG 25476 --- [todo] [http-nio-8065-exec-9] c.t.demo.todo.controller.ToDoController  : 查询参数:ToDoQuery(id=null, title=, tag=null, messageLevel=null, message=, tagCode=null, status=10, pageNumber=1, pageSize=2)
2025-11-25T16:28:44.244+08:00 DEBUG 25476 --- [todo] [http-nio-8065-exec-9] c.t.demo.todo.mapper.ToDoMapper.query    : ==>  Preparing: SELECT td.id,td.title,td.status,td.message_level as messageLevel , td.tag,td.description,td.message,td.create_time as createTime, td.expire_time as expireTime,td.complete_time as completeTime, td.update_time as updateTime,ta.code AS tagCode FROM todo AS td INNER JOIN tag AS ta ON td.tag = ta.code WHERE status = ? ORDER BY create_time DESC LIMIT ?,?
2025-11-25T16:28:44.244+08:00 DEBUG 25476 --- [todo] [http-nio-8065-exec-9] c.t.demo.todo.mapper.ToDoMapper.query    : ==> Parameters: 10(String), 0(Integer), 2(Integer)
2025-11-25T16:28:44.247+08:00 DEBUG 25476 --- [todo] [http-nio-8065-exec-9] c.t.demo.todo.mapper.ToDoMapper.query    : <==      Total: 1
2025-11-25T16:28:44.248+08:00 DEBUG 25476 --- [todo] [http-nio-8065-exec-9] c.t.d.todo.mapper.ToDoMapper.countAll    : ==>  Preparing: SELECT COUNT(*) FROM todo WHERE status = ?
2025-11-25T16:28:44.250+08:00 DEBUG 25476 --- [todo] [http-nio-8065-exec-9] c.t.d.todo.mapper.ToDoMapper.countAll    : ==> Parameters: 10(String)
2025-11-25T16:28:44.251+08:00 DEBUG 25476 --- [todo] [http-nio-8065-exec-9] c.t.d.todo.mapper.ToDoMapper.countAll    : <==      Total: 1
2025-11-25T16:28:48.868+08:00 DEBUG 25476 --- [todo] [pool-1-thread-1] c.t.d.todo.mapper.ToDoMapper.countAll    : ==>  Preparing: SELECT COUNT(*) FROM todo WHERE status = ?
2025-11-25T16:28:48.868+08:00 DEBUG 25476 --- [todo] [pool-1-thread-1] c.t.d.todo.mapper.ToDoMapper.countAll    : ==> Parameters: 10(String)
2025-11-25T16:28:48.869+08:00 DEBUG 25476 --- [todo] [pool-1-thread-1] c.t.d.todo.mapper.ToDoMapper.countAll    : <==      Total: 1
2025-11-25T16:28:58.880+08:00 DEBUG 25476 --- [todo] [pool-1-thread-1] c.t.d.todo.mapper.ToDoMapper.countAll    : ==>  Preparing: SELECT COUNT(*) FROM todo WHERE status = ?
2025-11-25T16:28:58.880+08:00 DEBUG 25476 --- [todo] [pool-1-thread-1] c.t.d.todo.mapper.ToDoMapper.countAll    : ==> Parameters: 10(String)
2025-11-25T16:28:58.881+08:00 DEBUG 25476 --- [todo] [pool-1-thread-1] c.t.d.todo.mapper.ToDoMapper.countAll    : <==      Total: 1
2025-11-25T16:29:08.864+08:00 DEBUG 25476 --- [todo] [pool-1-thread-1] c.t.d.todo.mapper.ToDoMapper.countAll    : ==>  Preparing: SELECT COUNT(*) FROM todo WHERE status = ?
2025-11-25T16:29:08.864+08:00 DEBUG 25476 --- [todo] [pool-1-thread-1] c.t.d.todo.mapper.ToDoMapper.countAll    : ==> Parameters: 10(String)
2025-11-25T16:29:08.866+08:00 DEBUG 25476 --- [todo] [pool-1-thread-1] c.t.d.todo.mapper.ToDoMapper.countAll    : <==      Total: 1
2025-11-25T16:29:18.869+08:00 DEBUG 25476 --- [todo] [pool-1-thread-1] c.t.d.todo.mapper.ToDoMapper.countAll    : ==>  Preparing: SELECT COUNT(*) FROM todo WHERE status = ?
2025-11-25T16:29:18.870+08:00 DEBUG 25476 --- [todo] [pool-1-thread-1] c.t.d.todo.mapper.ToDoMapper.countAll    : ==> Parameters: 10(String)
2025-11-25T16:29:18.870+08:00 DEBUG 25476 --- [todo] [pool-1-thread-1] c.t.d.todo.mapper.ToDoMapper.countAll    : <==      Total: 1
2025-11-25T16:29:28.863+08:00 DEBUG 25476 --- [todo] [pool-1-thread-2] c.t.demo.todo.mapper.ToDoMapper.query    : ==>  Preparing: SELECT td.id,td.title,td.status,td.message_level as messageLevel , td.tag,td.description,td.message,td.create_time as createTime, td.expire_time as expireTime,td.complete_time as completeTime, td.update_time as updateTime,ta.code AS tagCode FROM todo AS td INNER JOIN tag AS ta ON td.tag = ta.code WHERE status = ? ORDER BY create_time DESC
2025-11-25T16:29:28.863+08:00 DEBUG 25476 --- [todo] [pool-1-thread-3] c.t.d.todo.mapper.ToDoMapper.countAll    : ==>  Preparing: SELECT COUNT(*) FROM todo WHERE status = ?
2025-11-25T16:29:28.863+08:00 DEBUG 25476 --- [todo] [pool-1-thread-2] c.t.demo.todo.mapper.ToDoMapper.query    : ==> Parameters: 10(String)
2025-11-25T16:29:28.863+08:00 DEBUG 25476 --- [todo] [pool-1-thread-3] c.t.d.todo.mapper.ToDoMapper.countAll    : ==> Parameters: 10(String)
2025-11-25T16:29:28.864+08:00 DEBUG 25476 --- [todo] [pool-1-thread-3] c.t.d.todo.mapper.ToDoMapper.countAll    : <==      Total: 1
2025-11-25T16:29:28.864+08:00 DEBUG 25476 --- [todo] [pool-1-thread-2] c.t.demo.todo.mapper.ToDoMapper.query    : <==      Total: 1
2025-11-25T16:29:38.879+08:00 DEBUG 25476 --- [todo] [pool-1-thread-3] c.t.d.todo.mapper.ToDoMapper.countAll    : ==>  Preparing: SELECT COUNT(*) FROM todo WHERE status = ?
2025-11-25T16:29:38.879+08:00 DEBUG 25476 --- [todo] [pool-1-thread-3] c.t.d.todo.mapper.ToDoMapper.countAll    : ==> Parameters: 10(String)
2025-11-25T16:29:38.880+08:00 DEBUG 25476 --- [todo] [pool-1-thread-3] c.t.d.todo.mapper.ToDoMapper.countAll    : <==      Total: 1
2025-11-25T16:29:48.873+08:00 DEBUG 25476 --- [todo] [pool-1-thread-3] c.t.d.todo.mapper.ToDoMapper.countAll    : ==>  Preparing: SELECT COUNT(*) FROM todo WHERE status = ?
2025-11-25T16:29:48.873+08:00 DEBUG 25476 --- [todo] [pool-1-thread-3] c.t.d.todo.mapper.ToDoMapper.countAll    : ==> Parameters: 10(String)
2025-11-25T16:29:48.875+08:00 DEBUG 25476 --- [todo] [pool-1-thread-3] c.t.d.todo.mapper.ToDoMapper.countAll    : <==      Total: 1
2025-11-25T16:29:58.863+08:00 DEBUG 25476 --- [todo] [pool-1-thread-3] c.t.d.todo.mapper.ToDoMapper.countAll    : ==>  Preparing: SELECT COUNT(*) FROM todo WHERE status = ?
2025-11-25T16:29:58.864+08:00 DEBUG 25476 --- [todo] [pool-1-thread-3] c.t.d.todo.mapper.ToDoMapper.countAll    : ==> Parameters: 10(String)
2025-11-25T16:29:58.865+08:00 DEBUG 25476 --- [todo] [pool-1-thread-3] c.t.d.todo.mapper.ToDoMapper.countAll    : <==      Total: 1
2025-11-25T16:30:08.868+08:00 DEBUG 25476 --- [todo] [pool-1-thread-3] c.t.d.todo.mapper.ToDoMapper.countAll    : ==>  Preparing: SELECT COUNT(*) FROM todo WHERE status = ?
2025-11-25T16:30:08.869+08:00 DEBUG 25476 --- [todo] [pool-1-thread-3] c.t.d.todo.mapper.ToDoMapper.countAll    : ==> Parameters: 10(String)
2025-11-25T16:30:08.871+08:00 DEBUG 25476 --- [todo] [pool-1-thread-3] c.t.d.todo.mapper.ToDoMapper.countAll    : <==      Total: 1
2025-11-25T16:30:18.875+08:00 DEBUG 25476 --- [todo] [pool-1-thread-3] c.t.d.todo.mapper.ToDoMapper.countAll    : ==>  Preparing: SELECT COUNT(*) FROM todo WHERE status = ?
2025-11-25T16:30:18.879+08:00 DEBUG 25476 --- [todo] [pool-1-thread-3] c.t.d.todo.mapper.ToDoMapper.countAll    : ==> Parameters: 10(String)
2025-11-25T16:30:18.884+08:00 DEBUG 25476 --- [todo] [pool-1-thread-3] c.t.d.todo.mapper.ToDoMapper.countAll    : <==      Total: 1
2025-11-25T16:30:28.870+08:00 DEBUG 25476 --- [todo] [pool-1-thread-2] c.t.d.todo.mapper.ToDoMapper.countAll    : ==>  Preparing: SELECT COUNT(*) FROM todo WHERE status = ?
2025-11-25T16:30:28.871+08:00 DEBUG 25476 --- [todo] [pool-1-thread-2] c.t.d.todo.mapper.ToDoMapper.countAll    : ==> Parameters: 10(String)
2025-11-25T16:30:28.873+08:00 DEBUG 25476 --- [todo] [pool-1-thread-1] c.t.demo.todo.mapper.ToDoMapper.query    : ==>  Preparing: SELECT td.id,td.title,td.status,td.message_level as messageLevel , td.tag,td.description,td.message,td.create_time as createTime, td.expire_time as expireTime,td.complete_time as completeTime, td.update_time as updateTime,ta.code AS tagCode FROM todo AS td INNER JOIN tag AS ta ON td.tag = ta.code WHERE status = ? ORDER BY create_time DESC
2025-11-25T16:30:28.873+08:00 DEBUG 25476 --- [todo] [pool-1-thread-1] c.t.demo.todo.mapper.ToDoMapper.query    : ==> Parameters: 10(String)
2025-11-25T16:30:28.873+08:00 DEBUG 25476 --- [todo] [pool-1-thread-2] c.t.d.todo.mapper.ToDoMapper.countAll    : <==      Total: 1
2025-11-25T16:30:28.875+08:00 DEBUG 25476 --- [todo] [pool-1-thread-1] c.t.demo.todo.mapper.ToDoMapper.query    : <==      Total: 1
2025-11-25T16:30:38.864+08:00 DEBUG 25476 --- [todo] [pool-1-thread-2] c.t.d.todo.mapper.ToDoMapper.countAll    : ==>  Preparing: SELECT COUNT(*) FROM todo WHERE status = ?
2025-11-25T16:30:38.865+08:00 DEBUG 25476 --- [todo] [pool-1-thread-2] c.t.d.todo.mapper.ToDoMapper.countAll    : ==> Parameters: 10(String)
2025-11-25T16:30:38.866+08:00 DEBUG 25476 --- [todo] [pool-1-thread-2] c.t.d.todo.mapper.ToDoMapper.countAll    : <==      Total: 1
2025-11-25T16:30:48.869+08:00 DEBUG 25476 --- [todo] [pool-1-thread-1] c.t.d.todo.mapper.ToDoMapper.countAll    : ==>  Preparing: SELECT COUNT(*) FROM todo WHERE status = ?
2025-11-25T16:30:48.869+08:00 DEBUG 25476 --- [todo] [pool-1-thread-1] c.t.d.todo.mapper.ToDoMapper.countAll    : ==> Parameters: 10(String)
2025-11-25T16:30:48.871+08:00 DEBUG 25476 --- [todo] [pool-1-thread-1] c.t.d.todo.mapper.ToDoMapper.countAll    : <==      Total: 1
2025-11-25T16:30:58.866+08:00 DEBUG 25476 --- [todo] [pool-1-thread-1] c.t.d.todo.mapper.ToDoMapper.countAll    : ==>  Preparing: SELECT COUNT(*) FROM todo WHERE status = ?
2025-11-25T16:30:58.866+08:00 DEBUG 25476 --- [todo] [pool-1-thread-1] c.t.d.todo.mapper.ToDoMapper.countAll    : ==> Parameters: 10(String)
2025-11-25T16:30:58.867+08:00 DEBUG 25476 --- [todo] [pool-1-thread-1] c.t.d.todo.mapper.ToDoMapper.countAll    : <==      Total: 1
2025-11-25T16:31:08.866+08:00 DEBUG 25476 --- [todo] [pool-1-thread-1] c.t.d.todo.mapper.ToDoMapper.countAll    : ==>  Preparing: SELECT COUNT(*) FROM todo WHERE status = ?
2025-11-25T16:31:08.867+08:00 DEBUG 25476 --- [todo] [pool-1-thread-1] c.t.d.todo.mapper.ToDoMapper.countAll    : ==> Parameters: 10(String)
2025-11-25T16:31:08.869+08:00 DEBUG 25476 --- [todo] [pool-1-thread-1] c.t.d.todo.mapper.ToDoMapper.countAll    : <==      Total: 1
2025-11-25T16:31:18.871+08:00 DEBUG 25476 --- [todo] [pool-1-thread-1] c.t.d.todo.mapper.ToDoMapper.countAll    : ==>  Preparing: SELECT COUNT(*) FROM todo WHERE status = ?
2025-11-25T16:31:18.872+08:00 DEBUG 25476 --- [todo] [pool-1-thread-1] c.t.d.todo.mapper.ToDoMapper.countAll    : ==> Parameters: 10(String)
2025-11-25T16:31:18.874+08:00 DEBUG 25476 --- [todo] [pool-1-thread-1] c.t.d.todo.mapper.ToDoMapper.countAll    : <==      Total: 1
2025-11-25T16:31:28.865+08:00 DEBUG 25476 --- [todo] [pool-1-thread-2] c.t.d.todo.mapper.ToDoMapper.countAll    : ==>  Preparing: SELECT COUNT(*) FROM todo WHERE status = ?
2025-11-25T16:31:28.865+08:00 DEBUG 25476 --- [todo] [pool-1-thread-3] c.t.demo.todo.mapper.ToDoMapper.query    : ==>  Preparing: SELECT td.id,td.title,td.status,td.message_level as messageLevel , td.tag,td.description,td.message,td.create_time as createTime, td.expire_time as expireTime,td.complete_time as completeTime, td.update_time as updateTime,ta.code AS tagCode FROM todo AS td INNER JOIN tag AS ta ON td.tag = ta.code WHERE status = ? ORDER BY create_time DESC
2025-11-25T16:31:28.865+08:00 DEBUG 25476 --- [todo] [pool-1-thread-2] c.t.d.todo.mapper.ToDoMapper.countAll    : ==> Parameters: 10(String)
2025-11-25T16:31:28.865+08:00 DEBUG 25476 --- [todo] [pool-1-thread-3] c.t.demo.todo.mapper.ToDoMapper.query    : ==> Parameters: 10(String)
2025-11-25T16:31:28.866+08:00 DEBUG 25476 --- [todo] [pool-1-thread-2] c.t.d.todo.mapper.ToDoMapper.countAll    : <==      Total: 1
2025-11-25T16:31:28.866+08:00 DEBUG 25476 --- [todo] [pool-1-thread-3] c.t.demo.todo.mapper.ToDoMapper.query    : <==      Total: 1
2025-11-25T16:31:38.866+08:00 DEBUG 25476 --- [todo] [pool-1-thread-2] c.t.d.todo.mapper.ToDoMapper.countAll    : ==>  Preparing: SELECT COUNT(*) FROM todo WHERE status = ?
2025-11-25T16:31:38.866+08:00 DEBUG 25476 --- [todo] [pool-1-thread-2] c.t.d.todo.mapper.ToDoMapper.countAll    : ==> Parameters: 10(String)
2025-11-25T16:31:38.867+08:00 DEBUG 25476 --- [todo] [pool-1-thread-2] c.t.d.todo.mapper.ToDoMapper.countAll    : <==      Total: 1
2025-11-25T16:31:48.873+08:00 DEBUG 25476 --- [todo] [pool-1-thread-2] c.t.d.todo.mapper.ToDoMapper.countAll    : ==>  Preparing: SELECT COUNT(*) FROM todo WHERE status = ?
2025-11-25T16:31:48.873+08:00 DEBUG 25476 --- [todo] [pool-1-thread-2] c.t.d.todo.mapper.ToDoMapper.countAll    : ==> Parameters: 10(String)
2025-11-25T16:31:48.874+08:00 DEBUG 25476 --- [todo] [pool-1-thread-2] c.t.d.todo.mapper.ToDoMapper.countAll    : <==      Total: 1
2025-11-25T16:31:58.871+08:00 DEBUG 25476 --- [todo] [pool-1-thread-2] c.t.d.todo.mapper.ToDoMapper.countAll    : ==>  Preparing: SELECT COUNT(*) FROM todo WHERE status = ?
2025-11-25T16:31:58.871+08:00 DEBUG 25476 --- [todo] [pool-1-thread-2] c.t.d.todo.mapper.ToDoMapper.countAll    : ==> Parameters: 10(String)
2025-11-25T16:31:58.873+08:00 DEBUG 25476 --- [todo] [pool-1-thread-2] c.t.d.todo.mapper.ToDoMapper.countAll    : <==      Total: 1
2025-11-25T16:32:08.871+08:00 DEBUG 25476 --- [todo] [pool-1-thread-2] c.t.d.todo.mapper.ToDoMapper.countAll    : ==>  Preparing: SELECT COUNT(*) FROM todo WHERE status = ?
2025-11-25T16:32:08.871+08:00 DEBUG 25476 --- [todo] [pool-1-thread-2] c.t.d.todo.mapper.ToDoMapper.countAll    : ==> Parameters: 10(String)
2025-11-25T16:32:08.872+08:00 DEBUG 25476 --- [todo] [pool-1-thread-2] c.t.d.todo.mapper.ToDoMapper.countAll    : <==      Total: 1
2025-11-25T16:32:18.878+08:00 DEBUG 25476 --- [todo] [pool-1-thread-2] c.t.d.todo.mapper.ToDoMapper.countAll    : ==>  Preparing: SELECT COUNT(*) FROM todo WHERE status = ?
2025-11-25T16:32:18.879+08:00 DEBUG 25476 --- [todo] [pool-1-thread-2] c.t.d.todo.mapper.ToDoMapper.countAll    : ==> Parameters: 10(String)
2025-11-25T16:32:18.880+08:00 DEBUG 25476 --- [todo] [pool-1-thread-2] c.t.d.todo.mapper.ToDoMapper.countAll    : <==      Total: 1
2025-11-25T16:32:28.868+08:00 DEBUG 25476 --- [todo] [pool-1-thread-1] c.t.demo.todo.mapper.ToDoMapper.query    : ==>  Preparing: SELECT td.id,td.title,td.status,td.message_level as messageLevel , td.tag,td.description,td.message,td.create_time as createTime, td.expire_time as expireTime,td.complete_time as completeTime, td.update_time as updateTime,ta.code AS tagCode FROM todo AS td INNER JOIN tag AS ta ON td.tag = ta.code WHERE status = ? ORDER BY create_time DESC
2025-11-25T16:32:28.868+08:00 DEBUG 25476 --- [todo] [pool-1-thread-3] c.t.d.todo.mapper.ToDoMapper.countAll    : ==>  Preparing: SELECT COUNT(*) FROM todo WHERE status = ?
2025-11-25T16:32:28.869+08:00 DEBUG 25476 --- [todo] [pool-1-thread-3] c.t.d.todo.mapper.ToDoMapper.countAll    : ==> Parameters: 10(String)
2025-11-25T16:32:28.869+08:00 DEBUG 25476 --- [todo] [pool-1-thread-1] c.t.demo.todo.mapper.ToDoMapper.query    : ==> Parameters: 10(String)
2025-11-25T16:32:28.870+08:00 DEBUG 25476 --- [todo] [pool-1-thread-3] c.t.d.todo.mapper.ToDoMapper.countAll    : <==      Total: 1
2025-11-25T16:32:28.871+08:00 DEBUG 25476 --- [todo] [pool-1-thread-1] c.t.demo.todo.mapper.ToDoMapper.query    : <==      Total: 1
2025-11-25T16:32:38.883+08:00 DEBUG 25476 --- [todo] [pool-1-thread-3] c.t.d.todo.mapper.ToDoMapper.countAll    : ==>  Preparing: SELECT COUNT(*) FROM todo WHERE status = ?
2025-11-25T16:32:38.884+08:00 DEBUG 25476 --- [todo] [pool-1-thread-3] c.t.d.todo.mapper.ToDoMapper.countAll    : ==> Parameters: 10(String)
2025-11-25T16:32:38.885+08:00 DEBUG 25476 --- [todo] [pool-1-thread-3] c.t.d.todo.mapper.ToDoMapper.countAll    : <==      Total: 1
2025-11-25T16:32:48.870+08:00 DEBUG 25476 --- [todo] [pool-1-thread-3] c.t.d.todo.mapper.ToDoMapper.countAll    : ==>  Preparing: SELECT COUNT(*) FROM todo WHERE status = ?
2025-11-25T16:32:48.870+08:00 DEBUG 25476 --- [todo] [pool-1-thread-3] c.t.d.todo.mapper.ToDoMapper.countAll    : ==> Parameters: 10(String)
2025-11-25T16:32:48.871+08:00 DEBUG 25476 --- [todo] [pool-1-thread-3] c.t.d.todo.mapper.ToDoMapper.countAll    : <==      Total: 1
2025-11-25T16:32:58.868+08:00 DEBUG 25476 --- [todo] [pool-1-thread-3] c.t.d.todo.mapper.ToDoMapper.countAll    : ==>  Preparing: SELECT COUNT(*) FROM todo WHERE status = ?
2025-11-25T16:32:58.868+08:00 DEBUG 25476 --- [todo] [pool-1-thread-3] c.t.d.todo.mapper.ToDoMapper.countAll    : ==> Parameters: 10(String)
2025-11-25T16:32:58.869+08:00 DEBUG 25476 --- [todo] [pool-1-thread-3] c.t.d.todo.mapper.ToDoMapper.countAll    : <==      Total: 1
2025-11-25T16:33:08.874+08:00 DEBUG 25476 --- [todo] [pool-1-thread-3] c.t.d.todo.mapper.ToDoMapper.countAll    : ==>  Preparing: SELECT COUNT(*) FROM todo WHERE status = ?
2025-11-25T16:33:08.874+08:00 DEBUG 25476 --- [todo] [pool-1-thread-3] c.t.d.todo.mapper.ToDoMapper.countAll    : ==> Parameters: 10(String)
2025-11-25T16:33:08.874+08:00 DEBUG 25476 --- [todo] [pool-1-thread-3] c.t.d.todo.mapper.ToDoMapper.countAll    : <==      Total: 1
2025-11-25T16:33:18.864+08:00 DEBUG 25476 --- [todo] [pool-1-thread-3] c.t.d.todo.mapper.ToDoMapper.countAll    : ==>  Preparing: SELECT COUNT(*) FROM todo WHERE status = ?
2025-11-25T16:33:18.865+08:00 DEBUG 25476 --- [todo] [pool-1-thread-3] c.t.d.todo.mapper.ToDoMapper.countAll    : ==> Parameters: 10(String)
2025-11-25T16:33:18.865+08:00 DEBUG 25476 --- [todo] [pool-1-thread-3] c.t.d.todo.mapper.ToDoMapper.countAll    : <==      Total: 1
2025-11-25T16:33:28.873+08:00 DEBUG 25476 --- [todo] [pool-1-thread-2] c.t.demo.todo.mapper.ToDoMapper.query    : ==>  Preparing: SELECT td.id,td.title,td.status,td.message_level as messageLevel , td.tag,td.description,td.message,td.create_time as createTime, td.expire_time as expireTime,td.complete_time as completeTime, td.update_time as updateTime,ta.code AS tagCode FROM todo AS td INNER JOIN tag AS ta ON td.tag = ta.code WHERE status = ? ORDER BY create_time DESC
2025-11-25T16:33:28.873+08:00 DEBUG 25476 --- [todo] [pool-1-thread-1] c.t.d.todo.mapper.ToDoMapper.countAll    : ==>  Preparing: SELECT COUNT(*) FROM todo WHERE status = ?
2025-11-25T16:33:28.873+08:00 DEBUG 25476 --- [todo] [pool-1-thread-1] c.t.d.todo.mapper.ToDoMapper.countAll    : ==> Parameters: 10(String)
2025-11-25T16:33:28.874+08:00 DEBUG 25476 --- [todo] [pool-1-thread-2] c.t.demo.todo.mapper.ToDoMapper.query    : ==> Parameters: 10(String)
2025-11-25T16:33:28.875+08:00 DEBUG 25476 --- [todo] [pool-1-thread-1] c.t.d.todo.mapper.ToDoMapper.countAll    : <==      Total: 1
2025-11-25T16:33:28.876+08:00 DEBUG 25476 --- [todo] [pool-1-thread-2] c.t.demo.todo.mapper.ToDoMapper.query    : <==      Total: 1
2025-11-25T16:33:38.867+08:00 DEBUG 25476 --- [todo] [pool-1-thread-1] c.t.d.todo.mapper.ToDoMapper.countAll    : ==>  Preparing: SELECT COUNT(*) FROM todo WHERE status = ?
2025-11-25T16:33:38.867+08:00 DEBUG 25476 --- [todo] [pool-1-thread-1] c.t.d.todo.mapper.ToDoMapper.countAll    : ==> Parameters: 10(String)
2025-11-25T16:33:38.870+08:00 DEBUG 25476 --- [todo] [pool-1-thread-1] c.t.d.todo.mapper.ToDoMapper.countAll    : <==      Total: 1
2025-11-25T16:33:44.250+08:00 DEBUG 25476 --- [todo] [http-nio-8065-exec-7] c.t.demo.todo.controller.ToDoController  : 查询参数:ToDoQuery(id=null, title=, tag=null, messageLevel=null, message=, tagCode=null, status=10, pageNumber=1, pageSize=2)
2025-11-25T16:33:44.251+08:00 DEBUG 25476 --- [todo] [http-nio-8065-exec-7] c.t.demo.todo.mapper.ToDoMapper.query    : ==>  Preparing: SELECT td.id,td.title,td.status,td.message_level as messageLevel , td.tag,td.description,td.message,td.create_time as createTime, td.expire_time as expireTime,td.complete_time as completeTime, td.update_time as updateTime,ta.code AS tagCode FROM todo AS td INNER JOIN tag AS ta ON td.tag = ta.code WHERE status = ? ORDER BY create_time DESC LIMIT ?,?
2025-11-25T16:33:44.251+08:00 DEBUG 25476 --- [todo] [http-nio-8065-exec-7] c.t.demo.todo.mapper.ToDoMapper.query    : ==> Parameters: 10(String), 0(Integer), 2(Integer)
2025-11-25T16:33:44.252+08:00 DEBUG 25476 --- [todo] [http-nio-8065-exec-7] c.t.demo.todo.mapper.ToDoMapper.query    : <==      Total: 1
2025-11-25T16:33:44.253+08:00 DEBUG 25476 --- [todo] [http-nio-8065-exec-7] c.t.d.todo.mapper.ToDoMapper.countAll    : ==>  Preparing: SELECT COUNT(*) FROM todo WHERE status = ?
2025-11-25T16:33:44.253+08:00 DEBUG 25476 --- [todo] [http-nio-8065-exec-7] c.t.d.todo.mapper.ToDoMapper.countAll    : ==> Parameters: 10(String)
2025-11-25T16:33:44.254+08:00 DEBUG 25476 --- [todo] [http-nio-8065-exec-7] c.t.d.todo.mapper.ToDoMapper.countAll    : <==      Total: 1
2025-11-25T16:33:48.872+08:00 DEBUG 25476 --- [todo] [pool-1-thread-1] c.t.d.todo.mapper.ToDoMapper.countAll    : ==>  Preparing: SELECT COUNT(*) FROM todo WHERE status = ?
2025-11-25T16:33:48.873+08:00 DEBUG 25476 --- [todo] [pool-1-thread-1] c.t.d.todo.mapper.ToDoMapper.countAll    : ==> Parameters: 10(String)
2025-11-25T16:33:48.876+08:00 DEBUG 25476 --- [todo] [pool-1-thread-1] c.t.d.todo.mapper.ToDoMapper.countAll    : <==      Total: 1
2025-11-25T16:33:58.869+08:00 DEBUG 25476 --- [todo] [pool-1-thread-1] c.t.d.todo.mapper.ToDoMapper.countAll    : ==>  Preparing: SELECT COUNT(*) FROM todo WHERE status = ?
2025-11-25T16:33:58.870+08:00 DEBUG 25476 --- [todo] [pool-1-thread-1] c.t.d.todo.mapper.ToDoMapper.countAll    : ==> Parameters: 10(String)
2025-11-25T16:33:58.870+08:00 DEBUG 25476 --- [todo] [pool-1-thread-1] c.t.d.todo.mapper.ToDoMapper.countAll    : <==      Total: 1
2025-11-25T16:34:08.865+08:00 DEBUG 25476 --- [todo] [pool-1-thread-1] c.t.d.todo.mapper.ToDoMapper.countAll    : ==>  Preparing: SELECT COUNT(*) FROM todo WHERE status = ?
2025-11-25T16:34:08.865+08:00 DEBUG 25476 --- [todo] [pool-1-thread-1] c.t.d.todo.mapper.ToDoMapper.countAll    : ==> Parameters: 10(String)
2025-11-25T16:34:08.867+08:00 DEBUG 25476 --- [todo] [pool-1-thread-1] c.t.d.todo.mapper.ToDoMapper.countAll    : <==      Total: 1
2025-11-25T16:34:18.879+08:00 DEBUG 25476 --- [todo] [pool-1-thread-1] c.t.d.todo.mapper.ToDoMapper.countAll    : ==>  Preparing: SELECT COUNT(*) FROM todo WHERE status = ?
2025-11-25T16:34:18.880+08:00 DEBUG 25476 --- [todo] [pool-1-thread-1] c.t.d.todo.mapper.ToDoMapper.countAll    : ==> Parameters: 10(String)
2025-11-25T16:34:18.880+08:00 DEBUG 25476 --- [todo] [pool-1-thread-1] c.t.d.todo.mapper.ToDoMapper.countAll    : <==      Total: 1
2025-11-25T16:34:28.868+08:00 DEBUG 25476 --- [todo] [pool-1-thread-2] c.t.d.todo.mapper.ToDoMapper.countAll    : ==>  Preparing: SELECT COUNT(*) FROM todo WHERE status = ?
2025-11-25T16:34:28.869+08:00 DEBUG 25476 --- [todo] [pool-1-thread-2] c.t.d.todo.mapper.ToDoMapper.countAll    : ==> Parameters: 10(String)
2025-11-25T16:34:28.869+08:00 DEBUG 25476 --- [todo] [pool-1-thread-3] c.t.demo.todo.mapper.ToDoMapper.query    : ==>  Preparing: SELECT td.id,td.title,td.status,td.message_level as messageLevel , td.tag,td.description,td.message,td.create_time as createTime, td.expire_time as expireTime,td.complete_time as completeTime, td.update_time as updateTime,ta.code AS tagCode FROM todo AS td INNER JOIN tag AS ta ON td.tag = ta.code WHERE status = ? ORDER BY create_time DESC
2025-11-25T16:34:28.869+08:00 DEBUG 25476 --- [todo] [pool-1-thread-3] c.t.demo.todo.mapper.ToDoMapper.query    : ==> Parameters: 10(String)
2025-11-25T16:34:28.869+08:00 DEBUG 25476 --- [todo] [pool-1-thread-2] c.t.d.todo.mapper.ToDoMapper.countAll    : <==      Total: 1
2025-11-25T16:34:28.870+08:00 DEBUG 25476 --- [todo] [pool-1-thread-3] c.t.demo.todo.mapper.ToDoMapper.query    : <==      Total: 1
2025-11-25T16:34:38.876+08:00 DEBUG 25476 --- [todo] [pool-1-thread-2] c.t.d.todo.mapper.ToDoMapper.countAll    : ==>  Preparing: SELECT COUNT(*) FROM todo WHERE status = ?
2025-11-25T16:34:38.876+08:00 DEBUG 25476 --- [todo] [pool-1-thread-2] c.t.d.todo.mapper.ToDoMapper.countAll    : ==> Parameters: 10(String)
2025-11-25T16:34:38.878+08:00 DEBUG 25476 --- [todo] [pool-1-thread-2] c.t.d.todo.mapper.ToDoMapper.countAll    : <==      Total: 1
2025-11-25T16:34:48.870+08:00 DEBUG 25476 --- [todo] [pool-1-thread-2] c.t.d.todo.mapper.ToDoMapper.countAll    : ==>  Preparing: SELECT COUNT(*) FROM todo WHERE status = ?
2025-11-25T16:34:48.871+08:00 DEBUG 25476 --- [todo] [pool-1-thread-2] c.t.d.todo.mapper.ToDoMapper.countAll    : ==> Parameters: 10(String)
2025-11-25T16:34:48.871+08:00 DEBUG 25476 --- [todo] [pool-1-thread-2] c.t.d.todo.mapper.ToDoMapper.countAll    : <==      Total: 1
2025-11-25T16:34:58.874+08:00 DEBUG 25476 --- [todo] [pool-1-thread-2] c.t.d.todo.mapper.ToDoMapper.countAll    : ==>  Preparing: SELECT COUNT(*) FROM todo WHERE status = ?
2025-11-25T16:34:58.876+08:00 DEBUG 25476 --- [todo] [pool-1-thread-2] c.t.d.todo.mapper.ToDoMapper.countAll    : ==> Parameters: 10(String)
2025-11-25T16:34:58.877+08:00 DEBUG 25476 --- [todo] [pool-1-thread-2] c.t.d.todo.mapper.ToDoMapper.countAll    : <==      Total: 1
2025-11-25T16:35:08.873+08:00 DEBUG 25476 --- [todo] [pool-1-thread-2] c.t.d.todo.mapper.ToDoMapper.countAll    : ==>  Preparing: SELECT COUNT(*) FROM todo WHERE status = ?
2025-11-25T16:35:08.875+08:00 DEBUG 25476 --- [todo] [pool-1-thread-2] c.t.d.todo.mapper.ToDoMapper.countAll    : ==> Parameters: 10(String)
2025-11-25T16:35:08.875+08:00 DEBUG 25476 --- [todo] [pool-1-thread-2] c.t.d.todo.mapper.ToDoMapper.countAll    : <==      Total: 1
2025-11-25T16:35:18.876+08:00 DEBUG 25476 --- [todo] [pool-1-thread-2] c.t.d.todo.mapper.ToDoMapper.countAll    : ==>  Preparing: SELECT COUNT(*) FROM todo WHERE status = ?
2025-11-25T16:35:18.876+08:00 DEBUG 25476 --- [todo] [pool-1-thread-2] c.t.d.todo.mapper.ToDoMapper.countAll    : ==> Parameters: 10(String)
2025-11-25T16:35:18.877+08:00 DEBUG 25476 --- [todo] [pool-1-thread-2] c.t.d.todo.mapper.ToDoMapper.countAll    : <==      Total: 1
2025-11-25T16:35:28.874+08:00 DEBUG 25476 --- [todo] [pool-1-thread-1] c.t.demo.todo.mapper.ToDoMapper.query    : ==>  Preparing: SELECT td.id,td.title,td.status,td.message_level as messageLevel , td.tag,td.description,td.message,td.create_time as createTime, td.expire_time as expireTime,td.complete_time as completeTime, td.update_time as updateTime,ta.code AS tagCode FROM todo AS td INNER JOIN tag AS ta ON td.tag = ta.code WHERE status = ? ORDER BY create_time DESC
2025-11-25T16:35:28.874+08:00 DEBUG 25476 --- [todo] [pool-1-thread-3] c.t.d.todo.mapper.ToDoMapper.countAll    : ==>  Preparing: SELECT COUNT(*) FROM todo WHERE status = ?
2025-11-25T16:35:28.875+08:00 DEBUG 25476 --- [todo] [pool-1-thread-1] c.t.demo.todo.mapper.ToDoMapper.query    : ==> Parameters: 10(String)
2025-11-25T16:35:28.875+08:00 DEBUG 25476 --- [todo] [pool-1-thread-3] c.t.d.todo.mapper.ToDoMapper.countAll    : ==> Parameters: 10(String)
2025-11-25T16:35:28.875+08:00 DEBUG 25476 --- [todo] [pool-1-thread-3] c.t.d.todo.mapper.ToDoMapper.countAll    : <==      Total: 1
2025-11-25T16:35:28.875+08:00 DEBUG 25476 --- [todo] [pool-1-thread-1] c.t.demo.todo.mapper.ToDoMapper.query    : <==      Total: 1
2025-11-25T16:35:38.872+08:00 DEBUG 25476 --- [todo] [pool-1-thread-3] c.t.d.todo.mapper.ToDoMapper.countAll    : ==>  Preparing: SELECT COUNT(*) FROM todo WHERE status = ?
2025-11-25T16:35:38.872+08:00 DEBUG 25476 --- [todo] [pool-1-thread-3] c.t.d.todo.mapper.ToDoMapper.countAll    : ==> Parameters: 10(String)
2025-11-25T16:35:38.874+08:00 DEBUG 25476 --- [todo] [pool-1-thread-3] c.t.d.todo.mapper.ToDoMapper.countAll    : <==      Total: 1
2025-11-25T16:35:48.871+08:00 DEBUG 25476 --- [todo] [pool-1-thread-3] c.t.d.todo.mapper.ToDoMapper.countAll    : ==>  Preparing: SELECT COUNT(*) FROM todo WHERE status = ?
2025-11-25T16:35:48.871+08:00 DEBUG 25476 --- [todo] [pool-1-thread-3] c.t.d.todo.mapper.ToDoMapper.countAll    : ==> Parameters: 10(String)
2025-11-25T16:35:48.872+08:00 DEBUG 25476 --- [todo] [pool-1-thread-3] c.t.d.todo.mapper.ToDoMapper.countAll    : <==      Total: 1
2025-11-25T16:35:58.875+08:00 DEBUG 25476 --- [todo] [pool-1-thread-3] c.t.d.todo.mapper.ToDoMapper.countAll    : ==>  Preparing: SELECT COUNT(*) FROM todo WHERE status = ?
2025-11-25T16:35:58.876+08:00 DEBUG 25476 --- [todo] [pool-1-thread-3] c.t.d.todo.mapper.ToDoMapper.countAll    : ==> Parameters: 10(String)
2025-11-25T16:35:58.878+08:00 DEBUG 25476 --- [todo] [pool-1-thread-3] c.t.d.todo.mapper.ToDoMapper.countAll    : <==      Total: 1
2025-11-25T16:36:08.865+08:00 DEBUG 25476 --- [todo] [pool-1-thread-3] c.t.d.todo.mapper.ToDoMapper.countAll    : ==>  Preparing: SELECT COUNT(*) FROM todo WHERE status = ?
2025-11-25T16:36:08.865+08:00 DEBUG 25476 --- [todo] [pool-1-thread-3] c.t.d.todo.mapper.ToDoMapper.countAll    : ==> Parameters: 10(String)
2025-11-25T16:36:08.866+08:00 DEBUG 25476 --- [todo] [pool-1-thread-3] c.t.d.todo.mapper.ToDoMapper.countAll    : <==      Total: 1
2025-11-25T16:36:18.874+08:00 DEBUG 25476 --- [todo] [pool-1-thread-3] c.t.d.todo.mapper.ToDoMapper.countAll    : ==>  Preparing: SELECT COUNT(*) FROM todo WHERE status = ?
2025-11-25T16:36:18.874+08:00 DEBUG 25476 --- [todo] [pool-1-thread-3] c.t.d.todo.mapper.ToDoMapper.countAll    : ==> Parameters: 10(String)
2025-11-25T16:36:18.875+08:00 DEBUG 25476 --- [todo] [pool-1-thread-3] c.t.d.todo.mapper.ToDoMapper.countAll    : <==      Total: 1
2025-11-25T16:36:28.878+08:00 DEBUG 25476 --- [todo] [pool-1-thread-1] c.t.d.todo.mapper.ToDoMapper.countAll    : ==>  Preparing: SELECT COUNT(*) FROM todo WHERE status = ?
2025-11-25T16:36:28.878+08:00 DEBUG 25476 --- [todo] [pool-1-thread-1] c.t.d.todo.mapper.ToDoMapper.countAll    : ==> Parameters: 10(String)
2025-11-25T16:36:28.878+08:00 DEBUG 25476 --- [todo] [pool-1-thread-2] c.t.demo.todo.mapper.ToDoMapper.query    : ==>  Preparing: SELECT td.id,td.title,td.status,td.message_level as messageLevel , td.tag,td.description,td.message,td.create_time as createTime, td.expire_time as expireTime,td.complete_time as completeTime, td.update_time as updateTime,ta.code AS tagCode FROM todo AS td INNER JOIN tag AS ta ON td.tag = ta.code WHERE status = ? ORDER BY create_time DESC
2025-11-25T16:36:28.879+08:00 DEBUG 25476 --- [todo] [pool-1-thread-2] c.t.demo.todo.mapper.ToDoMapper.query    : ==> Parameters: 10(String)
2025-11-25T16:36:28.879+08:00 DEBUG 25476 --- [todo] [pool-1-thread-1] c.t.d.todo.mapper.ToDoMapper.countAll    : <==      Total: 1
2025-11-25T16:36:28.880+08:00 DEBUG 25476 --- [todo] [pool-1-thread-2] c.t.demo.todo.mapper.ToDoMapper.query    : <==      Total: 1
2025-11-25T16:36:38.870+08:00 DEBUG 25476 --- [todo] [pool-1-thread-1] c.t.d.todo.mapper.ToDoMapper.countAll    : ==>  Preparing: SELECT COUNT(*) FROM todo WHERE status = ?
2025-11-25T16:36:38.870+08:00 DEBUG 25476 --- [todo] [pool-1-thread-1] c.t.d.todo.mapper.ToDoMapper.countAll    : ==> Parameters: 10(String)
2025-11-25T16:36:38.871+08:00 DEBUG 25476 --- [todo] [pool-1-thread-1] c.t.d.todo.mapper.ToDoMapper.countAll    : <==      Total: 1
2025-11-25T16:36:48.866+08:00 DEBUG 25476 --- [todo] [pool-1-thread-1] c.t.d.todo.mapper.ToDoMapper.countAll    : ==>  Preparing: SELECT COUNT(*) FROM todo WHERE status = ?
2025-11-25T16:36:48.867+08:00 DEBUG 25476 --- [todo] [pool-1-thread-1] c.t.d.todo.mapper.ToDoMapper.countAll    : ==> Parameters: 10(String)
2025-11-25T16:36:48.868+08:00 DEBUG 25476 --- [todo] [pool-1-thread-1] c.t.d.todo.mapper.ToDoMapper.countAll    : <==      Total: 1
2025-11-25T16:36:58.869+08:00 DEBUG 25476 --- [todo] [pool-1-thread-1] c.t.d.todo.mapper.ToDoMapper.countAll    : ==>  Preparing: SELECT COUNT(*) FROM todo WHERE status = ?
2025-11-25T16:36:58.869+08:00 DEBUG 25476 --- [todo] [pool-1-thread-1] c.t.d.todo.mapper.ToDoMapper.countAll    : ==> Parameters: 10(String)
2025-11-25T16:36:58.871+08:00 DEBUG 25476 --- [todo] [pool-1-thread-1] c.t.d.todo.mapper.ToDoMapper.countAll    : <==      Total: 1
2025-11-25T16:37:08.863+08:00 DEBUG 25476 --- [todo] [pool-1-thread-1] c.t.d.todo.mapper.ToDoMapper.countAll    : ==>  Preparing: SELECT COUNT(*) FROM todo WHERE status = ?
2025-11-25T16:37:08.864+08:00 DEBUG 25476 --- [todo] [pool-1-thread-1] c.t.d.todo.mapper.ToDoMapper.countAll    : ==> Parameters: 10(String)
2025-11-25T16:37:08.865+08:00 DEBUG 25476 --- [todo] [pool-1-thread-1] c.t.d.todo.mapper.ToDoMapper.countAll    : <==      Total: 1
2025-11-25T16:37:18.875+08:00 DEBUG 25476 --- [todo] [pool-1-thread-1] c.t.d.todo.mapper.ToDoMapper.countAll    : ==>  Preparing: SELECT COUNT(*) FROM todo WHERE status = ?
2025-11-25T16:37:18.875+08:00 DEBUG 25476 --- [todo] [pool-1-thread-1] c.t.d.todo.mapper.ToDoMapper.countAll    : ==> Parameters: 10(String)
2025-11-25T16:37:18.876+08:00 DEBUG 25476 --- [todo] [pool-1-thread-1] c.t.d.todo.mapper.ToDoMapper.countAll    : <==      Total: 1
2025-11-25T16:37:28.873+08:00 DEBUG 25476 --- [todo] [pool-1-thread-2] c.t.d.todo.mapper.ToDoMapper.countAll    : ==>  Preparing: SELECT COUNT(*) FROM todo WHERE status = ?
2025-11-25T16:37:28.874+08:00 DEBUG 25476 --- [todo] [pool-1-thread-2] c.t.d.todo.mapper.ToDoMapper.countAll    : ==> Parameters: 10(String)
2025-11-25T16:37:28.875+08:00 DEBUG 25476 --- [todo] [pool-1-thread-2] c.t.d.todo.mapper.ToDoMapper.countAll    : <==      Total: 1
2025-11-25T16:37:28.876+08:00 DEBUG 25476 --- [todo] [pool-1-thread-3] c.t.demo.todo.mapper.ToDoMapper.query    : ==>  Preparing: SELECT td.id,td.title,td.status,td.message_level as messageLevel , td.tag,td.description,td.message,td.create_time as createTime, td.expire_time as expireTime,td.complete_time as completeTime, td.update_time as updateTime,ta.code AS tagCode FROM todo AS td INNER JOIN tag AS ta ON td.tag = ta.code WHERE status = ? ORDER BY create_time DESC
2025-11-25T16:37:28.877+08:00 DEBUG 25476 --- [todo] [pool-1-thread-3] c.t.demo.todo.mapper.ToDoMapper.query    : ==> Parameters: 10(String)
2025-11-25T16:37:28.879+08:00 DEBUG 25476 --- [todo] [pool-1-thread-3] c.t.demo.todo.mapper.ToDoMapper.query    : <==      Total: 1
2025-11-25T16:37:38.865+08:00 DEBUG 25476 --- [todo] [pool-1-thread-2] c.t.d.todo.mapper.ToDoMapper.countAll    : ==>  Preparing: SELECT COUNT(*) FROM todo WHERE status = ?
2025-11-25T16:37:38.865+08:00 DEBUG 25476 --- [todo] [pool-1-thread-2] c.t.d.todo.mapper.ToDoMapper.countAll    : ==> Parameters: 10(String)
2025-11-25T16:37:38.866+08:00 DEBUG 25476 --- [todo] [pool-1-thread-2] c.t.d.todo.mapper.ToDoMapper.countAll    : <==      Total: 1
2025-11-25T16:37:48.870+08:00 DEBUG 25476 --- [todo] [pool-1-thread-2] c.t.d.todo.mapper.ToDoMapper.countAll    : ==>  Preparing: SELECT COUNT(*) FROM todo WHERE status = ?
2025-11-25T16:37:48.871+08:00 DEBUG 25476 --- [todo] [pool-1-thread-2] c.t.d.todo.mapper.ToDoMapper.countAll    : ==> Parameters: 10(String)
2025-11-25T16:37:48.873+08:00 DEBUG 25476 --- [todo] [pool-1-thread-2] c.t.d.todo.mapper.ToDoMapper.countAll    : <==      Total: 1
2025-11-25T16:37:58.867+08:00 DEBUG 25476 --- [todo] [pool-1-thread-2] c.t.d.todo.mapper.ToDoMapper.countAll    : ==>  Preparing: SELECT COUNT(*) FROM todo WHERE status = ?
2025-11-25T16:37:58.868+08:00 DEBUG 25476 --- [todo] [pool-1-thread-2] c.t.d.todo.mapper.ToDoMapper.countAll    : ==> Parameters: 10(String)
2025-11-25T16:37:58.869+08:00 DEBUG 25476 --- [todo] [pool-1-thread-2] c.t.d.todo.mapper.ToDoMapper.countAll    : <==      Total: 1
2025-11-25T16:38:08.872+08:00 DEBUG 25476 --- [todo] [pool-1-thread-2] c.t.d.todo.mapper.ToDoMapper.countAll    : ==>  Preparing: SELECT COUNT(*) FROM todo WHERE status = ?
2025-11-25T16:38:08.873+08:00 DEBUG 25476 --- [todo] [pool-1-thread-2] c.t.d.todo.mapper.ToDoMapper.countAll    : ==> Parameters: 10(String)
2025-11-25T16:38:08.874+08:00 DEBUG 25476 --- [todo] [pool-1-thread-2] c.t.d.todo.mapper.ToDoMapper.countAll    : <==      Total: 1
2025-11-25T16:38:18.876+08:00 DEBUG 25476 --- [todo] [pool-1-thread-2] c.t.d.todo.mapper.ToDoMapper.countAll    : ==>  Preparing: SELECT COUNT(*) FROM todo WHERE status = ?
2025-11-25T16:38:18.876+08:00 DEBUG 25476 --- [todo] [pool-1-thread-2] c.t.d.todo.mapper.ToDoMapper.countAll    : ==> Parameters: 10(String)
2025-11-25T16:38:18.876+08:00 DEBUG 25476 --- [todo] [pool-1-thread-2] c.t.d.todo.mapper.ToDoMapper.countAll    : <==      Total: 1
2025-11-25T16:38:28.866+08:00 DEBUG 25476 --- [todo] [pool-1-thread-3] c.t.d.todo.mapper.ToDoMapper.countAll    : ==>  Preparing: SELECT COUNT(*) FROM todo WHERE status = ?
2025-11-25T16:38:28.866+08:00 DEBUG 25476 --- [todo] [pool-1-thread-1] c.t.demo.todo.mapper.ToDoMapper.query    : ==>  Preparing: SELECT td.id,td.title,td.status,td.message_level as messageLevel , td.tag,td.description,td.message,td.create_time as createTime, td.expire_time as expireTime,td.complete_time as completeTime, td.update_time as updateTime,ta.code AS tagCode FROM todo AS td INNER JOIN tag AS ta ON td.tag = ta.code WHERE status = ? ORDER BY create_time DESC
2025-11-25T16:38:28.867+08:00 DEBUG 25476 --- [todo] [pool-1-thread-3] c.t.d.todo.mapper.ToDoMapper.countAll    : ==> Parameters: 10(String)
2025-11-25T16:38:28.867+08:00 DEBUG 25476 --- [todo] [pool-1-thread-1] c.t.demo.todo.mapper.ToDoMapper.query    : ==> Parameters: 10(String)
2025-11-25T16:38:28.867+08:00 DEBUG 25476 --- [todo] [pool-1-thread-3] c.t.d.todo.mapper.ToDoMapper.countAll    : <==      Total: 1
2025-11-25T16:38:28.868+08:00 DEBUG 25476 --- [todo] [pool-1-thread-1] c.t.demo.todo.mapper.ToDoMapper.query    : <==      Total: 1
2025-11-25T16:38:38.869+08:00 DEBUG 25476 --- [todo] [pool-1-thread-3] c.t.d.todo.mapper.ToDoMapper.countAll    : ==>  Preparing: SELECT COUNT(*) FROM todo WHERE status = ?
2025-11-25T16:38:38.871+08:00 DEBUG 25476 --- [todo] [pool-1-thread-3] c.t.d.todo.mapper.ToDoMapper.countAll    : ==> Parameters: 10(String)
2025-11-25T16:38:38.872+08:00 DEBUG 25476 --- [todo] [pool-1-thread-3] c.t.d.todo.mapper.ToDoMapper.countAll    : <==      Total: 1
2025-11-25T16:38:48.875+08:00 DEBUG 25476 --- [todo] [pool-1-thread-3] c.t.d.todo.mapper.ToDoMapper.countAll    : ==>  Preparing: SELECT COUNT(*) FROM todo WHERE status = ?
2025-11-25T16:38:48.876+08:00 DEBUG 25476 --- [todo] [pool-1-thread-3] c.t.d.todo.mapper.ToDoMapper.countAll    : ==> Parameters: 10(String)
2025-11-25T16:38:48.879+08:00 DEBUG 25476 --- [todo] [pool-1-thread-3] c.t.d.todo.mapper.ToDoMapper.countAll    : <==      Total: 1
2025-11-25T16:38:58.868+08:00 DEBUG 25476 --- [todo] [pool-1-thread-3] c.t.d.todo.mapper.ToDoMapper.countAll    : ==>  Preparing: SELECT COUNT(*) FROM todo WHERE status = ?
2025-11-25T16:38:58.868+08:00 DEBUG 25476 --- [todo] [pool-1-thread-3] c.t.d.todo.mapper.ToDoMapper.countAll    : ==> Parameters: 10(String)
2025-11-25T16:38:58.869+08:00 DEBUG 25476 --- [todo] [pool-1-thread-3] c.t.d.todo.mapper.ToDoMapper.countAll    : <==      Total: 1
2025-11-25T16:39:08.865+08:00 DEBUG 25476 --- [todo] [pool-1-thread-3] c.t.d.todo.mapper.ToDoMapper.countAll    : ==>  Preparing: SELECT COUNT(*) FROM todo WHERE status = ?
2025-11-25T16:39:08.866+08:00 DEBUG 25476 --- [todo] [pool-1-thread-3] c.t.d.todo.mapper.ToDoMapper.countAll    : ==> Parameters: 10(String)
2025-11-25T16:39:08.866+08:00 DEBUG 25476 --- [todo] [pool-1-thread-3] c.t.d.todo.mapper.ToDoMapper.countAll    : <==      Total: 1
2025-11-25T16:39:18.868+08:00 DEBUG 25476 --- [todo] [pool-1-thread-3] c.t.d.todo.mapper.ToDoMapper.countAll    : ==>  Preparing: SELECT COUNT(*) FROM todo WHERE status = ?
2025-11-25T16:39:18.868+08:00 DEBUG 25476 --- [todo] [pool-1-thread-3] c.t.d.todo.mapper.ToDoMapper.countAll    : ==> Parameters: 10(String)
2025-11-25T16:39:18.870+08:00 DEBUG 25476 --- [todo] [pool-1-thread-3] c.t.d.todo.mapper.ToDoMapper.countAll    : <==      Total: 1
2025-11-25T16:39:28.874+08:00 DEBUG 25476 --- [todo] [pool-1-thread-1] c.t.d.todo.mapper.ToDoMapper.countAll    : ==>  Preparing: SELECT COUNT(*) FROM todo WHERE status = ?
2025-11-25T16:39:28.874+08:00 DEBUG 25476 --- [todo] [pool-1-thread-2] c.t.demo.todo.mapper.ToDoMapper.query    : ==>  Preparing: SELECT td.id,td.title,td.status,td.message_level as messageLevel , td.tag,td.description,td.message,td.create_time as createTime, td.expire_time as expireTime,td.complete_time as completeTime, td.update_time as updateTime,ta.code AS tagCode FROM todo AS td INNER JOIN tag AS ta ON td.tag = ta.code WHERE status = ? ORDER BY create_time DESC
2025-11-25T16:39:28.874+08:00 DEBUG 25476 --- [todo] [pool-1-thread-1] c.t.d.todo.mapper.ToDoMapper.countAll    : ==> Parameters: 10(String)
2025-11-25T16:39:28.874+08:00 DEBUG 25476 --- [todo] [pool-1-thread-2] c.t.demo.todo.mapper.ToDoMapper.query    : ==> Parameters: 10(String)
2025-11-25T16:39:28.875+08:00 DEBUG 25476 --- [todo] [pool-1-thread-1] c.t.d.todo.mapper.ToDoMapper.countAll    : <==      Total: 1
2025-11-25T16:39:28.875+08:00 DEBUG 25476 --- [todo] [pool-1-thread-2] c.t.demo.todo.mapper.ToDoMapper.query    : <==      Total: 1
2025-11-25T16:39:38.870+08:00 DEBUG 25476 --- [todo] [pool-1-thread-1] c.t.d.todo.mapper.ToDoMapper.countAll    : ==>  Preparing: SELECT COUNT(*) FROM todo WHERE status = ?
2025-11-25T16:39:38.870+08:00 DEBUG 25476 --- [todo] [pool-1-thread-1] c.t.d.todo.mapper.ToDoMapper.countAll    : ==> Parameters: 10(String)
2025-11-25T16:39:38.871+08:00 DEBUG 25476 --- [todo] [pool-1-thread-1] c.t.d.todo.mapper.ToDoMapper.countAll    : <==      Total: 1
2025-11-25T16:39:48.878+08:00 DEBUG 25476 --- [todo] [pool-1-thread-1] c.t.d.todo.mapper.ToDoMapper.countAll    : ==>  Preparing: SELECT COUNT(*) FROM todo WHERE status = ?
2025-11-25T16:39:48.878+08:00 DEBUG 25476 --- [todo] [pool-1-thread-1] c.t.d.todo.mapper.ToDoMapper.countAll    : ==> Parameters: 10(String)
2025-11-25T16:39:48.879+08:00 DEBUG 25476 --- [todo] [pool-1-thread-1] c.t.d.todo.mapper.ToDoMapper.countAll    : <==      Total: 1
2025-11-25T16:39:58.875+08:00 DEBUG 25476 --- [todo] [pool-1-thread-1] c.t.d.todo.mapper.ToDoMapper.countAll    : ==>  Preparing: SELECT COUNT(*) FROM todo WHERE status = ?
2025-11-25T16:39:58.875+08:00 DEBUG 25476 --- [todo] [pool-1-thread-1] c.t.d.todo.mapper.ToDoMapper.countAll    : ==> Parameters: 10(String)
2025-11-25T16:39:58.876+08:00 DEBUG 25476 --- [todo] [pool-1-thread-1] c.t.d.todo.mapper.ToDoMapper.countAll    : <==      Total: 1
2025-11-25T16:40:08.878+08:00 DEBUG 25476 --- [todo] [pool-1-thread-1] c.t.d.todo.mapper.ToDoMapper.countAll    : ==>  Preparing: SELECT COUNT(*) FROM todo WHERE status = ?
2025-11-25T16:40:08.879+08:00 DEBUG 25476 --- [todo] [pool-1-thread-1] c.t.d.todo.mapper.ToDoMapper.countAll    : ==> Parameters: 10(String)
2025-11-25T16:40:08.880+08:00 DEBUG 25476 --- [todo] [pool-1-thread-1] c.t.d.todo.mapper.ToDoMapper.countAll    : <==      Total: 1
2025-11-25T16:40:18.875+08:00 DEBUG 25476 --- [todo] [pool-1-thread-1] c.t.d.todo.mapper.ToDoMapper.countAll    : ==>  Preparing: SELECT COUNT(*) FROM todo WHERE status = ?
2025-11-25T16:40:18.875+08:00 DEBUG 25476 --- [todo] [pool-1-thread-1] c.t.d.todo.mapper.ToDoMapper.countAll    : ==> Parameters: 10(String)
2025-11-25T16:40:18.876+08:00 DEBUG 25476 --- [todo] [pool-1-thread-1] c.t.d.todo.mapper.ToDoMapper.countAll    : <==      Total: 1
2025-11-25T16:40:28.865+08:00 DEBUG 25476 --- [todo] [pool-1-thread-2] c.t.d.todo.mapper.ToDoMapper.countAll    : ==>  Preparing: SELECT COUNT(*) FROM todo WHERE status = ?
2025-11-25T16:40:28.865+08:00 DEBUG 25476 --- [todo] [pool-1-thread-2] c.t.d.todo.mapper.ToDoMapper.countAll    : ==> Parameters: 10(String)
2025-11-25T16:40:28.866+08:00 DEBUG 25476 --- [todo] [pool-1-thread-3] c.t.demo.todo.mapper.ToDoMapper.query    : ==>  Preparing: SELECT td.id,td.title,td.status,td.message_level as messageLevel , td.tag,td.description,td.message,td.create_time as createTime, td.expire_time as expireTime,td.complete_time as completeTime, td.update_time as updateTime,ta.code AS tagCode FROM todo AS td INNER JOIN tag AS ta ON td.tag = ta.code WHERE status = ? ORDER BY create_time DESC
2025-11-25T16:40:28.866+08:00 DEBUG 25476 --- [todo] [pool-1-thread-3] c.t.demo.todo.mapper.ToDoMapper.query    : ==> Parameters: 10(String)
2025-11-25T16:40:28.866+08:00 DEBUG 25476 --- [todo] [pool-1-thread-2] c.t.d.todo.mapper.ToDoMapper.countAll    : <==      Total: 1
2025-11-25T16:40:28.866+08:00 DEBUG 25476 --- [todo] [pool-1-thread-3] c.t.demo.todo.mapper.ToDoMapper.query    : <==      Total: 1
2025-11-25T16:40:38.873+08:00 DEBUG 25476 --- [todo] [pool-1-thread-2] c.t.d.todo.mapper.ToDoMapper.countAll    : ==>  Preparing: SELECT COUNT(*) FROM todo WHERE status = ?
2025-11-25T16:40:38.873+08:00 DEBUG 25476 --- [todo] [pool-1-thread-2] c.t.d.todo.mapper.ToDoMapper.countAll    : ==> Parameters: 10(String)
2025-11-25T16:40:38.873+08:00 DEBUG 25476 --- [todo] [pool-1-thread-2] c.t.d.todo.mapper.ToDoMapper.countAll    : <==      Total: 1
2025-11-25T16:40:48.866+08:00 DEBUG 25476 --- [todo] [pool-1-thread-2] c.t.d.todo.mapper.ToDoMapper.countAll    : ==>  Preparing: SELECT COUNT(*) FROM todo WHERE status = ?
2025-11-25T16:40:48.867+08:00 DEBUG 25476 --- [todo] [pool-1-thread-2] c.t.d.todo.mapper.ToDoMapper.countAll    : ==> Parameters: 10(String)
2025-11-25T16:40:48.867+08:00 DEBUG 25476 --- [todo] [pool-1-thread-2] c.t.d.todo.mapper.ToDoMapper.countAll    : <==      Total: 1
2025-11-25T16:40:58.888+08:00 DEBUG 25476 --- [todo] [pool-1-thread-2] c.t.d.todo.mapper.ToDoMapper.countAll    : ==>  Preparing: SELECT COUNT(*) FROM todo WHERE status = ?
2025-11-25T16:40:58.899+08:00 DEBUG 25476 --- [todo] [pool-1-thread-2] c.t.d.todo.mapper.ToDoMapper.countAll    : ==> Parameters: 10(String)
2025-11-25T16:40:58.907+08:00 DEBUG 25476 --- [todo] [pool-1-thread-2] c.t.d.todo.mapper.ToDoMapper.countAll    : <==      Total: 1
2025-11-25T16:41:08.878+08:00 DEBUG 25476 --- [todo] [pool-1-thread-2] c.t.d.todo.mapper.ToDoMapper.countAll    : ==>  Preparing: SELECT COUNT(*) FROM todo WHERE status = ?
2025-11-25T16:41:08.878+08:00 DEBUG 25476 --- [todo] [pool-1-thread-2] c.t.d.todo.mapper.ToDoMapper.countAll    : ==> Parameters: 10(String)
2025-11-25T16:41:08.879+08:00 DEBUG 25476 --- [todo] [pool-1-thread-2] c.t.d.todo.mapper.ToDoMapper.countAll    : <==      Total: 1
2025-11-25T16:41:18.870+08:00 DEBUG 25476 --- [todo] [pool-1-thread-2] c.t.d.todo.mapper.ToDoMapper.countAll    : ==>  Preparing: SELECT COUNT(*) FROM todo WHERE status = ?
2025-11-25T16:41:18.872+08:00 DEBUG 25476 --- [todo] [pool-1-thread-2] c.t.d.todo.mapper.ToDoMapper.countAll    : ==> Parameters: 10(String)
2025-11-25T16:41:18.873+08:00 DEBUG 25476 --- [todo] [pool-1-thread-2] c.t.d.todo.mapper.ToDoMapper.countAll    : <==      Total: 1
2025-11-25T16:41:28.868+08:00 DEBUG 25476 --- [todo] [pool-1-thread-3] c.t.d.todo.mapper.ToDoMapper.countAll    : ==>  Preparing: SELECT COUNT(*) FROM todo WHERE status = ?
2025-11-25T16:41:28.869+08:00 DEBUG 25476 --- [todo] [pool-1-thread-3] c.t.d.todo.mapper.ToDoMapper.countAll    : ==> Parameters: 10(String)
2025-11-25T16:41:28.870+08:00 DEBUG 25476 --- [todo] [pool-1-thread-1] c.t.demo.todo.mapper.ToDoMapper.query    : ==>  Preparing: SELECT td.id,td.title,td.status,td.message_level as messageLevel , td.tag,td.description,td.message,td.create_time as createTime, td.expire_time as expireTime,td.complete_time as completeTime, td.update_time as updateTime,ta.code AS tagCode FROM todo AS td INNER JOIN tag AS ta ON td.tag = ta.code WHERE status = ? ORDER BY create_time DESC
2025-11-25T16:41:28.870+08:00 DEBUG 25476 --- [todo] [pool-1-thread-1] c.t.demo.todo.mapper.ToDoMapper.query    : ==> Parameters: 10(String)
2025-11-25T16:41:28.870+08:00 DEBUG 25476 --- [todo] [pool-1-thread-3] c.t.d.todo.mapper.ToDoMapper.countAll    : <==      Total: 1
2025-11-25T16:41:28.875+08:00 DEBUG 25476 --- [todo] [pool-1-thread-1] c.t.demo.todo.mapper.ToDoMapper.query    : <==      Total: 1
2025-11-25T16:41:38.874+08:00 DEBUG 25476 --- [todo] [pool-1-thread-3] c.t.d.todo.mapper.ToDoMapper.countAll    : ==>  Preparing: SELECT COUNT(*) FROM todo WHERE status = ?
2025-11-25T16:41:38.875+08:00 DEBUG 25476 --- [todo] [pool-1-thread-3] c.t.d.todo.mapper.ToDoMapper.countAll    : ==> Parameters: 10(String)
2025-11-25T16:41:38.877+08:00 DEBUG 25476 --- [todo] [pool-1-thread-3] c.t.d.todo.mapper.ToDoMapper.countAll    : <==      Total: 1
2025-11-25T16:41:48.869+08:00 DEBUG 25476 --- [todo] [pool-1-thread-3] c.t.d.todo.mapper.ToDoMapper.countAll    : ==>  Preparing: SELECT COUNT(*) FROM todo WHERE status = ?
2025-11-25T16:41:48.869+08:00 DEBUG 25476 --- [todo] [pool-1-thread-3] c.t.d.todo.mapper.ToDoMapper.countAll    : ==> Parameters: 10(String)
2025-11-25T16:41:48.871+08:00 DEBUG 25476 --- [todo] [pool-1-thread-3] c.t.d.todo.mapper.ToDoMapper.countAll    : <==      Total: 1
2025-11-25T16:41:58.874+08:00 DEBUG 25476 --- [todo] [pool-1-thread-3] c.t.d.todo.mapper.ToDoMapper.countAll    : ==>  Preparing: SELECT COUNT(*) FROM todo WHERE status = ?
2025-11-25T16:41:58.874+08:00 DEBUG 25476 --- [todo] [pool-1-thread-3] c.t.d.todo.mapper.ToDoMapper.countAll    : ==> Parameters: 10(String)
2025-11-25T16:41:58.875+08:00 DEBUG 25476 --- [todo] [pool-1-thread-3] c.t.d.todo.mapper.ToDoMapper.countAll    : <==      Total: 1
2025-11-25T16:42:08.871+08:00 DEBUG 25476 --- [todo] [pool-1-thread-3] c.t.d.todo.mapper.ToDoMapper.countAll    : ==>  Preparing: SELECT COUNT(*) FROM todo WHERE status = ?
2025-11-25T16:42:08.871+08:00 DEBUG 25476 --- [todo] [pool-1-thread-3] c.t.d.todo.mapper.ToDoMapper.countAll    : ==> Parameters: 10(String)
2025-11-25T16:42:08.872+08:00 DEBUG 25476 --- [todo] [pool-1-thread-3] c.t.d.todo.mapper.ToDoMapper.countAll    : <==      Total: 1
2025-11-25T16:42:18.867+08:00 DEBUG 25476 --- [todo] [pool-1-thread-3] c.t.d.todo.mapper.ToDoMapper.countAll    : ==>  Preparing: SELECT COUNT(*) FROM todo WHERE status = ?
2025-11-25T16:42:18.868+08:00 DEBUG 25476 --- [todo] [pool-1-thread-3] c.t.d.todo.mapper.ToDoMapper.countAll    : ==> Parameters: 10(String)
2025-11-25T16:42:18.869+08:00 DEBUG 25476 --- [todo] [pool-1-thread-3] c.t.d.todo.mapper.ToDoMapper.countAll    : <==      Total: 1
2025-11-25T16:42:28.872+08:00 DEBUG 25476 --- [todo] [pool-1-thread-1] c.t.d.todo.mapper.ToDoMapper.countAll    : ==>  Preparing: SELECT COUNT(*) FROM todo WHERE status = ?
2025-11-25T16:42:28.872+08:00 DEBUG 25476 --- [todo] [pool-1-thread-2] c.t.demo.todo.mapper.ToDoMapper.query    : ==>  Preparing: SELECT td.id,td.title,td.status,td.message_level as messageLevel , td.tag,td.description,td.message,td.create_time as createTime, td.expire_time as expireTime,td.complete_time as completeTime, td.update_time as updateTime,ta.code AS tagCode FROM todo AS td INNER JOIN tag AS ta ON td.tag = ta.code WHERE status = ? ORDER BY create_time DESC
2025-11-25T16:42:28.872+08:00 DEBUG 25476 --- [todo] [pool-1-thread-2] c.t.demo.todo.mapper.ToDoMapper.query    : ==> Parameters: 10(String)
2025-11-25T16:42:28.872+08:00 DEBUG 25476 --- [todo] [pool-1-thread-1] c.t.d.todo.mapper.ToDoMapper.countAll    : ==> Parameters: 10(String)
2025-11-25T16:42:28.874+08:00 DEBUG 25476 --- [todo] [pool-1-thread-1] c.t.d.todo.mapper.ToDoMapper.countAll    : <==      Total: 1
2025-11-25T16:42:28.877+08:00 DEBUG 25476 --- [todo] [pool-1-thread-2] c.t.demo.todo.mapper.ToDoMapper.query    : <==      Total: 1
2025-11-25T16:42:38.879+08:00 DEBUG 25476 --- [todo] [pool-1-thread-1] c.t.d.todo.mapper.ToDoMapper.countAll    : ==>  Preparing: SELECT COUNT(*) FROM todo WHERE status = ?
2025-11-25T16:42:38.880+08:00 DEBUG 25476 --- [todo] [pool-1-thread-1] c.t.d.todo.mapper.ToDoMapper.countAll    : ==> Parameters: 10(String)
2025-11-25T16:42:38.881+08:00 DEBUG 25476 --- [todo] [pool-1-thread-1] c.t.d.todo.mapper.ToDoMapper.countAll    : <==      Total: 1
2025-11-25T16:42:48.874+08:00 DEBUG 25476 --- [todo] [pool-1-thread-1] c.t.d.todo.mapper.ToDoMapper.countAll    : ==>  Preparing: SELECT COUNT(*) FROM todo WHERE status = ?
2025-11-25T16:42:48.875+08:00 DEBUG 25476 --- [todo] [pool-1-thread-1] c.t.d.todo.mapper.ToDoMapper.countAll    : ==> Parameters: 10(String)
2025-11-25T16:42:48.876+08:00 DEBUG 25476 --- [todo] [pool-1-thread-1] c.t.d.todo.mapper.ToDoMapper.countAll    : <==      Total: 1
2025-11-25T16:42:58.867+08:00 DEBUG 25476 --- [todo] [pool-1-thread-1] c.t.d.todo.mapper.ToDoMapper.countAll    : ==>  Preparing: SELECT COUNT(*) FROM todo WHERE status = ?
2025-11-25T16:42:58.869+08:00 DEBUG 25476 --- [todo] [pool-1-thread-1] c.t.d.todo.mapper.ToDoMapper.countAll    : ==> Parameters: 10(String)
2025-11-25T16:42:58.870+08:00 DEBUG 25476 --- [todo] [pool-1-thread-1] c.t.d.todo.mapper.ToDoMapper.countAll    : <==      Total: 1
2025-11-25T16:43:08.879+08:00 DEBUG 25476 --- [todo] [pool-1-thread-1] c.t.d.todo.mapper.ToDoMapper.countAll    : ==>  Preparing: SELECT COUNT(*) FROM todo WHERE status = ?
2025-11-25T16:43:08.879+08:00 DEBUG 25476 --- [todo] [pool-1-thread-1] c.t.d.todo.mapper.ToDoMapper.countAll    : ==> Parameters: 10(String)
2025-11-25T16:43:08.880+08:00 DEBUG 25476 --- [todo] [pool-1-thread-1] c.t.d.todo.mapper.ToDoMapper.countAll    : <==      Total: 1
2025-11-25T16:43:18.876+08:00 DEBUG 25476 --- [todo] [pool-1-thread-1] c.t.d.todo.mapper.ToDoMapper.countAll    : ==>  Preparing: SELECT COUNT(*) FROM todo WHERE status = ?
2025-11-25T16:43:18.876+08:00 DEBUG 25476 --- [todo] [pool-1-thread-1] c.t.d.todo.mapper.ToDoMapper.countAll    : ==> Parameters: 10(String)
2025-11-25T16:43:18.877+08:00 DEBUG 25476 --- [todo] [pool-1-thread-1] c.t.d.todo.mapper.ToDoMapper.countAll    : <==      Total: 1
2025-11-25T16:43:28.877+08:00 DEBUG 25476 --- [todo] [pool-1-thread-2] c.t.d.todo.mapper.ToDoMapper.countAll    : ==>  Preparing: SELECT COUNT(*) FROM todo WHERE status = ?
2025-11-25T16:43:28.877+08:00 DEBUG 25476 --- [todo] [pool-1-thread-3] c.t.demo.todo.mapper.ToDoMapper.query    : ==>  Preparing: SELECT td.id,td.title,td.status,td.message_level as messageLevel , td.tag,td.description,td.message,td.create_time as createTime, td.expire_time as expireTime,td.complete_time as completeTime, td.update_time as updateTime,ta.code AS tagCode FROM todo AS td INNER JOIN tag AS ta ON td.tag = ta.code WHERE status = ? ORDER BY create_time DESC
2025-11-25T16:43:28.877+08:00 DEBUG 25476 --- [todo] [pool-1-thread-2] c.t.d.todo.mapper.ToDoMapper.countAll    : ==> Parameters: 10(String)
2025-11-25T16:43:28.877+08:00 DEBUG 25476 --- [todo] [pool-1-thread-3] c.t.demo.todo.mapper.ToDoMapper.query    : ==> Parameters: 10(String)
2025-11-25T16:43:28.877+08:00 DEBUG 25476 --- [todo] [pool-1-thread-2] c.t.d.todo.mapper.ToDoMapper.countAll    : <==      Total: 1
2025-11-25T16:43:28.878+08:00 DEBUG 25476 --- [todo] [pool-1-thread-3] c.t.demo.todo.mapper.ToDoMapper.query    : <==      Total: 1
2025-11-25T16:43:38.869+08:00 DEBUG 25476 --- [todo] [pool-1-thread-2] c.t.d.todo.mapper.ToDoMapper.countAll    : ==>  Preparing: SELECT COUNT(*) FROM todo WHERE status = ?
2025-11-25T16:43:38.870+08:00 DEBUG 25476 --- [todo] [pool-1-thread-2] c.t.d.todo.mapper.ToDoMapper.countAll    : ==> Parameters: 10(String)
2025-11-25T16:43:38.871+08:00 DEBUG 25476 --- [todo] [pool-1-thread-2] c.t.d.todo.mapper.ToDoMapper.countAll    : <==      Total: 1
2025-11-25T16:43:48.873+08:00 DEBUG 25476 --- [todo] [pool-1-thread-2] c.t.d.todo.mapper.ToDoMapper.countAll    : ==>  Preparing: SELECT COUNT(*) FROM todo WHERE status = ?
2025-11-25T16:43:48.873+08:00 DEBUG 25476 --- [todo] [pool-1-thread-2] c.t.d.todo.mapper.ToDoMapper.countAll    : ==> Parameters: 10(String)
2025-11-25T16:43:48.874+08:00 DEBUG 25476 --- [todo] [pool-1-thread-2] c.t.d.todo.mapper.ToDoMapper.countAll    : <==      Total: 1
2025-11-25T16:43:58.867+08:00 DEBUG 25476 --- [todo] [pool-1-thread-2] c.t.d.todo.mapper.ToDoMapper.countAll    : ==>  Preparing: SELECT COUNT(*) FROM todo WHERE status = ?
2025-11-25T16:43:58.867+08:00 DEBUG 25476 --- [todo] [pool-1-thread-2] c.t.d.todo.mapper.ToDoMapper.countAll    : ==> Parameters: 10(String)
2025-11-25T16:43:58.867+08:00 DEBUG 25476 --- [todo] [pool-1-thread-2] c.t.d.todo.mapper.ToDoMapper.countAll    : <==      Total: 1
2025-11-25T16:44:08.873+08:00 DEBUG 25476 --- [todo] [pool-1-thread-2] c.t.d.todo.mapper.ToDoMapper.countAll    : ==>  Preparing: SELECT COUNT(*) FROM todo WHERE status = ?
2025-11-25T16:44:08.873+08:00 DEBUG 25476 --- [todo] [pool-1-thread-2] c.t.d.todo.mapper.ToDoMapper.countAll    : ==> Parameters: 10(String)
2025-11-25T16:44:08.874+08:00 DEBUG 25476 --- [todo] [pool-1-thread-2] c.t.d.todo.mapper.ToDoMapper.countAll    : <==      Total: 1
2025-11-25T16:44:18.870+08:00 DEBUG 25476 --- [todo] [pool-1-thread-2] c.t.d.todo.mapper.ToDoMapper.countAll    : ==>  Preparing: SELECT COUNT(*) FROM todo WHERE status = ?
2025-11-25T16:44:18.870+08:00 DEBUG 25476 --- [todo] [pool-1-thread-2] c.t.d.todo.mapper.ToDoMapper.countAll    : ==> Parameters: 10(String)
2025-11-25T16:44:18.871+08:00 DEBUG 25476 --- [todo] [pool-1-thread-2] c.t.d.todo.mapper.ToDoMapper.countAll    : <==      Total: 1
2025-11-25T16:44:28.867+08:00 DEBUG 25476 --- [todo] [pool-1-thread-3] c.t.d.todo.mapper.ToDoMapper.countAll    : ==>  Preparing: SELECT COUNT(*) FROM todo WHERE status = ?
2025-11-25T16:44:28.867+08:00 DEBUG 25476 --- [todo] [pool-1-thread-1] c.t.demo.todo.mapper.ToDoMapper.query    : ==>  Preparing: SELECT td.id,td.title,td.status,td.message_level as messageLevel , td.tag,td.description,td.message,td.create_time as createTime, td.expire_time as expireTime,td.complete_time as completeTime, td.update_time as updateTime,ta.code AS tagCode FROM todo AS td INNER JOIN tag AS ta ON td.tag = ta.code WHERE status = ? ORDER BY create_time DESC
2025-11-25T16:44:28.867+08:00 DEBUG 25476 --- [todo] [pool-1-thread-3] c.t.d.todo.mapper.ToDoMapper.countAll    : ==> Parameters: 10(String)
2025-11-25T16:44:28.867+08:00 DEBUG 25476 --- [todo] [pool-1-thread-1] c.t.demo.todo.mapper.ToDoMapper.query    : ==> Parameters: 10(String)
2025-11-25T16:44:28.868+08:00 DEBUG 25476 --- [todo] [pool-1-thread-3] c.t.d.todo.mapper.ToDoMapper.countAll    : <==      Total: 1
2025-11-25T16:44:28.868+08:00 DEBUG 25476 --- [todo] [pool-1-thread-1] c.t.demo.todo.mapper.ToDoMapper.query    : <==      Total: 1
2025-11-25T16:44:38.870+08:00 DEBUG 25476 --- [todo] [pool-1-thread-3] c.t.d.todo.mapper.ToDoMapper.countAll    : ==>  Preparing: SELECT COUNT(*) FROM todo WHERE status = ?
2025-11-25T16:44:38.870+08:00 DEBUG 25476 --- [todo] [pool-1-thread-3] c.t.d.todo.mapper.ToDoMapper.countAll    : ==> Parameters: 10(String)
2025-11-25T16:44:38.871+08:00 DEBUG 25476 --- [todo] [pool-1-thread-3] c.t.d.todo.mapper.ToDoMapper.countAll    : <==      Total: 1
2025-11-25T16:44:48.865+08:00 DEBUG 25476 --- [todo] [pool-1-thread-3] c.t.d.todo.mapper.ToDoMapper.countAll    : ==>  Preparing: SELECT COUNT(*) FROM todo WHERE status = ?
2025-11-25T16:44:48.865+08:00 DEBUG 25476 --- [todo] [pool-1-thread-3] c.t.d.todo.mapper.ToDoMapper.countAll    : ==> Parameters: 10(String)
2025-11-25T16:44:48.867+08:00 DEBUG 25476 --- [todo] [pool-1-thread-3] c.t.d.todo.mapper.ToDoMapper.countAll    : <==      Total: 1
2025-11-25T16:44:58.871+08:00 DEBUG 25476 --- [todo] [pool-1-thread-3] c.t.d.todo.mapper.ToDoMapper.countAll    : ==>  Preparing: SELECT COUNT(*) FROM todo WHERE status = ?
2025-11-25T16:44:58.872+08:00 DEBUG 25476 --- [todo] [pool-1-thread-3] c.t.d.todo.mapper.ToDoMapper.countAll    : ==> Parameters: 10(String)
2025-11-25T16:44:58.873+08:00 DEBUG 25476 --- [todo] [pool-1-thread-3] c.t.d.todo.mapper.ToDoMapper.countAll    : <==      Total: 1
2025-11-25T16:45:08.880+08:00 DEBUG 25476 --- [todo] [pool-1-thread-3] c.t.d.todo.mapper.ToDoMapper.countAll    : ==>  Preparing: SELECT COUNT(*) FROM todo WHERE status = ?
2025-11-25T16:45:08.880+08:00 DEBUG 25476 --- [todo] [pool-1-thread-3] c.t.d.todo.mapper.ToDoMapper.countAll    : ==> Parameters: 10(String)
2025-11-25T16:45:08.881+08:00 DEBUG 25476 --- [todo] [pool-1-thread-3] c.t.d.todo.mapper.ToDoMapper.countAll    : <==      Total: 1
2025-11-25T16:45:18.866+08:00 DEBUG 25476 --- [todo] [pool-1-thread-3] c.t.d.todo.mapper.ToDoMapper.countAll    : ==>  Preparing: SELECT COUNT(*) FROM todo WHERE status = ?
2025-11-25T16:45:18.866+08:00 DEBUG 25476 --- [todo] [pool-1-thread-3] c.t.d.todo.mapper.ToDoMapper.countAll    : ==> Parameters: 10(String)
2025-11-25T16:45:18.866+08:00 DEBUG 25476 --- [todo] [pool-1-thread-3] c.t.d.todo.mapper.ToDoMapper.countAll    : <==      Total: 1
2025-11-25T16:45:28.877+08:00 DEBUG 25476 --- [todo] [pool-1-thread-1] c.t.d.todo.mapper.ToDoMapper.countAll    : ==>  Preparing: SELECT COUNT(*) FROM todo WHERE status = ?
2025-11-25T16:45:28.877+08:00 DEBUG 25476 --- [todo] [pool-1-thread-2] c.t.demo.todo.mapper.ToDoMapper.query    : ==>  Preparing: SELECT td.id,td.title,td.status,td.message_level as messageLevel , td.tag,td.description,td.message,td.create_time as createTime, td.expire_time as expireTime,td.complete_time as completeTime, td.update_time as updateTime,ta.code AS tagCode FROM todo AS td INNER JOIN tag AS ta ON td.tag = ta.code WHERE status = ? ORDER BY create_time DESC
2025-11-25T16:45:28.878+08:00 DEBUG 25476 --- [todo] [pool-1-thread-2] c.t.demo.todo.mapper.ToDoMapper.query    : ==> Parameters: 10(String)
2025-11-25T16:45:28.878+08:00 DEBUG 25476 --- [todo] [pool-1-thread-1] c.t.d.todo.mapper.ToDoMapper.countAll    : ==> Parameters: 10(String)
2025-11-25T16:45:28.880+08:00 DEBUG 25476 --- [todo] [pool-1-thread-1] c.t.d.todo.mapper.ToDoMapper.countAll    : <==      Total: 1
2025-11-25T16:45:28.880+08:00 DEBUG 25476 --- [todo] [pool-1-thread-2] c.t.demo.todo.mapper.ToDoMapper.query    : <==      Total: 1
2025-11-25T16:45:38.874+08:00 DEBUG 25476 --- [todo] [pool-1-thread-1] c.t.d.todo.mapper.ToDoMapper.countAll    : ==>  Preparing: SELECT COUNT(*) FROM todo WHERE status = ?
2025-11-25T16:45:38.875+08:00 DEBUG 25476 --- [todo] [pool-1-thread-1] c.t.d.todo.mapper.ToDoMapper.countAll    : ==> Parameters: 10(String)
2025-11-25T16:45:38.875+08:00 DEBUG 25476 --- [todo] [pool-1-thread-1] c.t.d.todo.mapper.ToDoMapper.countAll    : <==      Total: 1
2025-11-25T16:45:48.869+08:00 DEBUG 25476 --- [todo] [pool-1-thread-1] c.t.d.todo.mapper.ToDoMapper.countAll    : ==>  Preparing: SELECT COUNT(*) FROM todo WHERE status = ?
2025-11-25T16:45:48.870+08:00 DEBUG 25476 --- [todo] [pool-1-thread-1] c.t.d.todo.mapper.ToDoMapper.countAll    : ==> Parameters: 10(String)
2025-11-25T16:45:48.871+08:00 DEBUG 25476 --- [todo] [pool-1-thread-1] c.t.d.todo.mapper.ToDoMapper.countAll    : <==      Total: 1
2025-11-25T16:45:58.874+08:00 DEBUG 25476 --- [todo] [pool-1-thread-1] c.t.d.todo.mapper.ToDoMapper.countAll    : ==>  Preparing: SELECT COUNT(*) FROM todo WHERE status = ?
2025-11-25T16:45:58.874+08:00 DEBUG 25476 --- [todo] [pool-1-thread-1] c.t.d.todo.mapper.ToDoMapper.countAll    : ==> Parameters: 10(String)
2025-11-25T16:45:58.875+08:00 DEBUG 25476 --- [todo] [pool-1-thread-1] c.t.d.todo.mapper.ToDoMapper.countAll    : <==      Total: 1
2025-11-25T16:46:08.871+08:00 DEBUG 25476 --- [todo] [pool-1-thread-1] c.t.d.todo.mapper.ToDoMapper.countAll    : ==>  Preparing: SELECT COUNT(*) FROM todo WHERE status = ?
2025-11-25T16:46:08.873+08:00 DEBUG 25476 --- [todo] [pool-1-thread-1] c.t.d.todo.mapper.ToDoMapper.countAll    : ==> Parameters: 10(String)
2025-11-25T16:46:08.874+08:00 DEBUG 25476 --- [todo] [pool-1-thread-1] c.t.d.todo.mapper.ToDoMapper.countAll    : <==      Total: 1
2025-11-25T16:46:18.874+08:00 DEBUG 25476 --- [todo] [pool-1-thread-1] c.t.d.todo.mapper.ToDoMapper.countAll    : ==>  Preparing: SELECT COUNT(*) FROM todo WHERE status = ?
2025-11-25T16:46:18.874+08:00 DEBUG 25476 --- [todo] [pool-1-thread-1] c.t.d.todo.mapper.ToDoMapper.countAll    : ==> Parameters: 10(String)
2025-11-25T16:46:18.883+08:00 DEBUG 25476 --- [todo] [pool-1-thread-1] c.t.d.todo.mapper.ToDoMapper.countAll    : <==      Total: 1
2025-11-25T16:46:23.868+08:00 DEBUG 25476 --- [todo] [pool-1-thread-3] c.t.demo.todo.mapper.ToDoMapper.query    : ==>  Preparing: SELECT td.id,td.title,td.status,td.message_level as messageLevel , td.tag,td.description,td.message,td.create_time as createTime, td.expire_time as expireTime,td.complete_time as completeTime, td.update_time as updateTime,ta.code AS tagCode FROM todo AS td INNER JOIN tag AS ta ON td.tag = ta.code WHERE status = ? ORDER BY create_time DESC
2025-11-25T16:46:23.868+08:00 DEBUG 25476 --- [todo] [pool-1-thread-3] c.t.demo.todo.mapper.ToDoMapper.query    : ==> Parameters: 30(String)
2025-11-25T16:46:23.872+08:00 DEBUG 25476 --- [todo] [pool-1-thread-3] c.t.demo.todo.mapper.ToDoMapper.query    : <==      Total: 1
2025-11-25T16:46:28.864+08:00 DEBUG 25476 --- [todo] [pool-1-thread-2] c.t.demo.todo.mapper.ToDoMapper.query    : ==>  Preparing: SELECT td.id,td.title,td.status,td.message_level as messageLevel , td.tag,td.description,td.message,td.create_time as createTime, td.expire_time as expireTime,td.complete_time as completeTime, td.update_time as updateTime,ta.code AS tagCode FROM todo AS td INNER JOIN tag AS ta ON td.tag = ta.code WHERE status = ? ORDER BY create_time DESC
2025-11-25T16:46:28.865+08:00 DEBUG 25476 --- [todo] [pool-1-thread-1] c.t.d.todo.mapper.ToDoMapper.countAll    : ==>  Preparing: SELECT COUNT(*) FROM todo WHERE status = ?
2025-11-25T16:46:28.865+08:00 DEBUG 25476 --- [todo] [pool-1-thread-2] c.t.demo.todo.mapper.ToDoMapper.query    : ==> Parameters: 10(String)
2025-11-25T16:46:28.865+08:00 DEBUG 25476 --- [todo] [pool-1-thread-1] c.t.d.todo.mapper.ToDoMapper.countAll    : ==> Parameters: 10(String)
2025-11-25T16:46:28.867+08:00 DEBUG 25476 --- [todo] [pool-1-thread-1] c.t.d.todo.mapper.ToDoMapper.countAll    : <==      Total: 1
2025-11-25T16:46:28.868+08:00 DEBUG 25476 --- [todo] [pool-1-thread-2] c.t.demo.todo.mapper.ToDoMapper.query    : <==      Total: 1
2025-11-25T16:46:38.874+08:00 DEBUG 25476 --- [todo] [pool-1-thread-1] c.t.d.todo.mapper.ToDoMapper.countAll    : ==>  Preparing: SELECT COUNT(*) FROM todo WHERE status = ?
2025-11-25T16:46:38.875+08:00 DEBUG 25476 --- [todo] [pool-1-thread-1] c.t.d.todo.mapper.ToDoMapper.countAll    : ==> Parameters: 10(String)
2025-11-25T16:46:38.876+08:00 DEBUG 25476 --- [todo] [pool-1-thread-1] c.t.d.todo.mapper.ToDoMapper.countAll    : <==      Total: 1
2025-11-25T16:46:48.862+08:00 DEBUG 25476 --- [todo] [pool-1-thread-1] c.t.d.todo.mapper.ToDoMapper.countAll    : ==>  Preparing: SELECT COUNT(*) FROM todo WHERE status = ?
2025-11-25T16:46:48.864+08:00 DEBUG 25476 --- [todo] [pool-1-thread-1] c.t.d.todo.mapper.ToDoMapper.countAll    : ==> Parameters: 10(String)
2025-11-25T16:46:48.865+08:00 DEBUG 25476 --- [todo] [pool-1-thread-1] c.t.d.todo.mapper.ToDoMapper.countAll    : <==      Total: 1
2025-11-25T16:46:58.865+08:00 DEBUG 25476 --- [todo] [pool-1-thread-1] c.t.d.todo.mapper.ToDoMapper.countAll    : ==>  Preparing: SELECT COUNT(*) FROM todo WHERE status = ?
2025-11-25T16:46:58.865+08:00 DEBUG 25476 --- [todo] [pool-1-thread-1] c.t.d.todo.mapper.ToDoMapper.countAll    : ==> Parameters: 10(String)
2025-11-25T16:46:58.865+08:00 DEBUG 25476 --- [todo] [pool-1-thread-1] c.t.d.todo.mapper.ToDoMapper.countAll    : <==      Total: 1
2025-11-25T16:47:08.874+08:00 DEBUG 25476 --- [todo] [pool-1-thread-1] c.t.d.todo.mapper.ToDoMapper.countAll    : ==>  Preparing: SELECT COUNT(*) FROM todo WHERE status = ?
2025-11-25T16:47:08.874+08:00 DEBUG 25476 --- [todo] [pool-1-thread-1] c.t.d.todo.mapper.ToDoMapper.countAll    : ==> Parameters: 10(String)
2025-11-25T16:47:08.875+08:00 DEBUG 25476 --- [todo] [pool-1-thread-1] c.t.d.todo.mapper.ToDoMapper.countAll    : <==      Total: 1
2025-11-25T16:47:18.877+08:00 DEBUG 25476 --- [todo] [pool-1-thread-1] c.t.d.todo.mapper.ToDoMapper.countAll    : ==>  Preparing: SELECT COUNT(*) FROM todo WHERE status = ?
2025-11-25T16:47:18.878+08:00 DEBUG 25476 --- [todo] [pool-1-thread-1] c.t.d.todo.mapper.ToDoMapper.countAll    : ==> Parameters: 10(String)
2025-11-25T16:47:18.879+08:00 DEBUG 25476 --- [todo] [pool-1-thread-1] c.t.d.todo.mapper.ToDoMapper.countAll    : <==      Total: 1
2025-11-25T16:47:28.867+08:00 DEBUG 25476 --- [todo] [pool-1-thread-2] c.t.demo.todo.mapper.ToDoMapper.query    : ==>  Preparing: SELECT td.id,td.title,td.status,td.message_level as messageLevel , td.tag,td.description,td.message,td.create_time as createTime, td.expire_time as expireTime,td.complete_time as completeTime, td.update_time as updateTime,ta.code AS tagCode FROM todo AS td INNER JOIN tag AS ta ON td.tag = ta.code WHERE status = ? ORDER BY create_time DESC
2025-11-25T16:47:28.867+08:00 DEBUG 25476 --- [todo] [pool-1-thread-3] c.t.d.todo.mapper.ToDoMapper.countAll    : ==>  Preparing: SELECT COUNT(*) FROM todo WHERE status = ?
2025-11-25T16:47:28.867+08:00 DEBUG 25476 --- [todo] [pool-1-thread-2] c.t.demo.todo.mapper.ToDoMapper.query    : ==> Parameters: 10(String)
2025-11-25T16:47:28.867+08:00 DEBUG 25476 --- [todo] [pool-1-thread-3] c.t.d.todo.mapper.ToDoMapper.countAll    : ==> Parameters: 10(String)
2025-11-25T16:47:28.870+08:00 DEBUG 25476 --- [todo] [pool-1-thread-3] c.t.d.todo.mapper.ToDoMapper.countAll    : <==      Total: 1
2025-11-25T16:47:28.871+08:00 DEBUG 25476 --- [todo] [pool-1-thread-2] c.t.demo.todo.mapper.ToDoMapper.query    : <==      Total: 1
2025-11-25T16:47:38.863+08:00 DEBUG 25476 --- [todo] [pool-1-thread-3] c.t.d.todo.mapper.ToDoMapper.countAll    : ==>  Preparing: SELECT COUNT(*) FROM todo WHERE status = ?
2025-11-25T16:47:38.863+08:00 DEBUG 25476 --- [todo] [pool-1-thread-3] c.t.d.todo.mapper.ToDoMapper.countAll    : ==> Parameters: 10(String)
2025-11-25T16:47:38.863+08:00 DEBUG 25476 --- [todo] [pool-1-thread-3] c.t.d.todo.mapper.ToDoMapper.countAll    : <==      Total: 1
2025-11-25T16:47:48.867+08:00 DEBUG 25476 --- [todo] [pool-1-thread-3] c.t.d.todo.mapper.ToDoMapper.countAll    : ==>  Preparing: SELECT COUNT(*) FROM todo WHERE status = ?
2025-11-25T16:47:48.867+08:00 DEBUG 25476 --- [todo] [pool-1-thread-3] c.t.d.todo.mapper.ToDoMapper.countAll    : ==> Parameters: 10(String)
2025-11-25T16:47:48.868+08:00 DEBUG 25476 --- [todo] [pool-1-thread-3] c.t.d.todo.mapper.ToDoMapper.countAll    : <==      Total: 1
2025-11-25T16:47:58.877+08:00 DEBUG 25476 --- [todo] [pool-1-thread-3] c.t.d.todo.mapper.ToDoMapper.countAll    : ==>  Preparing: SELECT COUNT(*) FROM todo WHERE status = ?
2025-11-25T16:47:58.877+08:00 DEBUG 25476 --- [todo] [pool-1-thread-3] c.t.d.todo.mapper.ToDoMapper.countAll    : ==> Parameters: 10(String)
2025-11-25T16:47:58.880+08:00 DEBUG 25476 --- [todo] [pool-1-thread-3] c.t.d.todo.mapper.ToDoMapper.countAll    : <==      Total: 1
2025-11-25T16:48:08.876+08:00 DEBUG 25476 --- [todo] [pool-1-thread-3] c.t.d.todo.mapper.ToDoMapper.countAll    : ==>  Preparing: SELECT COUNT(*) FROM todo WHERE status = ?
2025-11-25T16:48:08.876+08:00 DEBUG 25476 --- [todo] [pool-1-thread-3] c.t.d.todo.mapper.ToDoMapper.countAll    : ==> Parameters: 10(String)
2025-11-25T16:48:08.877+08:00 DEBUG 25476 --- [todo] [pool-1-thread-3] c.t.d.todo.mapper.ToDoMapper.countAll    : <==      Total: 1
2025-11-25T16:48:18.871+08:00 DEBUG 25476 --- [todo] [pool-1-thread-3] c.t.d.todo.mapper.ToDoMapper.countAll    : ==>  Preparing: SELECT COUNT(*) FROM todo WHERE status = ?
2025-11-25T16:48:18.871+08:00 DEBUG 25476 --- [todo] [pool-1-thread-3] c.t.d.todo.mapper.ToDoMapper.countAll    : ==> Parameters: 10(String)
2025-11-25T16:48:18.872+08:00 DEBUG 25476 --- [todo] [pool-1-thread-3] c.t.d.todo.mapper.ToDoMapper.countAll    : <==      Total: 1
2025-11-25T16:48:28.870+08:00 DEBUG 25476 --- [todo] [pool-1-thread-2] c.t.d.todo.mapper.ToDoMapper.countAll    : ==>  Preparing: SELECT COUNT(*) FROM todo WHERE status = ?
2025-11-25T16:48:28.870+08:00 DEBUG 25476 --- [todo] [pool-1-thread-1] c.t.demo.todo.mapper.ToDoMapper.query    : ==>  Preparing: SELECT td.id,td.title,td.status,td.message_level as messageLevel , td.tag,td.description,td.message,td.create_time as createTime, td.expire_time as expireTime,td.complete_time as completeTime, td.update_time as updateTime,ta.code AS tagCode FROM todo AS td INNER JOIN tag AS ta ON td.tag = ta.code WHERE status = ? ORDER BY create_time DESC
2025-11-25T16:48:28.870+08:00 DEBUG 25476 --- [todo] [pool-1-thread-2] c.t.d.todo.mapper.ToDoMapper.countAll    : ==> Parameters: 10(String)
2025-11-25T16:48:28.870+08:00 DEBUG 25476 --- [todo] [pool-1-thread-1] c.t.demo.todo.mapper.ToDoMapper.query    : ==> Parameters: 10(String)
2025-11-25T16:48:28.871+08:00 DEBUG 25476 --- [todo] [pool-1-thread-2] c.t.d.todo.mapper.ToDoMapper.countAll    : <==      Total: 1
2025-11-25T16:48:28.872+08:00 DEBUG 25476 --- [todo] [pool-1-thread-1] c.t.demo.todo.mapper.ToDoMapper.query    : <==      Total: 1
2025-11-25T16:48:38.864+08:00 DEBUG 25476 --- [todo] [pool-1-thread-2] c.t.d.todo.mapper.ToDoMapper.countAll    : ==>  Preparing: SELECT COUNT(*) FROM todo WHERE status = ?
2025-11-25T16:48:38.864+08:00 DEBUG 25476 --- [todo] [pool-1-thread-2] c.t.d.todo.mapper.ToDoMapper.countAll    : ==> Parameters: 10(String)
2025-11-25T16:48:38.865+08:00 DEBUG 25476 --- [todo] [pool-1-thread-2] c.t.d.todo.mapper.ToDoMapper.countAll    : <==      Total: 1
2025-11-25T16:48:48.869+08:00 DEBUG 25476 --- [todo] [pool-1-thread-2] c.t.d.todo.mapper.ToDoMapper.countAll    : ==>  Preparing: SELECT COUNT(*) FROM todo WHERE status = ?
2025-11-25T16:48:48.869+08:00 DEBUG 25476 --- [todo] [pool-1-thread-2] c.t.d.todo.mapper.ToDoMapper.countAll    : ==> Parameters: 10(String)
2025-11-25T16:48:48.869+08:00 DEBUG 25476 --- [todo] [pool-1-thread-2] c.t.d.todo.mapper.ToDoMapper.countAll    : <==      Total: 1
2025-11-25T16:48:58.870+08:00 DEBUG 25476 --- [todo] [pool-1-thread-2] c.t.d.todo.mapper.ToDoMapper.countAll    : ==>  Preparing: SELECT COUNT(*) FROM todo WHERE status = ?
2025-11-25T16:48:58.870+08:00 DEBUG 25476 --- [todo] [pool-1-thread-2] c.t.d.todo.mapper.ToDoMapper.countAll    : ==> Parameters: 10(String)
2025-11-25T16:48:58.871+08:00 DEBUG 25476 --- [todo] [pool-1-thread-2] c.t.d.todo.mapper.ToDoMapper.countAll    : <==      Total: 1
2025-11-25T16:49:08.878+08:00 DEBUG 25476 --- [todo] [pool-1-thread-2] c.t.d.todo.mapper.ToDoMapper.countAll    : ==>  Preparing: SELECT COUNT(*) FROM todo WHERE status = ?
2025-11-25T16:49:08.878+08:00 DEBUG 25476 --- [todo] [pool-1-thread-2] c.t.d.todo.mapper.ToDoMapper.countAll    : ==> Parameters: 10(String)
2025-11-25T16:49:08.878+08:00 DEBUG 25476 --- [todo] [pool-1-thread-2] c.t.d.todo.mapper.ToDoMapper.countAll    : <==      Total: 1
2025-11-25T16:49:18.870+08:00 DEBUG 25476 --- [todo] [pool-1-thread-2] c.t.d.todo.mapper.ToDoMapper.countAll    : ==>  Preparing: SELECT COUNT(*) FROM todo WHERE status = ?
2025-11-25T16:49:18.870+08:00 DEBUG 25476 --- [todo] [pool-1-thread-2] c.t.d.todo.mapper.ToDoMapper.countAll    : ==> Parameters: 10(String)
2025-11-25T16:49:18.870+08:00 DEBUG 25476 --- [todo] [pool-1-thread-2] c.t.d.todo.mapper.ToDoMapper.countAll    : <==      Total: 1
2025-11-25T16:49:28.869+08:00 DEBUG 25476 --- [todo] [pool-1-thread-1] c.t.demo.todo.mapper.ToDoMapper.query    : ==>  Preparing: SELECT td.id,td.title,td.status,td.message_level as messageLevel , td.tag,td.description,td.message,td.create_time as createTime, td.expire_time as expireTime,td.complete_time as completeTime, td.update_time as updateTime,ta.code AS tagCode FROM todo AS td INNER JOIN tag AS ta ON td.tag = ta.code WHERE status = ? ORDER BY create_time DESC
2025-11-25T16:49:28.869+08:00 DEBUG 25476 --- [todo] [pool-1-thread-3] c.t.d.todo.mapper.ToDoMapper.countAll    : ==>  Preparing: SELECT COUNT(*) FROM todo WHERE status = ?
2025-11-25T16:49:28.870+08:00 DEBUG 25476 --- [todo] [pool-1-thread-1] c.t.demo.todo.mapper.ToDoMapper.query    : ==> Parameters: 10(String)
2025-11-25T16:49:28.870+08:00 DEBUG 25476 --- [todo] [pool-1-thread-3] c.t.d.todo.mapper.ToDoMapper.countAll    : ==> Parameters: 10(String)
2025-11-25T16:49:28.870+08:00 DEBUG 25476 --- [todo] [pool-1-thread-3] c.t.d.todo.mapper.ToDoMapper.countAll    : <==      Total: 1
2025-11-25T16:49:28.870+08:00 DEBUG 25476 --- [todo] [pool-1-thread-1] c.t.demo.todo.mapper.ToDoMapper.query    : <==      Total: 1
2025-11-25T16:49:38.874+08:00 DEBUG 25476 --- [todo] [pool-1-thread-3] c.t.d.todo.mapper.ToDoMapper.countAll    : ==>  Preparing: SELECT COUNT(*) FROM todo WHERE status = ?
2025-11-25T16:49:38.874+08:00 DEBUG 25476 --- [todo] [pool-1-thread-3] c.t.d.todo.mapper.ToDoMapper.countAll    : ==> Parameters: 10(String)
2025-11-25T16:49:38.875+08:00 DEBUG 25476 --- [todo] [pool-1-thread-3] c.t.d.todo.mapper.ToDoMapper.countAll    : <==      Total: 1
2025-11-25T16:49:48.866+08:00 DEBUG 25476 --- [todo] [pool-1-thread-3] c.t.d.todo.mapper.ToDoMapper.countAll    : ==>  Preparing: SELECT COUNT(*) FROM todo WHERE status = ?
2025-11-25T16:49:48.866+08:00 DEBUG 25476 --- [todo] [pool-1-thread-3] c.t.d.todo.mapper.ToDoMapper.countAll    : ==> Parameters: 10(String)
2025-11-25T16:49:48.867+08:00 DEBUG 25476 --- [todo] [pool-1-thread-3] c.t.d.todo.mapper.ToDoMapper.countAll    : <==      Total: 1
2025-11-25T16:49:58.872+08:00 DEBUG 25476 --- [todo] [pool-1-thread-3] c.t.d.todo.mapper.ToDoMapper.countAll    : ==>  Preparing: SELECT COUNT(*) FROM todo WHERE status = ?
2025-11-25T16:49:58.873+08:00 DEBUG 25476 --- [todo] [pool-1-thread-3] c.t.d.todo.mapper.ToDoMapper.countAll    : ==> Parameters: 10(String)
2025-11-25T16:49:58.874+08:00 DEBUG 25476 --- [todo] [pool-1-thread-3] c.t.d.todo.mapper.ToDoMapper.countAll    : <==      Total: 1
2025-11-25T16:50:08.867+08:00 DEBUG 25476 --- [todo] [pool-1-thread-3] c.t.d.todo.mapper.ToDoMapper.countAll    : ==>  Preparing: SELECT COUNT(*) FROM todo WHERE status = ?
2025-11-25T16:50:08.868+08:00 DEBUG 25476 --- [todo] [pool-1-thread-3] c.t.d.todo.mapper.ToDoMapper.countAll    : ==> Parameters: 10(String)
2025-11-25T16:50:08.868+08:00 DEBUG 25476 --- [todo] [pool-1-thread-3] c.t.d.todo.mapper.ToDoMapper.countAll    : <==      Total: 1
2025-11-25T16:50:18.875+08:00 DEBUG 25476 --- [todo] [pool-1-thread-3] c.t.d.todo.mapper.ToDoMapper.countAll    : ==>  Preparing: SELECT COUNT(*) FROM todo WHERE status = ?
2025-11-25T16:50:18.876+08:00 DEBUG 25476 --- [todo] [pool-1-thread-3] c.t.d.todo.mapper.ToDoMapper.countAll    : ==> Parameters: 10(String)
2025-11-25T16:50:18.877+08:00 DEBUG 25476 --- [todo] [pool-1-thread-3] c.t.d.todo.mapper.ToDoMapper.countAll    : <==      Total: 1
2025-11-25T16:50:28.865+08:00 DEBUG 25476 --- [todo] [pool-1-thread-1] c.t.d.todo.mapper.ToDoMapper.countAll    : ==>  Preparing: SELECT COUNT(*) FROM todo WHERE status = ?
2025-11-25T16:50:28.865+08:00 DEBUG 25476 --- [todo] [pool-1-thread-2] c.t.demo.todo.mapper.ToDoMapper.query    : ==>  Preparing: SELECT td.id,td.title,td.status,td.message_level as messageLevel , td.tag,td.description,td.message,td.create_time as createTime, td.expire_time as expireTime,td.complete_time as completeTime, td.update_time as updateTime,ta.code AS tagCode FROM todo AS td INNER JOIN tag AS ta ON td.tag = ta.code WHERE status = ? ORDER BY create_time DESC
2025-11-25T16:50:28.865+08:00 DEBUG 25476 --- [todo] [pool-1-thread-1] c.t.d.todo.mapper.ToDoMapper.countAll    : ==> Parameters: 10(String)
2025-11-25T16:50:28.865+08:00 DEBUG 25476 --- [todo] [pool-1-thread-2] c.t.demo.todo.mapper.ToDoMapper.query    : ==> Parameters: 10(String)
2025-11-25T16:50:28.865+08:00 DEBUG 25476 --- [todo] [pool-1-thread-1] c.t.d.todo.mapper.ToDoMapper.countAll    : <==      Total: 1
2025-11-25T16:50:28.866+08:00 DEBUG 25476 --- [todo] [pool-1-thread-2] c.t.demo.todo.mapper.ToDoMapper.query    : <==      Total: 1
2025-11-25T16:50:38.872+08:00 DEBUG 25476 --- [todo] [pool-1-thread-1] c.t.d.todo.mapper.ToDoMapper.countAll    : ==>  Preparing: SELECT COUNT(*) FROM todo WHERE status = ?
2025-11-25T16:50:38.872+08:00 DEBUG 25476 --- [todo] [pool-1-thread-1] c.t.d.todo.mapper.ToDoMapper.countAll    : ==> Parameters: 10(String)
2025-11-25T16:50:38.873+08:00 DEBUG 25476 --- [todo] [pool-1-thread-1] c.t.d.todo.mapper.ToDoMapper.countAll    : <==      Total: 1
2025-11-25T16:50:48.874+08:00 DEBUG 25476 --- [todo] [pool-1-thread-1] c.t.d.todo.mapper.ToDoMapper.countAll    : ==>  Preparing: SELECT COUNT(*) FROM todo WHERE status = ?
2025-11-25T16:50:48.874+08:00 DEBUG 25476 --- [todo] [pool-1-thread-1] c.t.d.todo.mapper.ToDoMapper.countAll    : ==> Parameters: 10(String)
2025-11-25T16:50:48.875+08:00 DEBUG 25476 --- [todo] [pool-1-thread-1] c.t.d.todo.mapper.ToDoMapper.countAll    : <==      Total: 1
2025-11-25T16:50:58.870+08:00 DEBUG 25476 --- [todo] [pool-1-thread-1] c.t.d.todo.mapper.ToDoMapper.countAll    : ==>  Preparing: SELECT COUNT(*) FROM todo WHERE status = ?
2025-11-25T16:50:58.871+08:00 DEBUG 25476 --- [todo] [pool-1-thread-1] c.t.d.todo.mapper.ToDoMapper.countAll    : ==> Parameters: 10(String)
2025-11-25T16:50:58.872+08:00 DEBUG 25476 --- [todo] [pool-1-thread-1] c.t.d.todo.mapper.ToDoMapper.countAll    : <==      Total: 1
2025-11-25T16:51:08.868+08:00 DEBUG 25476 --- [todo] [pool-1-thread-1] c.t.d.todo.mapper.ToDoMapper.countAll    : ==>  Preparing: SELECT COUNT(*) FROM todo WHERE status = ?
2025-11-25T16:51:08.869+08:00 DEBUG 25476 --- [todo] [pool-1-thread-1] c.t.d.todo.mapper.ToDoMapper.countAll    : ==> Parameters: 10(String)
2025-11-25T16:51:08.870+08:00 DEBUG 25476 --- [todo] [pool-1-thread-1] c.t.d.todo.mapper.ToDoMapper.countAll    : <==      Total: 1
2025-11-25T16:51:18.872+08:00 DEBUG 25476 --- [todo] [pool-1-thread-1] c.t.d.todo.mapper.ToDoMapper.countAll    : ==>  Preparing: SELECT COUNT(*) FROM todo WHERE status = ?
2025-11-25T16:51:18.874+08:00 DEBUG 25476 --- [todo] [pool-1-thread-1] c.t.d.todo.mapper.ToDoMapper.countAll    : ==> Parameters: 10(String)
2025-11-25T16:51:18.877+08:00 DEBUG 25476 --- [todo] [pool-1-thread-1] c.t.d.todo.mapper.ToDoMapper.countAll    : <==      Total: 1
2025-11-25T16:51:28.867+08:00 DEBUG 25476 --- [todo] [pool-1-thread-2] c.t.d.todo.mapper.ToDoMapper.countAll    : ==>  Preparing: SELECT COUNT(*) FROM todo WHERE status = ?
2025-11-25T16:51:28.868+08:00 DEBUG 25476 --- [todo] [pool-1-thread-2] c.t.d.todo.mapper.ToDoMapper.countAll    : ==> Parameters: 10(String)
2025-11-25T16:51:28.869+08:00 DEBUG 25476 --- [todo] [pool-1-thread-2] c.t.d.todo.mapper.ToDoMapper.countAll    : <==      Total: 1
2025-11-25T16:51:28.870+08:00 DEBUG 25476 --- [todo] [pool-1-thread-3] c.t.demo.todo.mapper.ToDoMapper.query    : ==>  Preparing: SELECT td.id,td.title,td.status,td.message_level as messageLevel , td.tag,td.description,td.message,td.create_time as createTime, td.expire_time as expireTime,td.complete_time as completeTime, td.update_time as updateTime,ta.code AS tagCode FROM todo AS td INNER JOIN tag AS ta ON td.tag = ta.code WHERE status = ? ORDER BY create_time DESC
2025-11-25T16:51:28.870+08:00 DEBUG 25476 --- [todo] [pool-1-thread-3] c.t.demo.todo.mapper.ToDoMapper.query    : ==> Parameters: 10(String)
2025-11-25T16:51:28.882+08:00 DEBUG 25476 --- [todo] [pool-1-thread-3] c.t.demo.todo.mapper.ToDoMapper.query    : <==      Total: 1
2025-11-25T16:51:38.865+08:00 DEBUG 25476 --- [todo] [pool-1-thread-2] c.t.d.todo.mapper.ToDoMapper.countAll    : ==>  Preparing: SELECT COUNT(*) FROM todo WHERE status = ?
2025-11-25T16:51:38.865+08:00 DEBUG 25476 --- [todo] [pool-1-thread-2] c.t.d.todo.mapper.ToDoMapper.countAll    : ==> Parameters: 10(String)
2025-11-25T16:51:38.866+08:00 DEBUG 25476 --- [todo] [pool-1-thread-2] c.t.d.todo.mapper.ToDoMapper.countAll    : <==      Total: 1
2025-11-25T16:51:48.865+08:00 DEBUG 25476 --- [todo] [pool-1-thread-2] c.t.d.todo.mapper.ToDoMapper.countAll    : ==>  Preparing: SELECT COUNT(*) FROM todo WHERE status = ?
2025-11-25T16:51:48.865+08:00 DEBUG 25476 --- [todo] [pool-1-thread-2] c.t.d.todo.mapper.ToDoMapper.countAll    : ==> Parameters: 10(String)
2025-11-25T16:51:48.866+08:00 DEBUG 25476 --- [todo] [pool-1-thread-2] c.t.d.todo.mapper.ToDoMapper.countAll    : <==      Total: 1
2025-11-25T16:51:58.874+08:00 DEBUG 25476 --- [todo] [pool-1-thread-2] c.t.d.todo.mapper.ToDoMapper.countAll    : ==>  Preparing: SELECT COUNT(*) FROM todo WHERE status = ?
2025-11-25T16:51:58.874+08:00 DEBUG 25476 --- [todo] [pool-1-thread-2] c.t.d.todo.mapper.ToDoMapper.countAll    : ==> Parameters: 10(String)
2025-11-25T16:51:58.875+08:00 DEBUG 25476 --- [todo] [pool-1-thread-2] c.t.d.todo.mapper.ToDoMapper.countAll    : <==      Total: 1
2025-11-25T16:52:08.874+08:00 DEBUG 25476 --- [todo] [pool-1-thread-2] c.t.d.todo.mapper.ToDoMapper.countAll    : ==>  Preparing: SELECT COUNT(*) FROM todo WHERE status = ?
2025-11-25T16:52:08.874+08:00 DEBUG 25476 --- [todo] [pool-1-thread-2] c.t.d.todo.mapper.ToDoMapper.countAll    : ==> Parameters: 10(String)
2025-11-25T16:52:08.874+08:00 DEBUG 25476 --- [todo] [pool-1-thread-2] c.t.d.todo.mapper.ToDoMapper.countAll    : <==      Total: 1
2025-11-25T16:52:18.870+08:00 DEBUG 25476 --- [todo] [pool-1-thread-2] c.t.d.todo.mapper.ToDoMapper.countAll    : ==>  Preparing: SELECT COUNT(*) FROM todo WHERE status = ?
2025-11-25T16:52:18.870+08:00 DEBUG 25476 --- [todo] [pool-1-thread-2] c.t.d.todo.mapper.ToDoMapper.countAll    : ==> Parameters: 10(String)
2025-11-25T16:52:18.871+08:00 DEBUG 25476 --- [todo] [pool-1-thread-2] c.t.d.todo.mapper.ToDoMapper.countAll    : <==      Total: 1
2025-11-25T16:52:28.879+08:00 DEBUG 25476 --- [todo] [pool-1-thread-3] c.t.d.todo.mapper.ToDoMapper.countAll    : ==>  Preparing: SELECT COUNT(*) FROM todo WHERE status = ?
2025-11-25T16:52:28.879+08:00 DEBUG 25476 --- [todo] [pool-1-thread-1] c.t.demo.todo.mapper.ToDoMapper.query    : ==>  Preparing: SELECT td.id,td.title,td.status,td.message_level as messageLevel , td.tag,td.description,td.message,td.create_time as createTime, td.expire_time as expireTime,td.complete_time as completeTime, td.update_time as updateTime,ta.code AS tagCode FROM todo AS td INNER JOIN tag AS ta ON td.tag = ta.code WHERE status = ? ORDER BY create_time DESC
2025-11-25T16:52:28.879+08:00 DEBUG 25476 --- [todo] [pool-1-thread-1] c.t.demo.todo.mapper.ToDoMapper.query    : ==> Parameters: 10(String)
2025-11-25T16:52:28.879+08:00 DEBUG 25476 --- [todo] [pool-1-thread-3] c.t.d.todo.mapper.ToDoMapper.countAll    : ==> Parameters: 10(String)
2025-11-25T16:52:28.879+08:00 DEBUG 25476 --- [todo] [pool-1-thread-3] c.t.d.todo.mapper.ToDoMapper.countAll    : <==      Total: 1
2025-11-25T16:52:28.880+08:00 DEBUG 25476 --- [todo] [pool-1-thread-1] c.t.demo.todo.mapper.ToDoMapper.query    : <==      Total: 1
2025-11-25T16:52:38.870+08:00 DEBUG 25476 --- [todo] [pool-1-thread-3] c.t.d.todo.mapper.ToDoMapper.countAll    : ==>  Preparing: SELECT COUNT(*) FROM todo WHERE status = ?
2025-11-25T16:52:38.870+08:00 DEBUG 25476 --- [todo] [pool-1-thread-3] c.t.d.todo.mapper.ToDoMapper.countAll    : ==> Parameters: 10(String)
2025-11-25T16:52:38.871+08:00 DEBUG 25476 --- [todo] [pool-1-thread-3] c.t.d.todo.mapper.ToDoMapper.countAll    : <==      Total: 1
2025-11-25T16:52:48.866+08:00 DEBUG 25476 --- [todo] [pool-1-thread-3] c.t.d.todo.mapper.ToDoMapper.countAll    : ==>  Preparing: SELECT COUNT(*) FROM todo WHERE status = ?
2025-11-25T16:52:48.866+08:00 DEBUG 25476 --- [todo] [pool-1-thread-3] c.t.d.todo.mapper.ToDoMapper.countAll    : ==> Parameters: 10(String)
2025-11-25T16:52:48.866+08:00 DEBUG 25476 --- [todo] [pool-1-thread-3] c.t.d.todo.mapper.ToDoMapper.countAll    : <==      Total: 1
2025-11-25T16:52:58.867+08:00 DEBUG 25476 --- [todo] [pool-1-thread-3] c.t.d.todo.mapper.ToDoMapper.countAll    : ==>  Preparing: SELECT COUNT(*) FROM todo WHERE status = ?
2025-11-25T16:52:58.867+08:00 DEBUG 25476 --- [todo] [pool-1-thread-3] c.t.d.todo.mapper.ToDoMapper.countAll    : ==> Parameters: 10(String)
2025-11-25T16:52:58.868+08:00 DEBUG 25476 --- [todo] [pool-1-thread-3] c.t.d.todo.mapper.ToDoMapper.countAll    : <==      Total: 1
2025-11-25T16:53:08.868+08:00 DEBUG 25476 --- [todo] [pool-1-thread-3] c.t.d.todo.mapper.ToDoMapper.countAll    : ==>  Preparing: SELECT COUNT(*) FROM todo WHERE status = ?
2025-11-25T16:53:08.868+08:00 DEBUG 25476 --- [todo] [pool-1-thread-3] c.t.d.todo.mapper.ToDoMapper.countAll    : ==> Parameters: 10(String)
2025-11-25T16:53:08.869+08:00 DEBUG 25476 --- [todo] [pool-1-thread-3] c.t.d.todo.mapper.ToDoMapper.countAll    : <==      Total: 1
2025-11-25T16:53:18.862+08:00 DEBUG 25476 --- [todo] [pool-1-thread-3] c.t.d.todo.mapper.ToDoMapper.countAll    : ==>  Preparing: SELECT COUNT(*) FROM todo WHERE status = ?
2025-11-25T16:53:18.862+08:00 DEBUG 25476 --- [todo] [pool-1-thread-3] c.t.d.todo.mapper.ToDoMapper.countAll    : ==> Parameters: 10(String)
2025-11-25T16:53:18.866+08:00 DEBUG 25476 --- [todo] [pool-1-thread-3] c.t.d.todo.mapper.ToDoMapper.countAll    : <==      Total: 1
2025-11-25T16:53:28.868+08:00 DEBUG 25476 --- [todo] [pool-1-thread-1] c.t.d.todo.mapper.ToDoMapper.countAll    : ==>  Preparing: SELECT COUNT(*) FROM todo WHERE status = ?
2025-11-25T16:53:28.868+08:00 DEBUG 25476 --- [todo] [pool-1-thread-1] c.t.d.todo.mapper.ToDoMapper.countAll    : ==> Parameters: 10(String)
2025-11-25T16:53:28.869+08:00 DEBUG 25476 --- [todo] [pool-1-thread-1] c.t.d.todo.mapper.ToDoMapper.countAll    : <==      Total: 1
2025-11-25T16:53:28.869+08:00 DEBUG 25476 --- [todo] [pool-1-thread-2] c.t.demo.todo.mapper.ToDoMapper.query    : ==>  Preparing: SELECT td.id,td.title,td.status,td.message_level as messageLevel , td.tag,td.description,td.message,td.create_time as createTime, td.expire_time as expireTime,td.complete_time as completeTime, td.update_time as updateTime,ta.code AS tagCode FROM todo AS td INNER JOIN tag AS ta ON td.tag = ta.code WHERE status = ? ORDER BY create_time DESC
2025-11-25T16:53:28.869+08:00 DEBUG 25476 --- [todo] [pool-1-thread-2] c.t.demo.todo.mapper.ToDoMapper.query    : ==> Parameters: 10(String)
2025-11-25T16:53:28.870+08:00 DEBUG 25476 --- [todo] [pool-1-thread-2] c.t.demo.todo.mapper.ToDoMapper.query    : <==      Total: 1
2025-11-25T16:53:38.863+08:00 DEBUG 25476 --- [todo] [pool-1-thread-1] c.t.d.todo.mapper.ToDoMapper.countAll    : ==>  Preparing: SELECT COUNT(*) FROM todo WHERE status = ?
2025-11-25T16:53:38.864+08:00 DEBUG 25476 --- [todo] [pool-1-thread-1] c.t.d.todo.mapper.ToDoMapper.countAll    : ==> Parameters: 10(String)
2025-11-25T16:53:38.864+08:00 DEBUG 25476 --- [todo] [pool-1-thread-1] c.t.d.todo.mapper.ToDoMapper.countAll    : <==      Total: 1
2025-11-25T16:53:48.871+08:00 DEBUG 25476 --- [todo] [pool-1-thread-1] c.t.d.todo.mapper.ToDoMapper.countAll    : ==>  Preparing: SELECT COUNT(*) FROM todo WHERE status = ?
2025-11-25T16:53:48.871+08:00 DEBUG 25476 --- [todo] [pool-1-thread-1] c.t.d.todo.mapper.ToDoMapper.countAll    : ==> Parameters: 10(String)
2025-11-25T16:53:48.872+08:00 DEBUG 25476 --- [todo] [pool-1-thread-1] c.t.d.todo.mapper.ToDoMapper.countAll    : <==      Total: 1
2025-11-25T16:53:58.868+08:00 DEBUG 25476 --- [todo] [pool-1-thread-1] c.t.d.todo.mapper.ToDoMapper.countAll    : ==>  Preparing: SELECT COUNT(*) FROM todo WHERE status = ?
2025-11-25T16:53:58.868+08:00 DEBUG 25476 --- [todo] [pool-1-thread-1] c.t.d.todo.mapper.ToDoMapper.countAll    : ==> Parameters: 10(String)
2025-11-25T16:53:58.868+08:00 DEBUG 25476 --- [todo] [pool-1-thread-1] c.t.d.todo.mapper.ToDoMapper.countAll    : <==      Total: 1
2025-11-25T16:54:08.872+08:00 DEBUG 25476 --- [todo] [pool-1-thread-1] c.t.d.todo.mapper.ToDoMapper.countAll    : ==>  Preparing: SELECT COUNT(*) FROM todo WHERE status = ?
2025-11-25T16:54:08.872+08:00 DEBUG 25476 --- [todo] [pool-1-thread-1] c.t.d.todo.mapper.ToDoMapper.countAll    : ==> Parameters: 10(String)
2025-11-25T16:54:08.873+08:00 DEBUG 25476 --- [todo] [pool-1-thread-1] c.t.d.todo.mapper.ToDoMapper.countAll    : <==      Total: 1
2025-11-25T16:54:18.875+08:00 DEBUG 25476 --- [todo] [pool-1-thread-1] c.t.d.todo.mapper.ToDoMapper.countAll    : ==>  Preparing: SELECT COUNT(*) FROM todo WHERE status = ?
2025-11-25T16:54:18.875+08:00 DEBUG 25476 --- [todo] [pool-1-thread-1] c.t.d.todo.mapper.ToDoMapper.countAll    : ==> Parameters: 10(String)
2025-11-25T16:54:18.877+08:00 DEBUG 25476 --- [todo] [pool-1-thread-1] c.t.d.todo.mapper.ToDoMapper.countAll    : <==      Total: 1
2025-11-25T16:54:28.877+08:00 DEBUG 25476 --- [todo] [pool-1-thread-2] c.t.d.todo.mapper.ToDoMapper.countAll    : ==>  Preparing: SELECT COUNT(*) FROM todo WHERE status = ?
2025-11-25T16:54:28.877+08:00 DEBUG 25476 --- [todo] [pool-1-thread-3] c.t.demo.todo.mapper.ToDoMapper.query    : ==>  Preparing: SELECT td.id,td.title,td.status,td.message_level as messageLevel , td.tag,td.description,td.message,td.create_time as createTime, td.expire_time as expireTime,td.complete_time as completeTime, td.update_time as updateTime,ta.code AS tagCode FROM todo AS td INNER JOIN tag AS ta ON td.tag = ta.code WHERE status = ? ORDER BY create_time DESC
2025-11-25T16:54:28.877+08:00 DEBUG 25476 --- [todo] [pool-1-thread-2] c.t.d.todo.mapper.ToDoMapper.countAll    : ==> Parameters: 10(String)
2025-11-25T16:54:28.877+08:00 DEBUG 25476 --- [todo] [pool-1-thread-3] c.t.demo.todo.mapper.ToDoMapper.query    : ==> Parameters: 10(String)
2025-11-25T16:54:28.877+08:00 DEBUG 25476 --- [todo] [pool-1-thread-2] c.t.d.todo.mapper.ToDoMapper.countAll    : <==      Total: 1
2025-11-25T16:54:28.879+08:00 DEBUG 25476 --- [todo] [pool-1-thread-3] c.t.demo.todo.mapper.ToDoMapper.query    : <==      Total: 1
2025-11-25T16:54:38.872+08:00 DEBUG 25476 --- [todo] [pool-1-thread-2] c.t.d.todo.mapper.ToDoMapper.countAll    : ==>  Preparing: SELECT COUNT(*) FROM todo WHERE status = ?
2025-11-25T16:54:38.873+08:00 DEBUG 25476 --- [todo] [pool-1-thread-2] c.t.d.todo.mapper.ToDoMapper.countAll    : ==> Parameters: 10(String)
2025-11-25T16:54:38.874+08:00 DEBUG 25476 --- [todo] [pool-1-thread-2] c.t.d.todo.mapper.ToDoMapper.countAll    : <==      Total: 1
2025-11-25T16:54:48.875+08:00 DEBUG 25476 --- [todo] [pool-1-thread-2] c.t.d.todo.mapper.ToDoMapper.countAll    : ==>  Preparing: SELECT COUNT(*) FROM todo WHERE status = ?
2025-11-25T16:54:48.875+08:00 DEBUG 25476 --- [todo] [pool-1-thread-2] c.t.d.todo.mapper.ToDoMapper.countAll    : ==> Parameters: 10(String)
2025-11-25T16:54:48.876+08:00 DEBUG 25476 --- [todo] [pool-1-thread-2] c.t.d.todo.mapper.ToDoMapper.countAll    : <==      Total: 1
2025-11-25T16:54:58.875+08:00 DEBUG 25476 --- [todo] [pool-1-thread-2] c.t.d.todo.mapper.ToDoMapper.countAll    : ==>  Preparing: SELECT COUNT(*) FROM todo WHERE status = ?
2025-11-25T16:54:58.875+08:00 DEBUG 25476 --- [todo] [pool-1-thread-2] c.t.d.todo.mapper.ToDoMapper.countAll    : ==> Parameters: 10(String)
2025-11-25T16:54:58.876+08:00 DEBUG 25476 --- [todo] [pool-1-thread-2] c.t.d.todo.mapper.ToDoMapper.countAll    : <==      Total: 1
2025-11-25T16:55:08.878+08:00 DEBUG 25476 --- [todo] [pool-1-thread-2] c.t.d.todo.mapper.ToDoMapper.countAll    : ==>  Preparing: SELECT COUNT(*) FROM todo WHERE status = ?
2025-11-25T16:55:08.878+08:00 DEBUG 25476 --- [todo] [pool-1-thread-2] c.t.d.todo.mapper.ToDoMapper.countAll    : ==> Parameters: 10(String)
2025-11-25T16:55:08.879+08:00 DEBUG 25476 --- [todo] [pool-1-thread-2] c.t.d.todo.mapper.ToDoMapper.countAll    : <==      Total: 1
2025-11-25T16:55:18.867+08:00 DEBUG 25476 --- [todo] [pool-1-thread-2] c.t.d.todo.mapper.ToDoMapper.countAll    : ==>  Preparing: SELECT COUNT(*) FROM todo WHERE status = ?
2025-11-25T16:55:18.867+08:00 DEBUG 25476 --- [todo] [pool-1-thread-2] c.t.d.todo.mapper.ToDoMapper.countAll    : ==> Parameters: 10(String)
2025-11-25T16:55:18.867+08:00 DEBUG 25476 --- [todo] [pool-1-thread-2] c.t.d.todo.mapper.ToDoMapper.countAll    : <==      Total: 1
2025-11-25T16:55:28.862+08:00 DEBUG 25476 --- [todo] [pool-1-thread-1] c.t.demo.todo.mapper.ToDoMapper.query    : ==>  Preparing: SELECT td.id,td.title,td.status,td.message_level as messageLevel , td.tag,td.description,td.message,td.create_time as createTime, td.expire_time as expireTime,td.complete_time as completeTime, td.update_time as updateTime,ta.code AS tagCode FROM todo AS td INNER JOIN tag AS ta ON td.tag = ta.code WHERE status = ? ORDER BY create_time DESC
2025-11-25T16:55:28.862+08:00 DEBUG 25476 --- [todo] [pool-1-thread-3] c.t.d.todo.mapper.ToDoMapper.countAll    : ==>  Preparing: SELECT COUNT(*) FROM todo WHERE status = ?
2025-11-25T16:55:28.862+08:00 DEBUG 25476 --- [todo] [pool-1-thread-1] c.t.demo.todo.mapper.ToDoMapper.query    : ==> Parameters: 10(String)
2025-11-25T16:55:28.862+08:00 DEBUG 25476 --- [todo] [pool-1-thread-3] c.t.d.todo.mapper.ToDoMapper.countAll    : ==> Parameters: 10(String)
2025-11-25T16:55:28.863+08:00 DEBUG 25476 --- [todo] [pool-1-thread-3] c.t.d.todo.mapper.ToDoMapper.countAll    : <==      Total: 1
2025-11-25T16:55:28.863+08:00 DEBUG 25476 --- [todo] [pool-1-thread-1] c.t.demo.todo.mapper.ToDoMapper.query    : <==      Total: 1
2025-11-25T16:55:38.865+08:00 DEBUG 25476 --- [todo] [pool-1-thread-3] c.t.d.todo.mapper.ToDoMapper.countAll    : ==>  Preparing: SELECT COUNT(*) FROM todo WHERE status = ?
2025-11-25T16:55:38.865+08:00 DEBUG 25476 --- [todo] [pool-1-thread-3] c.t.d.todo.mapper.ToDoMapper.countAll    : ==> Parameters: 10(String)
2025-11-25T16:55:38.866+08:00 DEBUG 25476 --- [todo] [pool-1-thread-3] c.t.d.todo.mapper.ToDoMapper.countAll    : <==      Total: 1
2025-11-25T16:55:48.878+08:00 DEBUG 25476 --- [todo] [pool-1-thread-3] c.t.d.todo.mapper.ToDoMapper.countAll    : ==>  Preparing: SELECT COUNT(*) FROM todo WHERE status = ?
2025-11-25T16:55:48.879+08:00 DEBUG 25476 --- [todo] [pool-1-thread-3] c.t.d.todo.mapper.ToDoMapper.countAll    : ==> Parameters: 10(String)
2025-11-25T16:55:48.879+08:00 DEBUG 25476 --- [todo] [pool-1-thread-3] c.t.d.todo.mapper.ToDoMapper.countAll    : <==      Total: 1
2025-11-25T16:55:58.874+08:00 DEBUG 25476 --- [todo] [pool-1-thread-3] c.t.d.todo.mapper.ToDoMapper.countAll    : ==>  Preparing: SELECT COUNT(*) FROM todo WHERE status = ?
2025-11-25T16:55:58.874+08:00 DEBUG 25476 --- [todo] [pool-1-thread-3] c.t.d.todo.mapper.ToDoMapper.countAll    : ==> Parameters: 10(String)
2025-11-25T16:55:58.875+08:00 DEBUG 25476 --- [todo] [pool-1-thread-3] c.t.d.todo.mapper.ToDoMapper.countAll    : <==      Total: 1
2025-11-25T16:56:08.868+08:00 DEBUG 25476 --- [todo] [pool-1-thread-3] c.t.d.todo.mapper.ToDoMapper.countAll    : ==>  Preparing: SELECT COUNT(*) FROM todo WHERE status = ?
2025-11-25T16:56:08.868+08:00 DEBUG 25476 --- [todo] [pool-1-thread-3] c.t.d.todo.mapper.ToDoMapper.countAll    : ==> Parameters: 10(String)
2025-11-25T16:56:08.869+08:00 DEBUG 25476 --- [todo] [pool-1-thread-3] c.t.d.todo.mapper.ToDoMapper.countAll    : <==      Total: 1
2025-11-25T16:56:18.870+08:00 DEBUG 25476 --- [todo] [pool-1-thread-3] c.t.d.todo.mapper.ToDoMapper.countAll    : ==>  Preparing: SELECT COUNT(*) FROM todo WHERE status = ?
2025-11-25T16:56:18.870+08:00 DEBUG 25476 --- [todo] [pool-1-thread-3] c.t.d.todo.mapper.ToDoMapper.countAll    : ==> Parameters: 10(String)
2025-11-25T16:56:18.872+08:00 DEBUG 25476 --- [todo] [pool-1-thread-3] c.t.d.todo.mapper.ToDoMapper.countAll    : <==      Total: 1
2025-11-25T16:56:28.867+08:00 DEBUG 25476 --- [todo] [pool-1-thread-1] c.t.d.todo.mapper.ToDoMapper.countAll    : ==>  Preparing: SELECT COUNT(*) FROM todo WHERE status = ?
2025-11-25T16:56:28.867+08:00 DEBUG 25476 --- [todo] [pool-1-thread-2] c.t.demo.todo.mapper.ToDoMapper.query    : ==>  Preparing: SELECT td.id,td.title,td.status,td.message_level as messageLevel , td.tag,td.description,td.message,td.create_time as createTime, td.expire_time as expireTime,td.complete_time as completeTime, td.update_time as updateTime,ta.code AS tagCode FROM todo AS td INNER JOIN tag AS ta ON td.tag = ta.code WHERE status = ? ORDER BY create_time DESC
2025-11-25T16:56:28.867+08:00 DEBUG 25476 --- [todo] [pool-1-thread-1] c.t.d.todo.mapper.ToDoMapper.countAll    : ==> Parameters: 10(String)
2025-11-25T16:56:28.867+08:00 DEBUG 25476 --- [todo] [pool-1-thread-2] c.t.demo.todo.mapper.ToDoMapper.query    : ==> Parameters: 10(String)
2025-11-25T16:56:28.867+08:00 DEBUG 25476 --- [todo] [pool-1-thread-1] c.t.d.todo.mapper.ToDoMapper.countAll    : <==      Total: 1
2025-11-25T16:56:28.869+08:00 DEBUG 25476 --- [todo] [pool-1-thread-2] c.t.demo.todo.mapper.ToDoMapper.query    : <==      Total: 1
2025-11-25T16:56:38.872+08:00 DEBUG 25476 --- [todo] [pool-1-thread-1] c.t.d.todo.mapper.ToDoMapper.countAll    : ==>  Preparing: SELECT COUNT(*) FROM todo WHERE status = ?
2025-11-25T16:56:38.872+08:00 DEBUG 25476 --- [todo] [pool-1-thread-1] c.t.d.todo.mapper.ToDoMapper.countAll    : ==> Parameters: 10(String)
2025-11-25T16:56:38.873+08:00 DEBUG 25476 --- [todo] [pool-1-thread-1] c.t.d.todo.mapper.ToDoMapper.countAll    : <==      Total: 1
2025-11-25T16:56:48.870+08:00 DEBUG 25476 --- [todo] [pool-1-thread-1] c.t.d.todo.mapper.ToDoMapper.countAll    : ==>  Preparing: SELECT COUNT(*) FROM todo WHERE status = ?
2025-11-25T16:56:48.871+08:00 DEBUG 25476 --- [todo] [pool-1-thread-1] c.t.d.todo.mapper.ToDoMapper.countAll    : ==> Parameters: 10(String)
2025-11-25T16:56:48.871+08:00 DEBUG 25476 --- [todo] [pool-1-thread-1] c.t.d.todo.mapper.ToDoMapper.countAll    : <==      Total: 1
2025-11-25T16:56:58.866+08:00 DEBUG 25476 --- [todo] [pool-1-thread-1] c.t.d.todo.mapper.ToDoMapper.countAll    : ==>  Preparing: SELECT COUNT(*) FROM todo WHERE status = ?
2025-11-25T16:56:58.866+08:00 DEBUG 25476 --- [todo] [pool-1-thread-1] c.t.d.todo.mapper.ToDoMapper.countAll    : ==> Parameters: 10(String)
2025-11-25T16:56:58.866+08:00 DEBUG 25476 --- [todo] [pool-1-thread-1] c.t.d.todo.mapper.ToDoMapper.countAll    : <==      Total: 1
2025-11-25T16:57:08.872+08:00 DEBUG 25476 --- [todo] [pool-1-thread-1] c.t.d.todo.mapper.ToDoMapper.countAll    : ==>  Preparing: SELECT COUNT(*) FROM todo WHERE status = ?
2025-11-25T16:57:08.872+08:00 DEBUG 25476 --- [todo] [pool-1-thread-1] c.t.d.todo.mapper.ToDoMapper.countAll    : ==> Parameters: 10(String)
2025-11-25T16:57:08.872+08:00 DEBUG 25476 --- [todo] [pool-1-thread-1] c.t.d.todo.mapper.ToDoMapper.countAll    : <==      Total: 1
2025-11-25T16:57:18.868+08:00 DEBUG 25476 --- [todo] [pool-1-thread-1] c.t.d.todo.mapper.ToDoMapper.countAll    : ==>  Preparing: SELECT COUNT(*) FROM todo WHERE status = ?
2025-11-25T16:57:18.868+08:00 DEBUG 25476 --- [todo] [pool-1-thread-1] c.t.d.todo.mapper.ToDoMapper.countAll    : ==> Parameters: 10(String)
2025-11-25T16:57:18.868+08:00 DEBUG 25476 --- [todo] [pool-1-thread-1] c.t.d.todo.mapper.ToDoMapper.countAll    : <==      Total: 1
2025-11-25T16:57:28.873+08:00 DEBUG 25476 --- [todo] [pool-1-thread-3] c.t.demo.todo.mapper.ToDoMapper.query    : ==>  Preparing: SELECT td.id,td.title,td.status,td.message_level as messageLevel , td.tag,td.description,td.message,td.create_time as createTime, td.expire_time as expireTime,td.complete_time as completeTime, td.update_time as updateTime,ta.code AS tagCode FROM todo AS td INNER JOIN tag AS ta ON td.tag = ta.code WHERE status = ? ORDER BY create_time DESC
2025-11-25T16:57:28.873+08:00 DEBUG 25476 --- [todo] [pool-1-thread-2] c.t.d.todo.mapper.ToDoMapper.countAll    : ==>  Preparing: SELECT COUNT(*) FROM todo WHERE status = ?
2025-11-25T16:57:28.873+08:00 DEBUG 25476 --- [todo] [pool-1-thread-3] c.t.demo.todo.mapper.ToDoMapper.query    : ==> Parameters: 10(String)
2025-11-25T16:57:28.873+08:00 DEBUG 25476 --- [todo] [pool-1-thread-2] c.t.d.todo.mapper.ToDoMapper.countAll    : ==> Parameters: 10(String)
2025-11-25T16:57:28.873+08:00 DEBUG 25476 --- [todo] [pool-1-thread-2] c.t.d.todo.mapper.ToDoMapper.countAll    : <==      Total: 1
2025-11-25T16:57:28.882+08:00 DEBUG 25476 --- [todo] [pool-1-thread-3] c.t.demo.todo.mapper.ToDoMapper.query    : <==      Total: 1
2025-11-25T16:57:38.866+08:00 DEBUG 25476 --- [todo] [pool-1-thread-2] c.t.d.todo.mapper.ToDoMapper.countAll    : ==>  Preparing: SELECT COUNT(*) FROM todo WHERE status = ?
2025-11-25T16:57:38.866+08:00 DEBUG 25476 --- [todo] [pool-1-thread-2] c.t.d.todo.mapper.ToDoMapper.countAll    : ==> Parameters: 10(String)
2025-11-25T16:57:38.867+08:00 DEBUG 25476 --- [todo] [pool-1-thread-2] c.t.d.todo.mapper.ToDoMapper.countAll    : <==      Total: 1
2025-11-25T16:57:48.876+08:00 DEBUG 25476 --- [todo] [pool-1-thread-2] c.t.d.todo.mapper.ToDoMapper.countAll    : ==>  Preparing: SELECT COUNT(*) FROM todo WHERE status = ?
2025-11-25T16:57:48.876+08:00 DEBUG 25476 --- [todo] [pool-1-thread-2] c.t.d.todo.mapper.ToDoMapper.countAll    : ==> Parameters: 10(String)
2025-11-25T16:57:48.877+08:00 DEBUG 25476 --- [todo] [pool-1-thread-2] c.t.d.todo.mapper.ToDoMapper.countAll    : <==      Total: 1
2025-11-25T16:57:58.867+08:00 DEBUG 25476 --- [todo] [pool-1-thread-2] c.t.d.todo.mapper.ToDoMapper.countAll    : ==>  Preparing: SELECT COUNT(*) FROM todo WHERE status = ?
2025-11-25T16:57:58.867+08:00 DEBUG 25476 --- [todo] [pool-1-thread-2] c.t.d.todo.mapper.ToDoMapper.countAll    : ==> Parameters: 10(String)
2025-11-25T16:57:58.868+08:00 DEBUG 25476 --- [todo] [pool-1-thread-2] c.t.d.todo.mapper.ToDoMapper.countAll    : <==      Total: 1
2025-11-25T16:58:07.423+08:00  INFO 25476 --- [todo] [SpringApplicationShutdownHook] com.zaxxer.hikari.HikariDataSource       : HikariPool-1 - Shutdown initiated...
2025-11-25T16:58:07.432+08:00  INFO 25476 --- [todo] [SpringApplicationShutdownHook] com.zaxxer.hikari.HikariDataSource       : HikariPool-1 - Shutdown completed.
2025-11-25T16:58:11.541+08:00  INFO 37676 --- [todo] [restartedMain] com.todo.demo.TodoApplication            : Starting TodoApplication using Java 21.0.7 with PID 37676 (D:\java_practice\todo\target\classes started by snl19 in D:\java_practice)
2025-11-25T16:58:11.542+08:00 DEBUG 37676 --- [todo] [restartedMain] com.todo.demo.TodoApplication            : Running with Spring Boot v3.3.3, Spring v6.1.12
2025-11-25T16:58:11.543+08:00  INFO 37676 --- [todo] [restartedMain] com.todo.demo.TodoApplication            : No active profile set, falling back to 1 default profile: "default"
2025-11-25T16:58:11.589+08:00  INFO 37676 --- [todo] [restartedMain] .e.DevToolsPropertyDefaultsPostProcessor : Devtools property defaults active! Set 'spring.devtools.add-properties' to 'false' to disable
2025-11-25T16:58:11.589+08:00  INFO 37676 --- [todo] [restartedMain] .e.DevToolsPropertyDefaultsPostProcessor : For additional web related logging consider setting the 'logging.level.web' property to 'DEBUG'
2025-11-25T16:58:12.551+08:00  INFO 37676 --- [todo] [restartedMain] o.s.b.w.embedded.tomcat.TomcatWebServer  : Tomcat initialized with port 8065 (http)
2025-11-25T16:58:12.563+08:00  INFO 37676 --- [todo] [restartedMain] o.apache.catalina.core.StandardService   : Starting service [Tomcat]
2025-11-25T16:58:12.563+08:00  INFO 37676 --- [todo] [restartedMain] o.apache.catalina.core.StandardEngine    : Starting Servlet engine: [Apache Tomcat/10.1.28]
2025-11-25T16:58:12.605+08:00  INFO 37676 --- [todo] [restartedMain] o.a.c.c.C.[Tomcat].[localhost].[/]       : Initializing Spring embedded WebApplicationContext
2025-11-25T16:58:12.605+08:00  INFO 37676 --- [todo] [restartedMain] w.s.c.ServletWebServerApplicationContext : Root WebApplicationContext: initialization completed in 1016 ms
2025-11-25T16:58:12.867+08:00  INFO 37676 --- [todo] [restartedMain] com.zaxxer.hikari.HikariDataSource       : HikariPool-1 - Starting...
2025-11-25T16:58:12.976+08:00  INFO 37676 --- [todo] [restartedMain] com.zaxxer.hikari.pool.HikariPool        : HikariPool-1 - Added connection com.mysql.cj.jdbc.ConnectionImpl@3067bb24
2025-11-25T16:58:12.977+08:00  INFO 37676 --- [todo] [restartedMain] com.zaxxer.hikari.HikariDataSource       : HikariPool-1 - Start completed.
2025-11-25T16:58:13.046+08:00 DEBUG 37676 --- [todo] [pool-1-thread-1] c.t.d.todo.mapper.ToDoMapper.countAll    : ==>  Preparing: SELECT COUNT(*) FROM todo WHERE status = ?
2025-11-25T16:58:13.068+08:00 DEBUG 37676 --- [todo] [pool-1-thread-1] c.t.d.todo.mapper.ToDoMapper.countAll    : ==> Parameters: 10(String)
2025-11-25T16:58:13.091+08:00 DEBUG 37676 --- [todo] [pool-1-thread-1] c.t.d.todo.mapper.ToDoMapper.countAll    : <==      Total: 1
2025-11-25T16:58:13.286+08:00  INFO 37676 --- [todo] [restartedMain] o.s.b.d.a.OptionalLiveReloadServer       : LiveReload server is running on port 35729
2025-11-25T16:58:13.312+08:00  INFO 37676 --- [todo] [restartedMain] o.s.b.w.embedded.tomcat.TomcatWebServer  : Tomcat started on port 8065 (http) with context path '/'
2025-11-25T16:58:13.318+08:00  INFO 37676 --- [todo] [restartedMain] com.todo.demo.TodoApplication            : Started TodoApplication in 2.133 seconds (process running for 2.6)
2025-11-25T16:58:18.000+08:00 DEBUG 37676 --- [todo] [pool-1-thread-2] c.t.demo.todo.mapper.ToDoMapper.query    : ==>  Preparing: SELECT td.id,td.title,td.status,td.message_level as messageLevel , td.tag,td.description,td.message,td.create_time as createTime, td.expire_time as expireTime,td.complete_time as completeTime, td.update_time as updateTime,ta.code AS tagCode FROM todo AS td INNER JOIN tag AS ta ON td.tag = ta.code WHERE status = ? ORDER BY create_time DESC
2025-11-25T16:58:18.000+08:00 DEBUG 37676 --- [todo] [pool-1-thread-2] c.t.demo.todo.mapper.ToDoMapper.query    : ==> Parameters: 30(String)
2025-11-25T16:58:18.004+08:00 DEBUG 37676 --- [todo] [pool-1-thread-2] c.t.demo.todo.mapper.ToDoMapper.query    : <==      Total: 1
2025-11-25T16:58:18.004+08:00 DEBUG 37676 --- [todo] [pool-1-thread-2] c.t.demo.todo.mapper.ToDoMapper.delete   : ==>  Preparing: DELETE FROM todo WHERE id = ?
2025-11-25T16:58:18.006+08:00 DEBUG 37676 --- [todo] [pool-1-thread-2] c.t.demo.todo.mapper.ToDoMapper.delete   : ==> Parameters: 222(Long)
2025-11-25T16:58:18.015+08:00 DEBUG 37676 --- [todo] [pool-1-thread-2] c.t.demo.todo.mapper.ToDoMapper.delete   : <==    Updates: 1
2025-11-25T16:58:23.009+08:00 DEBUG 37676 --- [todo] [pool-1-thread-1] c.t.d.todo.mapper.ToDoMapper.countAll    : ==>  Preparing: SELECT COUNT(*) FROM todo WHERE status = ?
2025-11-25T16:58:23.009+08:00 DEBUG 37676 --- [todo] [pool-1-thread-3] c.t.demo.todo.mapper.ToDoMapper.query    : ==>  Preparing: SELECT td.id,td.title,td.status,td.message_level as messageLevel , td.tag,td.description,td.message,td.create_time as createTime, td.expire_time as expireTime,td.complete_time as completeTime, td.update_time as updateTime,ta.code AS tagCode FROM todo AS td INNER JOIN tag AS ta ON td.tag = ta.code WHERE status = ? ORDER BY create_time DESC
2025-11-25T16:58:23.010+08:00 DEBUG 37676 --- [todo] [pool-1-thread-1] c.t.d.todo.mapper.ToDoMapper.countAll    : ==> Parameters: 10(String)
2025-11-25T16:58:23.010+08:00 DEBUG 37676 --- [todo] [pool-1-thread-3] c.t.demo.todo.mapper.ToDoMapper.query    : ==> Parameters: 10(String)
2025-11-25T16:58:23.011+08:00 DEBUG 37676 --- [todo] [pool-1-thread-1] c.t.d.todo.mapper.ToDoMapper.countAll    : <==      Total: 1
2025-11-25T16:58:23.011+08:00 DEBUG 37676 --- [todo] [pool-1-thread-3] c.t.demo.todo.mapper.ToDoMapper.query    : <==      Total: 1
2025-11-25T16:58:33.003+08:00 DEBUG 37676 --- [todo] [pool-1-thread-1] c.t.d.todo.mapper.ToDoMapper.countAll    : ==>  Preparing: SELECT COUNT(*) FROM todo WHERE status = ?
2025-11-25T16:58:33.003+08:00 DEBUG 37676 --- [todo] [pool-1-thread-1] c.t.d.todo.mapper.ToDoMapper.countAll    : ==> Parameters: 10(String)
2025-11-25T16:58:33.004+08:00 DEBUG 37676 --- [todo] [pool-1-thread-1] c.t.d.todo.mapper.ToDoMapper.countAll    : <==      Total: 1
2025-11-25T16:58:43.006+08:00 DEBUG 37676 --- [todo] [pool-1-thread-1] c.t.d.todo.mapper.ToDoMapper.countAll    : ==>  Preparing: SELECT COUNT(*) FROM todo WHERE status = ?
2025-11-25T16:58:43.007+08:00 DEBUG 37676 --- [todo] [pool-1-thread-1] c.t.d.todo.mapper.ToDoMapper.countAll    : ==> Parameters: 10(String)
2025-11-25T16:58:43.007+08:00 DEBUG 37676 --- [todo] [pool-1-thread-1] c.t.d.todo.mapper.ToDoMapper.countAll    : <==      Total: 1
2025-11-25T16:58:47.148+08:00  INFO 37676 --- [todo] [SpringApplicationShutdownHook] com.zaxxer.hikari.HikariDataSource       : HikariPool-1 - Shutdown initiated...
2025-11-25T16:58:47.172+08:00  INFO 37676 --- [todo] [SpringApplicationShutdownHook] com.zaxxer.hikari.HikariDataSource       : HikariPool-1 - Shutdown completed.
