2025-10-25T16:52:29.986+08:00  INFO 96300 --- [micro-demo-order] [main] c.t.m.d.o.test.webMvcTest.SaveOrderTest  : Starting SaveOrderTest using Java 21.0.7 with PID 96300 (started by snl19 in I:\20250820\micro-demo-2507\micro-demo-order)
2025-10-25T16:52:29.987+08:00 DEBUG 96300 --- [micro-demo-order] [main] c.t.m.d.o.test.webMvcTest.SaveOrderTest  : Running with Spring Boot v3.3.3, Spring v6.1.12
2025-10-25T16:52:29.987+08:00  INFO 96300 --- [micro-demo-order] [main] c.t.m.d.o.test.webMvcTest.SaveOrderTest  : No active profile set, falling back to 1 default profile: "default"
2025-10-25T16:52:30.749+08:00  INFO 96300 --- [micro-demo-order] [main] o.s.cloud.context.scope.GenericScope     : BeanFactory id=f1c66558-b26f-3ac4-8b24-a8bf4ab3f18f
2025-10-25T16:52:30.885+08:00  WARN 96300 --- [micro-demo-order] [main] trationDelegate$BeanPostProcessorChecker : Bean 'org.springframework.cloud.client.loadbalancer.LoadBalancerAutoConfiguration$DeferringLoadBalancerInterceptorConfig' of type [org.springframework.cloud.client.loadbalancer.LoadBalancerAutoConfiguration$DeferringLoadBalancerInterceptorConfig] is not eligible for getting processed by all BeanPostProcessors (for example: not eligible for auto-proxying). The currently created BeanPostProcessor [lbRestClientPostProcessor] is declared through a non-static factory method on that class; consider declaring it as static instead.
2025-10-25T16:52:30.888+08:00  WARN 96300 --- [micro-demo-order] [main] trationDelegate$BeanPostProcessorChecker : Bean 'deferringLoadBalancerInterceptor' of type [org.springframework.cloud.client.loadbalancer.DeferringLoadBalancerInterceptor] is not eligible for getting processed by all BeanPostProcessors (for example: not eligible for auto-proxying). Is this bean getting eagerly injected into a currently created BeanPostProcessor [lbRestClientPostProcessor]? Check the corresponding BeanPostProcessor declaration and its dependencies.
2025-10-25T16:52:31.382+08:00  INFO 96300 --- [micro-demo-order] [main] o.s.c.openfeign.FeignClientFactoryBean   : For 'device-service' URL not provided. Will try picking an instance via load-balancing.
2025-10-25T16:52:43.229+08:00  INFO 96300 --- [micro-demo-order] [main] o.s.b.t.m.w.SpringBootMockServletContext : Initializing Spring TestDispatcherServlet ''
2025-10-25T16:52:43.232+08:00  INFO 96300 --- [micro-demo-order] [main] o.s.t.web.servlet.TestDispatcherServlet  : Initializing Servlet ''
2025-10-25T16:52:43.233+08:00  INFO 96300 --- [micro-demo-order] [main] o.s.t.web.servlet.TestDispatcherServlet  : Completed initialization in 1 ms
2025-10-25T16:52:43.275+08:00  WARN 96300 --- [micro-demo-order] [main] iguration$LoadBalancerCaffeineWarnLogger : Spring Cloud LoadBalancer is currently working with the default cache. While this cache implementation is useful for development and tests, it's recommended to use Caffeine cache in production.You can switch to using Caffeine cache, by adding it and org.springframework.cache.caffeine.CaffeineCacheManager to the classpath.
2025-10-25T16:52:43.296+08:00  INFO 96300 --- [micro-demo-order] [main] c.t.m.d.o.test.webMvcTest.SaveOrderTest  : Started SaveOrderTest in 13.638 seconds (process running for 14.575)
2025-10-25T16:52:44.254+08:00 DEBUG 96300 --- [micro-demo-order] [main] c.t.m.d.o.controller.OrderController     : 控制器入参：用户id=1,抢id=3
2025-10-25T16:52:44.255+08:00 DEBUG 96300 --- [micro-demo-order] [main] c.t.m.d.o.s.imp.OrderServiceImplement    : 业务层入参：用户id=1,墙编号：3
2025-10-25T16:52:44.310+08:00  INFO 96300 --- [micro-demo-order] [main] com.alibaba.nacos.client.naming          : initializer namespace from ans.namespace attribute : null
2025-10-25T16:52:44.310+08:00  INFO 96300 --- [micro-demo-order] [main] com.alibaba.nacos.client.naming          : initializer namespace from ALIBABA_ALIWARE_NAMESPACE attribute :null
2025-10-25T16:52:44.312+08:00  INFO 96300 --- [micro-demo-order] [main] com.alibaba.nacos.client.naming          : initializer namespace from namespace attribute :null
2025-10-25T16:52:44.314+08:00  INFO 96300 --- [micro-demo-order] [Thread-4] c.a.n.c.a.r.identify.CredentialWatcher   : null No credential found
2025-10-25T16:52:44.321+08:00  INFO 96300 --- [micro-demo-order] [main] com.alibaba.nacos.client.naming          : FailoverDataSource type is class com.alibaba.nacos.client.naming.backups.datasource.DiskFailoverDataSource
2025-10-25T16:52:44.331+08:00  INFO 96300 --- [micro-demo-order] [main] c.alibaba.nacos.client.utils.ParamUtil   : [settings] [req-serv] nacos-server port:8848
2025-10-25T16:52:44.331+08:00  INFO 96300 --- [micro-demo-order] [main] c.alibaba.nacos.client.utils.ParamUtil   : [settings] [http-client] connect timeout:1000
2025-10-25T16:52:44.332+08:00  INFO 96300 --- [micro-demo-order] [main] c.alibaba.nacos.client.utils.ParamUtil   : PER_TASK_CONFIG_SIZE: 3000.0
2025-10-25T16:52:44.335+08:00  INFO 96300 --- [micro-demo-order] [main] c.a.n.p.a.s.c.ClientAuthPluginManager    : [ClientAuthPluginManager] Load ClientAuthService com.alibaba.nacos.client.auth.impl.NacosClientAuthServiceImpl success.
2025-10-25T16:52:44.335+08:00  INFO 96300 --- [micro-demo-order] [main] c.a.n.p.a.s.c.ClientAuthPluginManager    : [ClientAuthPluginManager] Load ClientAuthService com.alibaba.nacos.client.auth.ram.RamClientAuthServiceImpl success.
2025-10-25T16:52:44.341+08:00  INFO 96300 --- [micro-demo-order] [main] com.alibaba.nacos.common.remote.client   : [RpcClientFactory] create a new rpc client of 5f7c4616-a470-4136-8402-98a2f4db87eb
2025-10-25T16:52:44.353+08:00  INFO 96300 --- [micro-demo-order] [main] com.alibaba.nacos.client.naming          : Create naming rpc client for uuid->5f7c4616-a470-4136-8402-98a2f4db87eb
2025-10-25T16:52:44.353+08:00  INFO 96300 --- [micro-demo-order] [main] com.alibaba.nacos.common.remote.client   : [5f7c4616-a470-4136-8402-98a2f4db87eb] RpcClient init, ServerListFactory = com.alibaba.nacos.client.naming.core.ServerListManager
2025-10-25T16:52:44.353+08:00  INFO 96300 --- [micro-demo-order] [main] com.alibaba.nacos.common.remote.client   : [5f7c4616-a470-4136-8402-98a2f4db87eb] Registry connection listener to current client:com.alibaba.nacos.client.naming.remote.gprc.redo.NamingGrpcRedoService
2025-10-25T16:52:44.353+08:00  INFO 96300 --- [micro-demo-order] [main] com.alibaba.nacos.common.remote.client   : [5f7c4616-a470-4136-8402-98a2f4db87eb] Register server push request handler:com.alibaba.nacos.client.naming.remote.gprc.NamingPushRequestHandler
2025-10-25T16:52:44.355+08:00  INFO 96300 --- [micro-demo-order] [main] com.alibaba.nacos.common.remote.client   : [5f7c4616-a470-4136-8402-98a2f4db87eb] Try to connect to server on start up, server: {serverIp = 'localhost', server main port = 8848}
2025-10-25T16:52:44.377+08:00  INFO 96300 --- [micro-demo-order] [main] c.a.n.c.remote.client.grpc.GrpcClient    : grpc client connection server:localhost ip,serverPort:9848,grpcTslConfig:{"sslProvider":"","enableTls":false,"mutualAuthEnable":false,"trustAll":false}
2025-10-25T16:52:44.772+08:00  INFO 96300 --- [micro-demo-order] [main] c.a.n.c.a.AbstractAbilityControlManager  : Ready to get current node abilities...
2025-10-25T16:52:44.773+08:00  INFO 96300 --- [micro-demo-order] [main] c.a.n.c.a.AbstractAbilityControlManager  : Ready to initialize current node abilities, support modes: [SDK_CLIENT]
2025-10-25T16:52:44.773+08:00  INFO 96300 --- [micro-demo-order] [main] c.a.n.c.a.AbstractAbilityControlManager  : Initialize current abilities finish...
2025-10-25T16:52:44.775+08:00  INFO 96300 --- [micro-demo-order] [main] c.a.n.c.a.d.NacosAbilityManagerHolder    : [AbilityControlManager] Successfully initialize AbilityControlManager
2025-10-25T16:52:44.882+08:00  INFO 96300 --- [micro-demo-order] [main] com.alibaba.nacos.common.remote.client   : [5f7c4616-a470-4136-8402-98a2f4db87eb] Success to connect to server [localhost:8848] on start up, connectionId = 1761382364716_127.0.0.1_54389
2025-10-25T16:52:44.882+08:00  INFO 96300 --- [micro-demo-order] [com.alibaba.nacos.client.remote.worker.0] com.alibaba.nacos.common.remote.client   : [5f7c4616-a470-4136-8402-98a2f4db87eb] Notify connected event to listeners.
2025-10-25T16:52:44.882+08:00  INFO 96300 --- [micro-demo-order] [com.alibaba.nacos.client.remote.worker.0] com.alibaba.nacos.client.naming          : Grpc connection connect
2025-10-25T16:52:44.882+08:00  INFO 96300 --- [micro-demo-order] [main] com.alibaba.nacos.common.remote.client   : [5f7c4616-a470-4136-8402-98a2f4db87eb] Register server push request handler:com.alibaba.nacos.common.remote.client.RpcClient$ConnectResetRequestHandler
2025-10-25T16:52:44.882+08:00  INFO 96300 --- [micro-demo-order] [main] com.alibaba.nacos.common.remote.client   : [5f7c4616-a470-4136-8402-98a2f4db87eb] Register server push request handler:com.alibaba.nacos.common.remote.client.RpcClient$$Lambda/0x00000248b986f868
2025-10-25T16:52:44.883+08:00  INFO 96300 --- [micro-demo-order] [main] com.alibaba.nacos.client.naming          : [SUBSCRIBE-SERVICE] service:device-service, group:DEFAULT_GROUP, clusters: 
2025-10-25T16:52:44.883+08:00  INFO 96300 --- [micro-demo-order] [main] com.alibaba.nacos.client.naming          : [GRPC-SUBSCRIBE] service:device-service, group:DEFAULT_GROUP, cluster: 
2025-10-25T16:52:45.015+08:00  INFO 96300 --- [micro-demo-order] [main] com.alibaba.nacos.client.naming          : init new ips(3) service: DEFAULT_GROUP@@device-service -> [{"ip":"172.78.17.191","port":8000,"weight":1.0,"healthy":true,"enabled":true,"ephemeral":true,"clusterName":"DEFAULT","serviceName":"DEFAULT_GROUP@@device-service","metadata":{"preserved.register.source":"SPRING_CLOUD","IPv6":"[2409:8a45:74:25e0:b3f0:6ff2:39b9:1291]"},"ipDeleteTimeout":30000,"instanceHeartBeatInterval":5000,"instanceHeartBeatTimeOut":15000},{"ip":"172.78.17.191","port":8002,"weight":1.0,"healthy":true,"enabled":true,"ephemeral":true,"clusterName":"DEFAULT","serviceName":"DEFAULT_GROUP@@device-service","metadata":{"preserved.register.source":"SPRING_CLOUD","IPv6":"[2409:8a45:74:25e0:b3f0:6ff2:39b9:1291]"},"ipDeleteTimeout":30000,"instanceHeartBeatInterval":5000,"instanceHeartBeatTimeOut":15000},{"ip":"172.78.17.191","port":8001,"weight":1.0,"healthy":true,"enabled":true,"ephemeral":true,"clusterName":"DEFAULT","serviceName":"DEFAULT_GROUP@@device-service","metadata":{"preserved.register.source":"SPRING_CLOUD","IPv6":"[2409:8a45:74:25e0:b3f0:6ff2:39b9:1291]"},"ipDeleteTimeout":30000,"instanceHeartBeatInterval":5000,"instanceHeartBeatTimeOut":15000}]
2025-10-25T16:52:45.022+08:00  INFO 96300 --- [micro-demo-order] [main] com.alibaba.nacos.client.naming          : current ips:(3) service: DEFAULT_GROUP@@device-service -> [{"ip":"172.78.17.191","port":8000,"weight":1.0,"healthy":true,"enabled":true,"ephemeral":true,"clusterName":"DEFAULT","serviceName":"DEFAULT_GROUP@@device-service","metadata":{"preserved.register.source":"SPRING_CLOUD","IPv6":"[2409:8a45:74:25e0:b3f0:6ff2:39b9:1291]"},"ipDeleteTimeout":30000,"instanceHeartBeatInterval":5000,"instanceHeartBeatTimeOut":15000},{"ip":"172.78.17.191","port":8002,"weight":1.0,"healthy":true,"enabled":true,"ephemeral":true,"clusterName":"DEFAULT","serviceName":"DEFAULT_GROUP@@device-service","metadata":{"preserved.register.source":"SPRING_CLOUD","IPv6":"[2409:8a45:74:25e0:b3f0:6ff2:39b9:1291]"},"ipDeleteTimeout":30000,"instanceHeartBeatInterval":5000,"instanceHeartBeatTimeOut":15000},{"ip":"172.78.17.191","port":8001,"weight":1.0,"healthy":true,"enabled":true,"ephemeral":true,"clusterName":"DEFAULT","serviceName":"DEFAULT_GROUP@@device-service","metadata":{"preserved.register.source":"SPRING_CLOUD","IPv6":"[2409:8a45:74:25e0:b3f0:6ff2:39b9:1291]"},"ipDeleteTimeout":30000,"instanceHeartBeatInterval":5000,"instanceHeartBeatTimeOut":15000}]
2025-10-25T16:52:45.532+08:00 DEBUG 96300 --- [micro-demo-order] [main] c.t.m.d.o.s.imp.OrderServiceImplement    : 发生异常
2025-10-25T16:52:45.552+08:00  WARN 96300 --- [micro-demo-order] [Thread-8] c.a.n.common.http.HttpClientBeanHolder   : [HttpClientBeanHolder] Start destroying common HttpClient
2025-10-25T16:52:45.552+08:00  WARN 96300 --- [micro-demo-order] [Thread-6] c.a.nacos.common.notify.NotifyCenter     : [NotifyCenter] Start destroying Publisher
2025-10-25T16:52:45.552+08:00  WARN 96300 --- [micro-demo-order] [Thread-6] c.a.nacos.common.notify.NotifyCenter     : [NotifyCenter] Destruction of the end
2025-10-25T16:52:45.552+08:00  WARN 96300 --- [micro-demo-order] [Thread-8] c.a.n.common.http.HttpClientBeanHolder   : [HttpClientBeanHolder] Destruction of the end
2025-10-25T16:52:45.555+08:00  INFO 96300 --- [micro-demo-order] [SpringApplicationShutdownHook] com.alibaba.nacos.client.naming          : com.alibaba.nacos.client.naming.cache.ServiceInfoHolder do shutdown begin
2025-10-25T16:52:45.555+08:00  INFO 96300 --- [micro-demo-order] [SpringApplicationShutdownHook] com.alibaba.nacos.client.naming          : com.alibaba.nacos.client.naming.backups.FailoverReactor do shutdown begin
2025-10-25T16:52:45.555+08:00  INFO 96300 --- [micro-demo-order] [SpringApplicationShutdownHook] com.alibaba.nacos.client.naming          : com.alibaba.nacos.client.naming.backups.FailoverReactor do shutdown stop
2025-10-25T16:52:45.555+08:00  INFO 96300 --- [micro-demo-order] [SpringApplicationShutdownHook] com.alibaba.nacos.client.naming          : com.alibaba.nacos.client.naming.cache.ServiceInfoHolder do shutdown stop
2025-10-25T16:52:45.555+08:00  INFO 96300 --- [micro-demo-order] [SpringApplicationShutdownHook] com.alibaba.nacos.client.naming          : com.alibaba.nacos.client.naming.remote.NamingClientProxyDelegate do shutdown begin
2025-10-25T16:52:45.555+08:00  INFO 96300 --- [micro-demo-order] [SpringApplicationShutdownHook] com.alibaba.nacos.client.naming          : com.alibaba.nacos.client.naming.core.ServiceInfoUpdateService do shutdown begin
2025-10-25T16:52:45.555+08:00  INFO 96300 --- [micro-demo-order] [SpringApplicationShutdownHook] com.alibaba.nacos.client.naming          : com.alibaba.nacos.client.naming.core.ServiceInfoUpdateService do shutdown stop
2025-10-25T16:52:45.555+08:00  INFO 96300 --- [micro-demo-order] [SpringApplicationShutdownHook] com.alibaba.nacos.client.naming          : com.alibaba.nacos.client.naming.core.ServerListManager do shutdown begin
2025-10-25T16:52:45.555+08:00  WARN 96300 --- [micro-demo-order] [SpringApplicationShutdownHook] com.alibaba.nacos.client.naming          : [NamingHttpClientManager] Start destroying NacosRestTemplate
2025-10-25T16:52:45.555+08:00  WARN 96300 --- [micro-demo-order] [SpringApplicationShutdownHook] com.alibaba.nacos.client.naming          : [NamingHttpClientManager] Destruction of the end
2025-10-25T16:52:45.555+08:00  INFO 96300 --- [micro-demo-order] [SpringApplicationShutdownHook] com.alibaba.nacos.client.naming          : com.alibaba.nacos.client.naming.core.ServerListManager do shutdown stop
2025-10-25T16:52:45.555+08:00  INFO 96300 --- [micro-demo-order] [SpringApplicationShutdownHook] com.alibaba.nacos.client.naming          : com.alibaba.nacos.client.naming.remote.http.NamingHttpClientProxy do shutdown begin
2025-10-25T16:52:45.555+08:00  WARN 96300 --- [micro-demo-order] [SpringApplicationShutdownHook] com.alibaba.nacos.client.naming          : [NamingHttpClientManager] Start destroying NacosRestTemplate
2025-10-25T16:52:45.555+08:00  WARN 96300 --- [micro-demo-order] [SpringApplicationShutdownHook] com.alibaba.nacos.client.naming          : [NamingHttpClientManager] Destruction of the end
2025-10-25T16:52:45.555+08:00  INFO 96300 --- [micro-demo-order] [SpringApplicationShutdownHook] com.alibaba.nacos.client.naming          : com.alibaba.nacos.client.naming.remote.http.NamingHttpClientProxy do shutdown stop
2025-10-25T16:52:45.555+08:00  INFO 96300 --- [micro-demo-order] [SpringApplicationShutdownHook] com.alibaba.nacos.client.naming          : Shutdown naming grpc client proxy for  uuid->5f7c4616-a470-4136-8402-98a2f4db87eb
2025-10-25T16:52:45.556+08:00  INFO 96300 --- [micro-demo-order] [SpringApplicationShutdownHook] com.alibaba.nacos.client.naming          : Shutdown grpc redo service executor java.util.concurrent.ScheduledThreadPoolExecutor@77ebc9e6[Running, pool size = 1, active threads = 0, queued tasks = 1, completed tasks = 0]
2025-10-25T16:52:45.556+08:00  INFO 96300 --- [micro-demo-order] [SpringApplicationShutdownHook] com.alibaba.nacos.common.remote.client   : Shutdown rpc client, set status to shutdown
2025-10-25T16:52:45.556+08:00  INFO 96300 --- [micro-demo-order] [SpringApplicationShutdownHook] com.alibaba.nacos.common.remote.client   : Shutdown client event executor java.util.concurrent.ScheduledThreadPoolExecutor@402c9a60[Running, pool size = 2, active threads = 2, queued tasks = 0, completed tasks = 0]
2025-10-25T16:52:45.556+08:00  INFO 96300 --- [micro-demo-order] [SpringApplicationShutdownHook] com.alibaba.nacos.common.remote.client   : Close current connection 1761382364716_127.0.0.1_54389
2025-10-25T16:52:45.558+08:00  WARN 96300 --- [micro-demo-order] [nacos-grpc-client-executor-localhost-9] c.a.n.c.remote.client.grpc.GrpcClient    : [1761382364716_127.0.0.1_54389]Ignore error event,isRunning:false,isAbandon=false
2025-10-25T16:52:45.560+08:00  INFO 96300 --- [micro-demo-order] [SpringApplicationShutdownHook] c.a.n.c.remote.client.grpc.GrpcClient    : Shutdown grpc executor java.util.concurrent.ThreadPoolExecutor@7341baa3[Running, pool size = 10, active threads = 0, queued tasks = 0, completed tasks = 10]
2025-10-25T16:52:45.560+08:00  INFO 96300 --- [micro-demo-order] [SpringApplicationShutdownHook] com.alibaba.nacos.client.naming          : shutdown and remove naming rpc client  for uuid ->5f7c4616-a470-4136-8402-98a2f4db87eb
2025-10-25T16:52:45.560+08:00  INFO 96300 --- [micro-demo-order] [SpringApplicationShutdownHook] c.a.n.c.a.r.identify.CredentialWatcher   : [null] CredentialWatcher is stopped
2025-10-25T16:52:45.560+08:00  INFO 96300 --- [micro-demo-order] [SpringApplicationShutdownHook] c.a.n.c.a.r.identify.CredentialService   : [null] CredentialService is freed
2025-10-25T16:52:45.560+08:00  INFO 96300 --- [micro-demo-order] [SpringApplicationShutdownHook] com.alibaba.nacos.client.naming          : com.alibaba.nacos.client.naming.remote.NamingClientProxyDelegate do shutdown stop
2025-10-25T16:53:33.242+08:00  INFO 53180 --- [micro-demo-order] [main] c.t.m.d.o.test.webMvcTest.SaveOrderTest  : Starting SaveOrderTest using Java 21.0.7 with PID 53180 (started by snl19 in I:\20250820\micro-demo-2507\micro-demo-order)
2025-10-25T16:53:33.244+08:00 DEBUG 53180 --- [micro-demo-order] [main] c.t.m.d.o.test.webMvcTest.SaveOrderTest  : Running with Spring Boot v3.3.3, Spring v6.1.12
2025-10-25T16:53:33.244+08:00  INFO 53180 --- [micro-demo-order] [main] c.t.m.d.o.test.webMvcTest.SaveOrderTest  : No active profile set, falling back to 1 default profile: "default"
2025-10-25T16:53:33.953+08:00  INFO 53180 --- [micro-demo-order] [main] o.s.cloud.context.scope.GenericScope     : BeanFactory id=f1c66558-b26f-3ac4-8b24-a8bf4ab3f18f
2025-10-25T16:53:34.081+08:00  WARN 53180 --- [micro-demo-order] [main] trationDelegate$BeanPostProcessorChecker : Bean 'org.springframework.cloud.client.loadbalancer.LoadBalancerAutoConfiguration$DeferringLoadBalancerInterceptorConfig' of type [org.springframework.cloud.client.loadbalancer.LoadBalancerAutoConfiguration$DeferringLoadBalancerInterceptorConfig] is not eligible for getting processed by all BeanPostProcessors (for example: not eligible for auto-proxying). The currently created BeanPostProcessor [lbRestClientPostProcessor] is declared through a non-static factory method on that class; consider declaring it as static instead.
2025-10-25T16:53:34.083+08:00  WARN 53180 --- [micro-demo-order] [main] trationDelegate$BeanPostProcessorChecker : Bean 'deferringLoadBalancerInterceptor' of type [org.springframework.cloud.client.loadbalancer.DeferringLoadBalancerInterceptor] is not eligible for getting processed by all BeanPostProcessors (for example: not eligible for auto-proxying). Is this bean getting eagerly injected into a currently created BeanPostProcessor [lbRestClientPostProcessor]? Check the corresponding BeanPostProcessor declaration and its dependencies.
2025-10-25T16:53:34.576+08:00  INFO 53180 --- [micro-demo-order] [main] o.s.c.openfeign.FeignClientFactoryBean   : For 'device-service' URL not provided. Will try picking an instance via load-balancing.
2025-10-25T16:53:47.447+08:00  INFO 53180 --- [micro-demo-order] [main] o.s.b.t.m.w.SpringBootMockServletContext : Initializing Spring TestDispatcherServlet ''
2025-10-25T16:53:47.447+08:00  INFO 53180 --- [micro-demo-order] [main] o.s.t.web.servlet.TestDispatcherServlet  : Initializing Servlet ''
2025-10-25T16:53:47.447+08:00  INFO 53180 --- [micro-demo-order] [main] o.s.t.web.servlet.TestDispatcherServlet  : Completed initialization in 0 ms
2025-10-25T16:53:47.480+08:00  WARN 53180 --- [micro-demo-order] [main] iguration$LoadBalancerCaffeineWarnLogger : Spring Cloud LoadBalancer is currently working with the default cache. While this cache implementation is useful for development and tests, it's recommended to use Caffeine cache in production.You can switch to using Caffeine cache, by adding it and org.springframework.cache.caffeine.CaffeineCacheManager to the classpath.
2025-10-25T16:53:47.498+08:00  INFO 53180 --- [micro-demo-order] [main] c.t.m.d.o.test.webMvcTest.SaveOrderTest  : Started SaveOrderTest in 14.575 seconds (process running for 15.451)
2025-10-25T16:53:48.115+08:00 DEBUG 53180 --- [micro-demo-order] [main] c.t.m.d.o.controller.OrderController     : 控制器入参：用户id=1,抢id=2
2025-10-25T16:53:48.116+08:00 DEBUG 53180 --- [micro-demo-order] [main] c.t.m.d.o.s.imp.OrderServiceImplement    : 业务层入参：用户id=1,墙编号：2
2025-10-25T16:53:48.163+08:00  INFO 53180 --- [micro-demo-order] [main] com.alibaba.nacos.client.naming          : initializer namespace from ans.namespace attribute : null
2025-10-25T16:53:48.164+08:00  INFO 53180 --- [micro-demo-order] [main] com.alibaba.nacos.client.naming          : initializer namespace from ALIBABA_ALIWARE_NAMESPACE attribute :null
2025-10-25T16:53:48.166+08:00  INFO 53180 --- [micro-demo-order] [main] com.alibaba.nacos.client.naming          : initializer namespace from namespace attribute :null
2025-10-25T16:53:48.167+08:00  INFO 53180 --- [micro-demo-order] [Thread-4] c.a.n.c.a.r.identify.CredentialWatcher   : null No credential found
2025-10-25T16:53:48.175+08:00  INFO 53180 --- [micro-demo-order] [main] com.alibaba.nacos.client.naming          : FailoverDataSource type is class com.alibaba.nacos.client.naming.backups.datasource.DiskFailoverDataSource
2025-10-25T16:53:48.185+08:00  INFO 53180 --- [micro-demo-order] [main] c.alibaba.nacos.client.utils.ParamUtil   : [settings] [req-serv] nacos-server port:8848
2025-10-25T16:53:48.185+08:00  INFO 53180 --- [micro-demo-order] [main] c.alibaba.nacos.client.utils.ParamUtil   : [settings] [http-client] connect timeout:1000
2025-10-25T16:53:48.186+08:00  INFO 53180 --- [micro-demo-order] [main] c.alibaba.nacos.client.utils.ParamUtil   : PER_TASK_CONFIG_SIZE: 3000.0
2025-10-25T16:53:48.190+08:00  INFO 53180 --- [micro-demo-order] [main] c.a.n.p.a.s.c.ClientAuthPluginManager    : [ClientAuthPluginManager] Load ClientAuthService com.alibaba.nacos.client.auth.impl.NacosClientAuthServiceImpl success.
2025-10-25T16:53:48.190+08:00  INFO 53180 --- [micro-demo-order] [main] c.a.n.p.a.s.c.ClientAuthPluginManager    : [ClientAuthPluginManager] Load ClientAuthService com.alibaba.nacos.client.auth.ram.RamClientAuthServiceImpl success.
2025-10-25T16:53:48.196+08:00  INFO 53180 --- [micro-demo-order] [main] com.alibaba.nacos.common.remote.client   : [RpcClientFactory] create a new rpc client of 56c0ff0a-2dda-431f-b3c9-363ebb61c7cf
2025-10-25T16:53:48.209+08:00  INFO 53180 --- [micro-demo-order] [main] com.alibaba.nacos.client.naming          : Create naming rpc client for uuid->56c0ff0a-2dda-431f-b3c9-363ebb61c7cf
2025-10-25T16:53:48.209+08:00  INFO 53180 --- [micro-demo-order] [main] com.alibaba.nacos.common.remote.client   : [56c0ff0a-2dda-431f-b3c9-363ebb61c7cf] RpcClient init, ServerListFactory = com.alibaba.nacos.client.naming.core.ServerListManager
2025-10-25T16:53:48.211+08:00  INFO 53180 --- [micro-demo-order] [main] com.alibaba.nacos.common.remote.client   : [56c0ff0a-2dda-431f-b3c9-363ebb61c7cf] Registry connection listener to current client:com.alibaba.nacos.client.naming.remote.gprc.redo.NamingGrpcRedoService
2025-10-25T16:53:48.211+08:00  INFO 53180 --- [micro-demo-order] [main] com.alibaba.nacos.common.remote.client   : [56c0ff0a-2dda-431f-b3c9-363ebb61c7cf] Register server push request handler:com.alibaba.nacos.client.naming.remote.gprc.NamingPushRequestHandler
2025-10-25T16:53:48.213+08:00  INFO 53180 --- [micro-demo-order] [main] com.alibaba.nacos.common.remote.client   : [56c0ff0a-2dda-431f-b3c9-363ebb61c7cf] Try to connect to server on start up, server: {serverIp = 'localhost', server main port = 8848}
2025-10-25T16:53:48.240+08:00  INFO 53180 --- [micro-demo-order] [main] c.a.n.c.remote.client.grpc.GrpcClient    : grpc client connection server:localhost ip,serverPort:9848,grpcTslConfig:{"sslProvider":"","enableTls":false,"mutualAuthEnable":false,"trustAll":false}
2025-10-25T16:53:48.629+08:00  INFO 53180 --- [micro-demo-order] [main] c.a.n.c.a.AbstractAbilityControlManager  : Ready to get current node abilities...
2025-10-25T16:53:48.630+08:00  INFO 53180 --- [micro-demo-order] [main] c.a.n.c.a.AbstractAbilityControlManager  : Ready to initialize current node abilities, support modes: [SDK_CLIENT]
2025-10-25T16:53:48.631+08:00  INFO 53180 --- [micro-demo-order] [main] c.a.n.c.a.AbstractAbilityControlManager  : Initialize current abilities finish...
2025-10-25T16:53:48.631+08:00  INFO 53180 --- [micro-demo-order] [main] c.a.n.c.a.d.NacosAbilityManagerHolder    : [AbilityControlManager] Successfully initialize AbilityControlManager
2025-10-25T16:53:48.742+08:00  INFO 53180 --- [micro-demo-order] [main] com.alibaba.nacos.common.remote.client   : [56c0ff0a-2dda-431f-b3c9-363ebb61c7cf] Success to connect to server [localhost:8848] on start up, connectionId = 1761382428575_127.0.0.1_54440
2025-10-25T16:53:48.743+08:00  INFO 53180 --- [micro-demo-order] [com.alibaba.nacos.client.remote.worker.0] com.alibaba.nacos.common.remote.client   : [56c0ff0a-2dda-431f-b3c9-363ebb61c7cf] Notify connected event to listeners.
2025-10-25T16:53:48.743+08:00  INFO 53180 --- [micro-demo-order] [com.alibaba.nacos.client.remote.worker.0] com.alibaba.nacos.client.naming          : Grpc connection connect
2025-10-25T16:53:48.743+08:00  INFO 53180 --- [micro-demo-order] [main] com.alibaba.nacos.common.remote.client   : [56c0ff0a-2dda-431f-b3c9-363ebb61c7cf] Register server push request handler:com.alibaba.nacos.common.remote.client.RpcClient$ConnectResetRequestHandler
2025-10-25T16:53:48.743+08:00  INFO 53180 --- [micro-demo-order] [main] com.alibaba.nacos.common.remote.client   : [56c0ff0a-2dda-431f-b3c9-363ebb61c7cf] Register server push request handler:com.alibaba.nacos.common.remote.client.RpcClient$$Lambda/0x0000024d01871818
2025-10-25T16:53:48.744+08:00  INFO 53180 --- [micro-demo-order] [main] com.alibaba.nacos.client.naming          : [SUBSCRIBE-SERVICE] service:device-service, group:DEFAULT_GROUP, clusters: 
2025-10-25T16:53:48.744+08:00  INFO 53180 --- [micro-demo-order] [main] com.alibaba.nacos.client.naming          : [GRPC-SUBSCRIBE] service:device-service, group:DEFAULT_GROUP, cluster: 
2025-10-25T16:53:48.766+08:00  INFO 53180 --- [micro-demo-order] [main] com.alibaba.nacos.client.naming          : init new ips(3) service: DEFAULT_GROUP@@device-service -> [{"ip":"172.78.17.191","port":8000,"weight":1.0,"healthy":true,"enabled":true,"ephemeral":true,"clusterName":"DEFAULT","serviceName":"DEFAULT_GROUP@@device-service","metadata":{"preserved.register.source":"SPRING_CLOUD","IPv6":"[2409:8a45:74:25e0:b3f0:6ff2:39b9:1291]"},"instanceHeartBeatTimeOut":15000,"instanceHeartBeatInterval":5000,"ipDeleteTimeout":30000},{"ip":"172.78.17.191","port":8002,"weight":1.0,"healthy":true,"enabled":true,"ephemeral":true,"clusterName":"DEFAULT","serviceName":"DEFAULT_GROUP@@device-service","metadata":{"preserved.register.source":"SPRING_CLOUD","IPv6":"[2409:8a45:74:25e0:b3f0:6ff2:39b9:1291]"},"instanceHeartBeatTimeOut":15000,"instanceHeartBeatInterval":5000,"ipDeleteTimeout":30000},{"ip":"172.78.17.191","port":8001,"weight":1.0,"healthy":true,"enabled":true,"ephemeral":true,"clusterName":"DEFAULT","serviceName":"DEFAULT_GROUP@@device-service","metadata":{"preserved.register.source":"SPRING_CLOUD","IPv6":"[2409:8a45:74:25e0:b3f0:6ff2:39b9:1291]"},"instanceHeartBeatTimeOut":15000,"instanceHeartBeatInterval":5000,"ipDeleteTimeout":30000}]
2025-10-25T16:53:48.773+08:00  INFO 53180 --- [micro-demo-order] [main] com.alibaba.nacos.client.naming          : current ips:(3) service: DEFAULT_GROUP@@device-service -> [{"ip":"172.78.17.191","port":8000,"weight":1.0,"healthy":true,"enabled":true,"ephemeral":true,"clusterName":"DEFAULT","serviceName":"DEFAULT_GROUP@@device-service","metadata":{"preserved.register.source":"SPRING_CLOUD","IPv6":"[2409:8a45:74:25e0:b3f0:6ff2:39b9:1291]"},"instanceHeartBeatTimeOut":15000,"instanceHeartBeatInterval":5000,"ipDeleteTimeout":30000},{"ip":"172.78.17.191","port":8002,"weight":1.0,"healthy":true,"enabled":true,"ephemeral":true,"clusterName":"DEFAULT","serviceName":"DEFAULT_GROUP@@device-service","metadata":{"preserved.register.source":"SPRING_CLOUD","IPv6":"[2409:8a45:74:25e0:b3f0:6ff2:39b9:1291]"},"instanceHeartBeatTimeOut":15000,"instanceHeartBeatInterval":5000,"ipDeleteTimeout":30000},{"ip":"172.78.17.191","port":8001,"weight":1.0,"healthy":true,"enabled":true,"ephemeral":true,"clusterName":"DEFAULT","serviceName":"DEFAULT_GROUP@@device-service","metadata":{"preserved.register.source":"SPRING_CLOUD","IPv6":"[2409:8a45:74:25e0:b3f0:6ff2:39b9:1291]"},"instanceHeartBeatTimeOut":15000,"instanceHeartBeatInterval":5000,"ipDeleteTimeout":30000}]
2025-10-25T16:53:49.082+08:00 DEBUG 53180 --- [micro-demo-order] [main] c.t.m.d.o.d.r.i.OrderRepositoryImplement : 仓库层入参:OrderInfoPo(id=null, billId=0e2c1e46976246849616dab2237f963b, userId=1, gunId=2, createTime=2025-10-25T16:53:49.081944700, updateTime=2025-10-25T16:53:49.081944700)
2025-10-25T16:53:49.123+08:00  INFO 53180 --- [micro-demo-order] [main] com.zaxxer.hikari.HikariDataSource       : HikariPool-1 - Starting...
2025-10-25T16:53:49.222+08:00  INFO 53180 --- [micro-demo-order] [main] com.zaxxer.hikari.pool.HikariPool        : HikariPool-1 - Added connection com.mysql.cj.jdbc.ConnectionImpl@639bf405
2025-10-25T16:53:49.223+08:00  INFO 53180 --- [micro-demo-order] [main] com.zaxxer.hikari.HikariDataSource       : HikariPool-1 - Start completed.
2025-10-25T16:53:49.299+08:00  WARN 53180 --- [micro-demo-order] [Thread-6] c.a.nacos.common.notify.NotifyCenter     : [NotifyCenter] Start destroying Publisher
2025-10-25T16:53:49.299+08:00  WARN 53180 --- [micro-demo-order] [Thread-8] c.a.n.common.http.HttpClientBeanHolder   : [HttpClientBeanHolder] Start destroying common HttpClient
2025-10-25T16:53:49.299+08:00  WARN 53180 --- [micro-demo-order] [Thread-6] c.a.nacos.common.notify.NotifyCenter     : [NotifyCenter] Destruction of the end
2025-10-25T16:53:49.299+08:00  WARN 53180 --- [micro-demo-order] [Thread-8] c.a.n.common.http.HttpClientBeanHolder   : [HttpClientBeanHolder] Destruction of the end
2025-10-25T16:53:49.302+08:00  INFO 53180 --- [micro-demo-order] [SpringApplicationShutdownHook] com.alibaba.nacos.client.naming          : com.alibaba.nacos.client.naming.cache.ServiceInfoHolder do shutdown begin
2025-10-25T16:53:49.303+08:00  INFO 53180 --- [micro-demo-order] [SpringApplicationShutdownHook] com.alibaba.nacos.client.naming          : com.alibaba.nacos.client.naming.backups.FailoverReactor do shutdown begin
2025-10-25T16:53:49.303+08:00  INFO 53180 --- [micro-demo-order] [SpringApplicationShutdownHook] com.alibaba.nacos.client.naming          : com.alibaba.nacos.client.naming.backups.FailoverReactor do shutdown stop
2025-10-25T16:53:49.304+08:00  INFO 53180 --- [micro-demo-order] [SpringApplicationShutdownHook] com.alibaba.nacos.client.naming          : com.alibaba.nacos.client.naming.cache.ServiceInfoHolder do shutdown stop
2025-10-25T16:53:49.304+08:00  INFO 53180 --- [micro-demo-order] [SpringApplicationShutdownHook] com.alibaba.nacos.client.naming          : com.alibaba.nacos.client.naming.remote.NamingClientProxyDelegate do shutdown begin
2025-10-25T16:53:49.304+08:00  INFO 53180 --- [micro-demo-order] [SpringApplicationShutdownHook] com.alibaba.nacos.client.naming          : com.alibaba.nacos.client.naming.core.ServiceInfoUpdateService do shutdown begin
2025-10-25T16:53:49.304+08:00  INFO 53180 --- [micro-demo-order] [SpringApplicationShutdownHook] com.alibaba.nacos.client.naming          : com.alibaba.nacos.client.naming.core.ServiceInfoUpdateService do shutdown stop
2025-10-25T16:53:49.304+08:00  INFO 53180 --- [micro-demo-order] [SpringApplicationShutdownHook] com.alibaba.nacos.client.naming          : com.alibaba.nacos.client.naming.core.ServerListManager do shutdown begin
2025-10-25T16:53:49.304+08:00  WARN 53180 --- [micro-demo-order] [SpringApplicationShutdownHook] com.alibaba.nacos.client.naming          : [NamingHttpClientManager] Start destroying NacosRestTemplate
2025-10-25T16:53:49.304+08:00  WARN 53180 --- [micro-demo-order] [SpringApplicationShutdownHook] com.alibaba.nacos.client.naming          : [NamingHttpClientManager] Destruction of the end
2025-10-25T16:53:49.304+08:00  INFO 53180 --- [micro-demo-order] [SpringApplicationShutdownHook] com.alibaba.nacos.client.naming          : com.alibaba.nacos.client.naming.core.ServerListManager do shutdown stop
2025-10-25T16:53:49.304+08:00  INFO 53180 --- [micro-demo-order] [SpringApplicationShutdownHook] com.alibaba.nacos.client.naming          : com.alibaba.nacos.client.naming.remote.http.NamingHttpClientProxy do shutdown begin
2025-10-25T16:53:49.304+08:00  WARN 53180 --- [micro-demo-order] [SpringApplicationShutdownHook] com.alibaba.nacos.client.naming          : [NamingHttpClientManager] Start destroying NacosRestTemplate
2025-10-25T16:53:49.305+08:00  WARN 53180 --- [micro-demo-order] [SpringApplicationShutdownHook] com.alibaba.nacos.client.naming          : [NamingHttpClientManager] Destruction of the end
2025-10-25T16:53:49.305+08:00  INFO 53180 --- [micro-demo-order] [SpringApplicationShutdownHook] com.alibaba.nacos.client.naming          : com.alibaba.nacos.client.naming.remote.http.NamingHttpClientProxy do shutdown stop
2025-10-25T16:53:49.305+08:00  INFO 53180 --- [micro-demo-order] [SpringApplicationShutdownHook] com.alibaba.nacos.client.naming          : Shutdown naming grpc client proxy for  uuid->56c0ff0a-2dda-431f-b3c9-363ebb61c7cf
2025-10-25T16:53:49.305+08:00  INFO 53180 --- [micro-demo-order] [SpringApplicationShutdownHook] com.alibaba.nacos.client.naming          : Shutdown grpc redo service executor java.util.concurrent.ScheduledThreadPoolExecutor@7d43f1c9[Running, pool size = 1, active threads = 0, queued tasks = 1, completed tasks = 0]
2025-10-25T16:53:49.305+08:00  INFO 53180 --- [micro-demo-order] [SpringApplicationShutdownHook] com.alibaba.nacos.common.remote.client   : Shutdown rpc client, set status to shutdown
2025-10-25T16:53:49.305+08:00  INFO 53180 --- [micro-demo-order] [SpringApplicationShutdownHook] com.alibaba.nacos.common.remote.client   : Shutdown client event executor java.util.concurrent.ScheduledThreadPoolExecutor@45753c22[Running, pool size = 2, active threads = 2, queued tasks = 0, completed tasks = 0]
2025-10-25T16:53:49.305+08:00  INFO 53180 --- [micro-demo-order] [SpringApplicationShutdownHook] com.alibaba.nacos.common.remote.client   : Close current connection 1761382428575_127.0.0.1_54440
2025-10-25T16:53:49.307+08:00  INFO 53180 --- [micro-demo-order] [SpringApplicationShutdownHook] c.a.n.c.remote.client.grpc.GrpcClient    : Shutdown grpc executor java.util.concurrent.ThreadPoolExecutor@2ae4c424[Running, pool size = 8, active threads = 0, queued tasks = 0, completed tasks = 8]
2025-10-25T16:53:49.307+08:00  INFO 53180 --- [micro-demo-order] [SpringApplicationShutdownHook] com.alibaba.nacos.client.naming          : shutdown and remove naming rpc client  for uuid ->56c0ff0a-2dda-431f-b3c9-363ebb61c7cf
2025-10-25T16:53:49.308+08:00  INFO 53180 --- [micro-demo-order] [SpringApplicationShutdownHook] c.a.n.c.a.r.identify.CredentialWatcher   : [null] CredentialWatcher is stopped
2025-10-25T16:53:49.308+08:00  INFO 53180 --- [micro-demo-order] [SpringApplicationShutdownHook] c.a.n.c.a.r.identify.CredentialService   : [null] CredentialService is freed
2025-10-25T16:53:49.308+08:00  INFO 53180 --- [micro-demo-order] [SpringApplicationShutdownHook] com.alibaba.nacos.client.naming          : com.alibaba.nacos.client.naming.remote.NamingClientProxyDelegate do shutdown stop
2025-10-25T16:53:49.311+08:00  INFO 53180 --- [micro-demo-order] [SpringApplicationShutdownHook] com.zaxxer.hikari.HikariDataSource       : HikariPool-1 - Shutdown initiated...
2025-10-25T16:53:49.320+08:00  INFO 53180 --- [micro-demo-order] [SpringApplicationShutdownHook] com.zaxxer.hikari.HikariDataSource       : HikariPool-1 - Shutdown completed.
2025-10-25T16:57:02.015+08:00  INFO 107216 --- [micro-demo-order] [main] c.t.m.d.o.test.webMvcTest.SaveOrderTest  : Starting SaveOrderTest using Java 21.0.7 with PID 107216 (started by snl19 in I:\20250820\micro-demo-2507\micro-demo-order)
2025-10-25T16:57:02.015+08:00 DEBUG 107216 --- [micro-demo-order] [main] c.t.m.d.o.test.webMvcTest.SaveOrderTest  : Running with Spring Boot v3.3.3, Spring v6.1.12
2025-10-25T16:57:02.015+08:00  INFO 107216 --- [micro-demo-order] [main] c.t.m.d.o.test.webMvcTest.SaveOrderTest  : No active profile set, falling back to 1 default profile: "default"
2025-10-25T16:57:02.780+08:00  INFO 107216 --- [micro-demo-order] [main] o.s.cloud.context.scope.GenericScope     : BeanFactory id=f1c66558-b26f-3ac4-8b24-a8bf4ab3f18f
2025-10-25T16:57:02.903+08:00  WARN 107216 --- [micro-demo-order] [main] trationDelegate$BeanPostProcessorChecker : Bean 'org.springframework.cloud.client.loadbalancer.LoadBalancerAutoConfiguration$DeferringLoadBalancerInterceptorConfig' of type [org.springframework.cloud.client.loadbalancer.LoadBalancerAutoConfiguration$DeferringLoadBalancerInterceptorConfig] is not eligible for getting processed by all BeanPostProcessors (for example: not eligible for auto-proxying). The currently created BeanPostProcessor [lbRestClientPostProcessor] is declared through a non-static factory method on that class; consider declaring it as static instead.
2025-10-25T16:57:02.905+08:00  WARN 107216 --- [micro-demo-order] [main] trationDelegate$BeanPostProcessorChecker : Bean 'deferringLoadBalancerInterceptor' of type [org.springframework.cloud.client.loadbalancer.DeferringLoadBalancerInterceptor] is not eligible for getting processed by all BeanPostProcessors (for example: not eligible for auto-proxying). Is this bean getting eagerly injected into a currently created BeanPostProcessor [lbRestClientPostProcessor]? Check the corresponding BeanPostProcessor declaration and its dependencies.
2025-10-25T16:57:03.388+08:00  INFO 107216 --- [micro-demo-order] [main] o.s.c.openfeign.FeignClientFactoryBean   : For 'device-service' URL not provided. Will try picking an instance via load-balancing.
2025-10-25T16:57:16.300+08:00  INFO 107216 --- [micro-demo-order] [main] o.s.b.t.m.w.SpringBootMockServletContext : Initializing Spring TestDispatcherServlet ''
2025-10-25T16:57:16.301+08:00  INFO 107216 --- [micro-demo-order] [main] o.s.t.web.servlet.TestDispatcherServlet  : Initializing Servlet ''
2025-10-25T16:57:16.301+08:00  INFO 107216 --- [micro-demo-order] [main] o.s.t.web.servlet.TestDispatcherServlet  : Completed initialization in 0 ms
2025-10-25T16:57:16.344+08:00  WARN 107216 --- [micro-demo-order] [main] iguration$LoadBalancerCaffeineWarnLogger : Spring Cloud LoadBalancer is currently working with the default cache. While this cache implementation is useful for development and tests, it's recommended to use Caffeine cache in production.You can switch to using Caffeine cache, by adding it and org.springframework.cache.caffeine.CaffeineCacheManager to the classpath.
2025-10-25T16:57:16.370+08:00  INFO 107216 --- [micro-demo-order] [main] c.t.m.d.o.test.webMvcTest.SaveOrderTest  : Started SaveOrderTest in 14.667 seconds (process running for 15.581)
2025-10-25T16:57:17.010+08:00 DEBUG 107216 --- [micro-demo-order] [main] c.t.m.d.o.controller.OrderController     : 控制器入参：用户id=1,抢id=2
2025-10-25T16:57:17.011+08:00 DEBUG 107216 --- [micro-demo-order] [main] c.t.m.d.o.s.imp.OrderServiceImplement    : 业务层入参：用户id=1,墙编号：2
2025-10-25T16:57:17.058+08:00  INFO 107216 --- [micro-demo-order] [main] com.alibaba.nacos.client.naming          : initializer namespace from ans.namespace attribute : null
2025-10-25T16:57:17.059+08:00  INFO 107216 --- [micro-demo-order] [main] com.alibaba.nacos.client.naming          : initializer namespace from ALIBABA_ALIWARE_NAMESPACE attribute :null
2025-10-25T16:57:17.060+08:00  INFO 107216 --- [micro-demo-order] [main] com.alibaba.nacos.client.naming          : initializer namespace from namespace attribute :null
2025-10-25T16:57:17.062+08:00  INFO 107216 --- [micro-demo-order] [Thread-4] c.a.n.c.a.r.identify.CredentialWatcher   : null No credential found
2025-10-25T16:57:17.068+08:00  INFO 107216 --- [micro-demo-order] [main] com.alibaba.nacos.client.naming          : FailoverDataSource type is class com.alibaba.nacos.client.naming.backups.datasource.DiskFailoverDataSource
2025-10-25T16:57:17.076+08:00  INFO 107216 --- [micro-demo-order] [main] c.alibaba.nacos.client.utils.ParamUtil   : [settings] [req-serv] nacos-server port:8848
2025-10-25T16:57:17.076+08:00  INFO 107216 --- [micro-demo-order] [main] c.alibaba.nacos.client.utils.ParamUtil   : [settings] [http-client] connect timeout:1000
2025-10-25T16:57:17.077+08:00  INFO 107216 --- [micro-demo-order] [main] c.alibaba.nacos.client.utils.ParamUtil   : PER_TASK_CONFIG_SIZE: 3000.0
2025-10-25T16:57:17.079+08:00  INFO 107216 --- [micro-demo-order] [main] c.a.n.p.a.s.c.ClientAuthPluginManager    : [ClientAuthPluginManager] Load ClientAuthService com.alibaba.nacos.client.auth.impl.NacosClientAuthServiceImpl success.
2025-10-25T16:57:17.079+08:00  INFO 107216 --- [micro-demo-order] [main] c.a.n.p.a.s.c.ClientAuthPluginManager    : [ClientAuthPluginManager] Load ClientAuthService com.alibaba.nacos.client.auth.ram.RamClientAuthServiceImpl success.
2025-10-25T16:57:17.084+08:00  INFO 107216 --- [micro-demo-order] [main] com.alibaba.nacos.common.remote.client   : [RpcClientFactory] create a new rpc client of c25baef3-7990-42a7-a393-9c0da566f04d
2025-10-25T16:57:17.095+08:00  INFO 107216 --- [micro-demo-order] [main] com.alibaba.nacos.client.naming          : Create naming rpc client for uuid->c25baef3-7990-42a7-a393-9c0da566f04d
2025-10-25T16:57:17.096+08:00  INFO 107216 --- [micro-demo-order] [main] com.alibaba.nacos.common.remote.client   : [c25baef3-7990-42a7-a393-9c0da566f04d] RpcClient init, ServerListFactory = com.alibaba.nacos.client.naming.core.ServerListManager
2025-10-25T16:57:17.096+08:00  INFO 107216 --- [micro-demo-order] [main] com.alibaba.nacos.common.remote.client   : [c25baef3-7990-42a7-a393-9c0da566f04d] Registry connection listener to current client:com.alibaba.nacos.client.naming.remote.gprc.redo.NamingGrpcRedoService
2025-10-25T16:57:17.096+08:00  INFO 107216 --- [micro-demo-order] [main] com.alibaba.nacos.common.remote.client   : [c25baef3-7990-42a7-a393-9c0da566f04d] Register server push request handler:com.alibaba.nacos.client.naming.remote.gprc.NamingPushRequestHandler
2025-10-25T16:57:17.098+08:00  INFO 107216 --- [micro-demo-order] [main] com.alibaba.nacos.common.remote.client   : [c25baef3-7990-42a7-a393-9c0da566f04d] Try to connect to server on start up, server: {serverIp = 'localhost', server main port = 8848}
2025-10-25T16:57:17.119+08:00  INFO 107216 --- [micro-demo-order] [main] c.a.n.c.remote.client.grpc.GrpcClient    : grpc client connection server:localhost ip,serverPort:9848,grpcTslConfig:{"sslProvider":"","enableTls":false,"mutualAuthEnable":false,"trustAll":false}
2025-10-25T16:57:17.516+08:00  INFO 107216 --- [micro-demo-order] [main] c.a.n.c.a.AbstractAbilityControlManager  : Ready to get current node abilities...
2025-10-25T16:57:17.517+08:00  INFO 107216 --- [micro-demo-order] [main] c.a.n.c.a.AbstractAbilityControlManager  : Ready to initialize current node abilities, support modes: [SDK_CLIENT]
2025-10-25T16:57:17.517+08:00  INFO 107216 --- [micro-demo-order] [main] c.a.n.c.a.AbstractAbilityControlManager  : Initialize current abilities finish...
2025-10-25T16:57:17.518+08:00  INFO 107216 --- [micro-demo-order] [main] c.a.n.c.a.d.NacosAbilityManagerHolder    : [AbilityControlManager] Successfully initialize AbilityControlManager
2025-10-25T16:57:17.622+08:00  INFO 107216 --- [micro-demo-order] [main] com.alibaba.nacos.common.remote.client   : [c25baef3-7990-42a7-a393-9c0da566f04d] Success to connect to server [localhost:8848] on start up, connectionId = 1761382637459_127.0.0.1_50438
2025-10-25T16:57:17.622+08:00  INFO 107216 --- [micro-demo-order] [com.alibaba.nacos.client.remote.worker.0] com.alibaba.nacos.common.remote.client   : [c25baef3-7990-42a7-a393-9c0da566f04d] Notify connected event to listeners.
2025-10-25T16:57:17.622+08:00  INFO 107216 --- [micro-demo-order] [main] com.alibaba.nacos.common.remote.client   : [c25baef3-7990-42a7-a393-9c0da566f04d] Register server push request handler:com.alibaba.nacos.common.remote.client.RpcClient$ConnectResetRequestHandler
2025-10-25T16:57:17.622+08:00  INFO 107216 --- [micro-demo-order] [com.alibaba.nacos.client.remote.worker.0] com.alibaba.nacos.client.naming          : Grpc connection connect
2025-10-25T16:57:17.623+08:00  INFO 107216 --- [micro-demo-order] [main] com.alibaba.nacos.common.remote.client   : [c25baef3-7990-42a7-a393-9c0da566f04d] Register server push request handler:com.alibaba.nacos.common.remote.client.RpcClient$$Lambda/0x000001a1d0872718
2025-10-25T16:57:17.623+08:00  INFO 107216 --- [micro-demo-order] [main] com.alibaba.nacos.client.naming          : [SUBSCRIBE-SERVICE] service:device-service, group:DEFAULT_GROUP, clusters: 
2025-10-25T16:57:17.623+08:00  INFO 107216 --- [micro-demo-order] [main] com.alibaba.nacos.client.naming          : [GRPC-SUBSCRIBE] service:device-service, group:DEFAULT_GROUP, cluster: 
2025-10-25T16:57:17.642+08:00  INFO 107216 --- [micro-demo-order] [main] com.alibaba.nacos.client.naming          : init new ips(3) service: DEFAULT_GROUP@@device-service -> [{"ip":"172.78.17.191","port":8000,"weight":1.0,"healthy":true,"enabled":true,"ephemeral":true,"clusterName":"DEFAULT","serviceName":"DEFAULT_GROUP@@device-service","metadata":{"preserved.register.source":"SPRING_CLOUD","IPv6":"[2409:8a45:74:25e0:b3f0:6ff2:39b9:1291]"},"ipDeleteTimeout":30000,"instanceHeartBeatInterval":5000,"instanceHeartBeatTimeOut":15000},{"ip":"172.78.17.191","port":8002,"weight":1.0,"healthy":true,"enabled":true,"ephemeral":true,"clusterName":"DEFAULT","serviceName":"DEFAULT_GROUP@@device-service","metadata":{"preserved.register.source":"SPRING_CLOUD","IPv6":"[2409:8a45:74:25e0:b3f0:6ff2:39b9:1291]"},"ipDeleteTimeout":30000,"instanceHeartBeatInterval":5000,"instanceHeartBeatTimeOut":15000},{"ip":"172.78.17.191","port":8001,"weight":1.0,"healthy":true,"enabled":true,"ephemeral":true,"clusterName":"DEFAULT","serviceName":"DEFAULT_GROUP@@device-service","metadata":{"preserved.register.source":"SPRING_CLOUD","IPv6":"[2409:8a45:74:25e0:b3f0:6ff2:39b9:1291]"},"ipDeleteTimeout":30000,"instanceHeartBeatInterval":5000,"instanceHeartBeatTimeOut":15000}]
2025-10-25T16:57:17.648+08:00  INFO 107216 --- [micro-demo-order] [main] com.alibaba.nacos.client.naming          : current ips:(3) service: DEFAULT_GROUP@@device-service -> [{"ip":"172.78.17.191","port":8000,"weight":1.0,"healthy":true,"enabled":true,"ephemeral":true,"clusterName":"DEFAULT","serviceName":"DEFAULT_GROUP@@device-service","metadata":{"preserved.register.source":"SPRING_CLOUD","IPv6":"[2409:8a45:74:25e0:b3f0:6ff2:39b9:1291]"},"ipDeleteTimeout":30000,"instanceHeartBeatInterval":5000,"instanceHeartBeatTimeOut":15000},{"ip":"172.78.17.191","port":8002,"weight":1.0,"healthy":true,"enabled":true,"ephemeral":true,"clusterName":"DEFAULT","serviceName":"DEFAULT_GROUP@@device-service","metadata":{"preserved.register.source":"SPRING_CLOUD","IPv6":"[2409:8a45:74:25e0:b3f0:6ff2:39b9:1291]"},"ipDeleteTimeout":30000,"instanceHeartBeatInterval":5000,"instanceHeartBeatTimeOut":15000},{"ip":"172.78.17.191","port":8001,"weight":1.0,"healthy":true,"enabled":true,"ephemeral":true,"clusterName":"DEFAULT","serviceName":"DEFAULT_GROUP@@device-service","metadata":{"preserved.register.source":"SPRING_CLOUD","IPv6":"[2409:8a45:74:25e0:b3f0:6ff2:39b9:1291]"},"ipDeleteTimeout":30000,"instanceHeartBeatInterval":5000,"instanceHeartBeatTimeOut":15000}]
2025-10-25T16:57:17.678+08:00 DEBUG 107216 --- [micro-demo-order] [main] c.t.m.d.o.d.r.i.OrderRepositoryImplement : 仓库层入参:OrderInfoPo(id=null, billId=02ce07a0c9eb43599ffe2510556d2aa7, userId=1, gunId=2, createTime=2025-10-25T16:57:17.677829100, updateTime=2025-10-25T16:57:17.677829100)
2025-10-25T16:57:17.722+08:00  INFO 107216 --- [micro-demo-order] [main] com.zaxxer.hikari.HikariDataSource       : HikariPool-1 - Starting...
2025-10-25T16:57:17.845+08:00  INFO 107216 --- [micro-demo-order] [main] com.zaxxer.hikari.pool.HikariPool        : HikariPool-1 - Added connection com.mysql.cj.jdbc.ConnectionImpl@eda7dd3
2025-10-25T16:57:17.846+08:00  INFO 107216 --- [micro-demo-order] [main] com.zaxxer.hikari.HikariDataSource       : HikariPool-1 - Start completed.
2025-10-25T16:57:17.907+08:00  WARN 107216 --- [micro-demo-order] [Thread-6] c.a.nacos.common.notify.NotifyCenter     : [NotifyCenter] Start destroying Publisher
2025-10-25T16:57:17.907+08:00  WARN 107216 --- [micro-demo-order] [Thread-8] c.a.n.common.http.HttpClientBeanHolder   : [HttpClientBeanHolder] Start destroying common HttpClient
2025-10-25T16:57:17.907+08:00  WARN 107216 --- [micro-demo-order] [Thread-6] c.a.nacos.common.notify.NotifyCenter     : [NotifyCenter] Destruction of the end
2025-10-25T16:57:17.907+08:00  WARN 107216 --- [micro-demo-order] [Thread-8] c.a.n.common.http.HttpClientBeanHolder   : [HttpClientBeanHolder] Destruction of the end
2025-10-25T16:57:17.909+08:00  INFO 107216 --- [micro-demo-order] [SpringApplicationShutdownHook] com.alibaba.nacos.client.naming          : com.alibaba.nacos.client.naming.cache.ServiceInfoHolder do shutdown begin
2025-10-25T16:57:17.909+08:00  INFO 107216 --- [micro-demo-order] [SpringApplicationShutdownHook] com.alibaba.nacos.client.naming          : com.alibaba.nacos.client.naming.backups.FailoverReactor do shutdown begin
2025-10-25T16:57:17.909+08:00  INFO 107216 --- [micro-demo-order] [SpringApplicationShutdownHook] com.alibaba.nacos.client.naming          : com.alibaba.nacos.client.naming.backups.FailoverReactor do shutdown stop
2025-10-25T16:57:17.909+08:00  INFO 107216 --- [micro-demo-order] [SpringApplicationShutdownHook] com.alibaba.nacos.client.naming          : com.alibaba.nacos.client.naming.cache.ServiceInfoHolder do shutdown stop
2025-10-25T16:57:17.909+08:00  INFO 107216 --- [micro-demo-order] [SpringApplicationShutdownHook] com.alibaba.nacos.client.naming          : com.alibaba.nacos.client.naming.remote.NamingClientProxyDelegate do shutdown begin
2025-10-25T16:57:17.909+08:00  INFO 107216 --- [micro-demo-order] [SpringApplicationShutdownHook] com.alibaba.nacos.client.naming          : com.alibaba.nacos.client.naming.core.ServiceInfoUpdateService do shutdown begin
2025-10-25T16:57:17.909+08:00  INFO 107216 --- [micro-demo-order] [SpringApplicationShutdownHook] com.alibaba.nacos.client.naming          : com.alibaba.nacos.client.naming.core.ServiceInfoUpdateService do shutdown stop
2025-10-25T16:57:17.909+08:00  INFO 107216 --- [micro-demo-order] [SpringApplicationShutdownHook] com.alibaba.nacos.client.naming          : com.alibaba.nacos.client.naming.core.ServerListManager do shutdown begin
2025-10-25T16:57:17.909+08:00  WARN 107216 --- [micro-demo-order] [SpringApplicationShutdownHook] com.alibaba.nacos.client.naming          : [NamingHttpClientManager] Start destroying NacosRestTemplate
2025-10-25T16:57:17.909+08:00  WARN 107216 --- [micro-demo-order] [SpringApplicationShutdownHook] com.alibaba.nacos.client.naming          : [NamingHttpClientManager] Destruction of the end
2025-10-25T16:57:17.909+08:00  INFO 107216 --- [micro-demo-order] [SpringApplicationShutdownHook] com.alibaba.nacos.client.naming          : com.alibaba.nacos.client.naming.core.ServerListManager do shutdown stop
2025-10-25T16:57:17.909+08:00  INFO 107216 --- [micro-demo-order] [SpringApplicationShutdownHook] com.alibaba.nacos.client.naming          : com.alibaba.nacos.client.naming.remote.http.NamingHttpClientProxy do shutdown begin
2025-10-25T16:57:17.909+08:00  WARN 107216 --- [micro-demo-order] [SpringApplicationShutdownHook] com.alibaba.nacos.client.naming          : [NamingHttpClientManager] Start destroying NacosRestTemplate
2025-10-25T16:57:17.909+08:00  WARN 107216 --- [micro-demo-order] [SpringApplicationShutdownHook] com.alibaba.nacos.client.naming          : [NamingHttpClientManager] Destruction of the end
2025-10-25T16:57:17.909+08:00  INFO 107216 --- [micro-demo-order] [SpringApplicationShutdownHook] com.alibaba.nacos.client.naming          : com.alibaba.nacos.client.naming.remote.http.NamingHttpClientProxy do shutdown stop
2025-10-25T16:57:17.909+08:00  INFO 107216 --- [micro-demo-order] [SpringApplicationShutdownHook] com.alibaba.nacos.client.naming          : Shutdown naming grpc client proxy for  uuid->c25baef3-7990-42a7-a393-9c0da566f04d
2025-10-25T16:57:17.909+08:00  INFO 107216 --- [micro-demo-order] [SpringApplicationShutdownHook] com.alibaba.nacos.client.naming          : Shutdown grpc redo service executor java.util.concurrent.ScheduledThreadPoolExecutor@476a2819[Running, pool size = 1, active threads = 0, queued tasks = 1, completed tasks = 0]
2025-10-25T16:57:17.910+08:00  INFO 107216 --- [micro-demo-order] [SpringApplicationShutdownHook] com.alibaba.nacos.common.remote.client   : Shutdown rpc client, set status to shutdown
2025-10-25T16:57:17.910+08:00  INFO 107216 --- [micro-demo-order] [SpringApplicationShutdownHook] com.alibaba.nacos.common.remote.client   : Shutdown client event executor java.util.concurrent.ScheduledThreadPoolExecutor@e1fd2bf[Running, pool size = 2, active threads = 2, queued tasks = 0, completed tasks = 0]
2025-10-25T16:57:17.910+08:00  INFO 107216 --- [micro-demo-order] [SpringApplicationShutdownHook] com.alibaba.nacos.common.remote.client   : Close current connection 1761382637459_127.0.0.1_50438
2025-10-25T16:57:17.911+08:00  INFO 107216 --- [micro-demo-order] [nacos-grpc-client-executor-localhost-9] c.a.n.c.remote.client.grpc.GrpcClient    : [1761382637459_127.0.0.1_50438]Ignore complete event,isRunning:false,isAbandon=false
2025-10-25T16:57:17.911+08:00  INFO 107216 --- [micro-demo-order] [SpringApplicationShutdownHook] c.a.n.c.remote.client.grpc.GrpcClient    : Shutdown grpc executor java.util.concurrent.ThreadPoolExecutor@6978a32a[Running, pool size = 10, active threads = 0, queued tasks = 0, completed tasks = 10]
2025-10-25T16:57:17.912+08:00  INFO 107216 --- [micro-demo-order] [SpringApplicationShutdownHook] com.alibaba.nacos.client.naming          : shutdown and remove naming rpc client  for uuid ->c25baef3-7990-42a7-a393-9c0da566f04d
2025-10-25T16:57:17.912+08:00  INFO 107216 --- [micro-demo-order] [SpringApplicationShutdownHook] c.a.n.c.a.r.identify.CredentialWatcher   : [null] CredentialWatcher is stopped
2025-10-25T16:57:17.912+08:00  INFO 107216 --- [micro-demo-order] [SpringApplicationShutdownHook] c.a.n.c.a.r.identify.CredentialService   : [null] CredentialService is freed
2025-10-25T16:57:17.912+08:00  INFO 107216 --- [micro-demo-order] [SpringApplicationShutdownHook] com.alibaba.nacos.client.naming          : com.alibaba.nacos.client.naming.remote.NamingClientProxyDelegate do shutdown stop
2025-10-25T16:57:17.914+08:00  INFO 107216 --- [micro-demo-order] [SpringApplicationShutdownHook] com.zaxxer.hikari.HikariDataSource       : HikariPool-1 - Shutdown initiated...
2025-10-25T16:57:17.919+08:00  INFO 107216 --- [micro-demo-order] [SpringApplicationShutdownHook] com.zaxxer.hikari.HikariDataSource       : HikariPool-1 - Shutdown completed.
2025-10-25T16:57:22.549+08:00  INFO 104960 --- [micro-demo-order] [main] c.t.m.d.o.test.webMvcTest.SaveOrderTest  : Starting SaveOrderTest using Java 21.0.7 with PID 104960 (started by snl19 in I:\20250820\micro-demo-2507\micro-demo-order)
2025-10-25T16:57:22.549+08:00 DEBUG 104960 --- [micro-demo-order] [main] c.t.m.d.o.test.webMvcTest.SaveOrderTest  : Running with Spring Boot v3.3.3, Spring v6.1.12
2025-10-25T16:57:22.550+08:00  INFO 104960 --- [micro-demo-order] [main] c.t.m.d.o.test.webMvcTest.SaveOrderTest  : No active profile set, falling back to 1 default profile: "default"
2025-10-25T16:57:23.443+08:00  INFO 104960 --- [micro-demo-order] [main] o.s.cloud.context.scope.GenericScope     : BeanFactory id=f1c66558-b26f-3ac4-8b24-a8bf4ab3f18f
2025-10-25T16:57:23.600+08:00  WARN 104960 --- [micro-demo-order] [main] trationDelegate$BeanPostProcessorChecker : Bean 'org.springframework.cloud.client.loadbalancer.LoadBalancerAutoConfiguration$DeferringLoadBalancerInterceptorConfig' of type [org.springframework.cloud.client.loadbalancer.LoadBalancerAutoConfiguration$DeferringLoadBalancerInterceptorConfig] is not eligible for getting processed by all BeanPostProcessors (for example: not eligible for auto-proxying). The currently created BeanPostProcessor [lbRestClientPostProcessor] is declared through a non-static factory method on that class; consider declaring it as static instead.
2025-10-25T16:57:23.602+08:00  WARN 104960 --- [micro-demo-order] [main] trationDelegate$BeanPostProcessorChecker : Bean 'deferringLoadBalancerInterceptor' of type [org.springframework.cloud.client.loadbalancer.DeferringLoadBalancerInterceptor] is not eligible for getting processed by all BeanPostProcessors (for example: not eligible for auto-proxying). Is this bean getting eagerly injected into a currently created BeanPostProcessor [lbRestClientPostProcessor]? Check the corresponding BeanPostProcessor declaration and its dependencies.
2025-10-25T16:57:24.116+08:00  INFO 130080 --- [micro-demo-order] [main] c.t.m.d.o.test.webMvcTest.SaveOrderTest  : Starting SaveOrderTest using Java 21.0.7 with PID 130080 (started by snl19 in I:\20250820\micro-demo-2507\micro-demo-order)
2025-10-25T16:57:24.118+08:00 DEBUG 130080 --- [micro-demo-order] [main] c.t.m.d.o.test.webMvcTest.SaveOrderTest  : Running with Spring Boot v3.3.3, Spring v6.1.12
2025-10-25T16:57:24.120+08:00  INFO 130080 --- [micro-demo-order] [main] c.t.m.d.o.test.webMvcTest.SaveOrderTest  : No active profile set, falling back to 1 default profile: "default"
2025-10-25T16:57:24.473+08:00  INFO 104960 --- [micro-demo-order] [main] o.s.c.openfeign.FeignClientFactoryBean   : For 'device-service' URL not provided. Will try picking an instance via load-balancing.
2025-10-25T16:57:25.508+08:00  INFO 130080 --- [micro-demo-order] [main] o.s.cloud.context.scope.GenericScope     : BeanFactory id=f1c66558-b26f-3ac4-8b24-a8bf4ab3f18f
2025-10-25T16:57:25.707+08:00  WARN 130080 --- [micro-demo-order] [main] trationDelegate$BeanPostProcessorChecker : Bean 'org.springframework.cloud.client.loadbalancer.LoadBalancerAutoConfiguration$DeferringLoadBalancerInterceptorConfig' of type [org.springframework.cloud.client.loadbalancer.LoadBalancerAutoConfiguration$DeferringLoadBalancerInterceptorConfig] is not eligible for getting processed by all BeanPostProcessors (for example: not eligible for auto-proxying). The currently created BeanPostProcessor [lbRestClientPostProcessor] is declared through a non-static factory method on that class; consider declaring it as static instead.
2025-10-25T16:57:25.710+08:00  WARN 130080 --- [micro-demo-order] [main] trationDelegate$BeanPostProcessorChecker : Bean 'deferringLoadBalancerInterceptor' of type [org.springframework.cloud.client.loadbalancer.DeferringLoadBalancerInterceptor] is not eligible for getting processed by all BeanPostProcessors (for example: not eligible for auto-proxying). Is this bean getting eagerly injected into a currently created BeanPostProcessor [lbRestClientPostProcessor]? Check the corresponding BeanPostProcessor declaration and its dependencies.
2025-10-25T16:57:26.360+08:00  INFO 130080 --- [micro-demo-order] [main] o.s.c.openfeign.FeignClientFactoryBean   : For 'device-service' URL not provided. Will try picking an instance via load-balancing.
2025-10-25T16:57:26.675+08:00  INFO 37416 --- [micro-demo-order] [main] c.t.m.d.o.test.webMvcTest.SaveOrderTest  : Starting SaveOrderTest using Java 21.0.7 with PID 37416 (started by snl19 in I:\20250820\micro-demo-2507\micro-demo-order)
2025-10-25T16:57:26.676+08:00 DEBUG 37416 --- [micro-demo-order] [main] c.t.m.d.o.test.webMvcTest.SaveOrderTest  : Running with Spring Boot v3.3.3, Spring v6.1.12
2025-10-25T16:57:26.679+08:00  INFO 37416 --- [micro-demo-order] [main] c.t.m.d.o.test.webMvcTest.SaveOrderTest  : No active profile set, falling back to 1 default profile: "default"
2025-10-25T16:57:27.661+08:00  INFO 37416 --- [micro-demo-order] [main] o.s.cloud.context.scope.GenericScope     : BeanFactory id=f1c66558-b26f-3ac4-8b24-a8bf4ab3f18f
2025-10-25T16:57:27.798+08:00  WARN 37416 --- [micro-demo-order] [main] trationDelegate$BeanPostProcessorChecker : Bean 'org.springframework.cloud.client.loadbalancer.LoadBalancerAutoConfiguration$DeferringLoadBalancerInterceptorConfig' of type [org.springframework.cloud.client.loadbalancer.LoadBalancerAutoConfiguration$DeferringLoadBalancerInterceptorConfig] is not eligible for getting processed by all BeanPostProcessors (for example: not eligible for auto-proxying). The currently created BeanPostProcessor [lbRestClientPostProcessor] is declared through a non-static factory method on that class; consider declaring it as static instead.
2025-10-25T16:57:27.800+08:00  WARN 37416 --- [micro-demo-order] [main] trationDelegate$BeanPostProcessorChecker : Bean 'deferringLoadBalancerInterceptor' of type [org.springframework.cloud.client.loadbalancer.DeferringLoadBalancerInterceptor] is not eligible for getting processed by all BeanPostProcessors (for example: not eligible for auto-proxying). Is this bean getting eagerly injected into a currently created BeanPostProcessor [lbRestClientPostProcessor]? Check the corresponding BeanPostProcessor declaration and its dependencies.
2025-10-25T16:57:28.318+08:00  INFO 37416 --- [micro-demo-order] [main] o.s.c.openfeign.FeignClientFactoryBean   : For 'device-service' URL not provided. Will try picking an instance via load-balancing.
2025-10-25T16:57:37.871+08:00  INFO 130080 --- [micro-demo-order] [main] o.s.b.t.m.w.SpringBootMockServletContext : Initializing Spring TestDispatcherServlet ''
2025-10-25T16:57:37.873+08:00  INFO 130080 --- [micro-demo-order] [main] o.s.t.web.servlet.TestDispatcherServlet  : Initializing Servlet ''
2025-10-25T16:57:37.874+08:00  INFO 130080 --- [micro-demo-order] [main] o.s.t.web.servlet.TestDispatcherServlet  : Completed initialization in 1 ms
2025-10-25T16:57:37.880+08:00  INFO 104960 --- [micro-demo-order] [main] o.s.b.t.m.w.SpringBootMockServletContext : Initializing Spring TestDispatcherServlet ''
2025-10-25T16:57:37.880+08:00  INFO 104960 --- [micro-demo-order] [main] o.s.t.web.servlet.TestDispatcherServlet  : Initializing Servlet ''
2025-10-25T16:57:37.881+08:00  INFO 104960 --- [micro-demo-order] [main] o.s.t.web.servlet.TestDispatcherServlet  : Completed initialization in 1 ms
2025-10-25T16:57:37.920+08:00  WARN 130080 --- [micro-demo-order] [main] iguration$LoadBalancerCaffeineWarnLogger : Spring Cloud LoadBalancer is currently working with the default cache. While this cache implementation is useful for development and tests, it's recommended to use Caffeine cache in production.You can switch to using Caffeine cache, by adding it and org.springframework.cache.caffeine.CaffeineCacheManager to the classpath.
2025-10-25T16:57:37.929+08:00  WARN 104960 --- [micro-demo-order] [main] iguration$LoadBalancerCaffeineWarnLogger : Spring Cloud LoadBalancer is currently working with the default cache. While this cache implementation is useful for development and tests, it's recommended to use Caffeine cache in production.You can switch to using Caffeine cache, by adding it and org.springframework.cache.caffeine.CaffeineCacheManager to the classpath.
2025-10-25T16:57:37.951+08:00  INFO 130080 --- [micro-demo-order] [main] c.t.m.d.o.test.webMvcTest.SaveOrderTest  : Started SaveOrderTest in 14.307 seconds (process running for 15.419)
2025-10-25T16:57:37.976+08:00  INFO 104960 --- [micro-demo-order] [main] c.t.m.d.o.test.webMvcTest.SaveOrderTest  : Started SaveOrderTest in 15.793 seconds (process running for 16.651)
2025-10-25T16:57:38.013+08:00  INFO 37416 --- [micro-demo-order] [main] o.s.b.t.m.w.SpringBootMockServletContext : Initializing Spring TestDispatcherServlet ''
2025-10-25T16:57:38.015+08:00  INFO 37416 --- [micro-demo-order] [main] o.s.t.web.servlet.TestDispatcherServlet  : Initializing Servlet ''
2025-10-25T16:57:38.017+08:00  INFO 37416 --- [micro-demo-order] [main] o.s.t.web.servlet.TestDispatcherServlet  : Completed initialization in 2 ms
2025-10-25T16:57:38.096+08:00  WARN 37416 --- [micro-demo-order] [main] iguration$LoadBalancerCaffeineWarnLogger : Spring Cloud LoadBalancer is currently working with the default cache. While this cache implementation is useful for development and tests, it's recommended to use Caffeine cache in production.You can switch to using Caffeine cache, by adding it and org.springframework.cache.caffeine.CaffeineCacheManager to the classpath.
2025-10-25T16:57:38.138+08:00  INFO 37416 --- [micro-demo-order] [main] c.t.m.d.o.test.webMvcTest.SaveOrderTest  : Started SaveOrderTest in 12.007 seconds (process running for 13.508)
2025-10-25T16:57:38.938+08:00 DEBUG 104960 --- [micro-demo-order] [main] c.t.m.d.o.controller.OrderController     : 控制器入参：用户id=1,抢id=2
2025-10-25T16:57:38.940+08:00 DEBUG 104960 --- [micro-demo-order] [main] c.t.m.d.o.s.imp.OrderServiceImplement    : 业务层入参：用户id=1,墙编号：2
2025-10-25T16:57:38.976+08:00 DEBUG 130080 --- [micro-demo-order] [main] c.t.m.d.o.controller.OrderController     : 控制器入参：用户id=1,抢id=2
2025-10-25T16:57:38.979+08:00 DEBUG 130080 --- [micro-demo-order] [main] c.t.m.d.o.s.imp.OrderServiceImplement    : 业务层入参：用户id=1,墙编号：2
2025-10-25T16:57:39.054+08:00  INFO 104960 --- [micro-demo-order] [main] com.alibaba.nacos.client.naming          : initializer namespace from ans.namespace attribute : null
2025-10-25T16:57:39.054+08:00  INFO 104960 --- [micro-demo-order] [main] com.alibaba.nacos.client.naming          : initializer namespace from ALIBABA_ALIWARE_NAMESPACE attribute :null
2025-10-25T16:57:39.055+08:00  INFO 104960 --- [micro-demo-order] [main] com.alibaba.nacos.client.naming          : initializer namespace from namespace attribute :null
2025-10-25T16:57:39.058+08:00  INFO 104960 --- [micro-demo-order] [Thread-4] c.a.n.c.a.r.identify.CredentialWatcher   : null No credential found
2025-10-25T16:57:39.072+08:00  INFO 104960 --- [micro-demo-order] [main] com.alibaba.nacos.client.naming          : FailoverDataSource type is class com.alibaba.nacos.client.naming.backups.datasource.DiskFailoverDataSource
2025-10-25T16:57:39.073+08:00  INFO 130080 --- [micro-demo-order] [main] com.alibaba.nacos.client.naming          : initializer namespace from ans.namespace attribute : null
2025-10-25T16:57:39.074+08:00  INFO 130080 --- [micro-demo-order] [main] com.alibaba.nacos.client.naming          : initializer namespace from ALIBABA_ALIWARE_NAMESPACE attribute :null
2025-10-25T16:57:39.075+08:00  INFO 130080 --- [micro-demo-order] [main] com.alibaba.nacos.client.naming          : initializer namespace from namespace attribute :null
2025-10-25T16:57:39.078+08:00  INFO 130080 --- [micro-demo-order] [Thread-4] c.a.n.c.a.r.identify.CredentialWatcher   : null No credential found
2025-10-25T16:57:39.085+08:00  INFO 104960 --- [micro-demo-order] [main] c.alibaba.nacos.client.utils.ParamUtil   : [settings] [req-serv] nacos-server port:8848
2025-10-25T16:57:39.085+08:00  INFO 104960 --- [micro-demo-order] [main] c.alibaba.nacos.client.utils.ParamUtil   : [settings] [http-client] connect timeout:1000
2025-10-25T16:57:39.086+08:00  INFO 104960 --- [micro-demo-order] [main] c.alibaba.nacos.client.utils.ParamUtil   : PER_TASK_CONFIG_SIZE: 3000.0
2025-10-25T16:57:39.088+08:00  INFO 130080 --- [micro-demo-order] [main] com.alibaba.nacos.client.naming          : FailoverDataSource type is class com.alibaba.nacos.client.naming.backups.datasource.DiskFailoverDataSource
2025-10-25T16:57:39.090+08:00  INFO 104960 --- [micro-demo-order] [main] c.a.n.p.a.s.c.ClientAuthPluginManager    : [ClientAuthPluginManager] Load ClientAuthService com.alibaba.nacos.client.auth.impl.NacosClientAuthServiceImpl success.
2025-10-25T16:57:39.090+08:00  INFO 104960 --- [micro-demo-order] [main] c.a.n.p.a.s.c.ClientAuthPluginManager    : [ClientAuthPluginManager] Load ClientAuthService com.alibaba.nacos.client.auth.ram.RamClientAuthServiceImpl success.
2025-10-25T16:57:39.100+08:00  INFO 130080 --- [micro-demo-order] [main] c.alibaba.nacos.client.utils.ParamUtil   : [settings] [req-serv] nacos-server port:8848
2025-10-25T16:57:39.101+08:00  INFO 130080 --- [micro-demo-order] [main] c.alibaba.nacos.client.utils.ParamUtil   : [settings] [http-client] connect timeout:1000
2025-10-25T16:57:39.102+08:00  INFO 130080 --- [micro-demo-order] [main] c.alibaba.nacos.client.utils.ParamUtil   : PER_TASK_CONFIG_SIZE: 3000.0
2025-10-25T16:57:39.102+08:00  INFO 104960 --- [micro-demo-order] [main] com.alibaba.nacos.common.remote.client   : [RpcClientFactory] create a new rpc client of b34126fb-5a82-4b2b-b553-8572d97ef2b1
2025-10-25T16:57:39.106+08:00  INFO 130080 --- [micro-demo-order] [main] c.a.n.p.a.s.c.ClientAuthPluginManager    : [ClientAuthPluginManager] Load ClientAuthService com.alibaba.nacos.client.auth.impl.NacosClientAuthServiceImpl success.
2025-10-25T16:57:39.106+08:00  INFO 130080 --- [micro-demo-order] [main] c.a.n.p.a.s.c.ClientAuthPluginManager    : [ClientAuthPluginManager] Load ClientAuthService com.alibaba.nacos.client.auth.ram.RamClientAuthServiceImpl success.
2025-10-25T16:57:39.115+08:00  INFO 130080 --- [micro-demo-order] [main] com.alibaba.nacos.common.remote.client   : [RpcClientFactory] create a new rpc client of 7a2a605d-edf5-4d80-8b7b-2ec7bd6f84fe
2025-10-25T16:57:39.124+08:00  INFO 104960 --- [micro-demo-order] [main] com.alibaba.nacos.client.naming          : Create naming rpc client for uuid->b34126fb-5a82-4b2b-b553-8572d97ef2b1
2025-10-25T16:57:39.125+08:00  INFO 104960 --- [micro-demo-order] [main] com.alibaba.nacos.common.remote.client   : [b34126fb-5a82-4b2b-b553-8572d97ef2b1] RpcClient init, ServerListFactory = com.alibaba.nacos.client.naming.core.ServerListManager
2025-10-25T16:57:39.125+08:00  INFO 104960 --- [micro-demo-order] [main] com.alibaba.nacos.common.remote.client   : [b34126fb-5a82-4b2b-b553-8572d97ef2b1] Registry connection listener to current client:com.alibaba.nacos.client.naming.remote.gprc.redo.NamingGrpcRedoService
2025-10-25T16:57:39.125+08:00  INFO 104960 --- [micro-demo-order] [main] com.alibaba.nacos.common.remote.client   : [b34126fb-5a82-4b2b-b553-8572d97ef2b1] Register server push request handler:com.alibaba.nacos.client.naming.remote.gprc.NamingPushRequestHandler
2025-10-25T16:57:39.129+08:00  INFO 104960 --- [micro-demo-order] [main] com.alibaba.nacos.common.remote.client   : [b34126fb-5a82-4b2b-b553-8572d97ef2b1] Try to connect to server on start up, server: {serverIp = 'localhost', server main port = 8848}
2025-10-25T16:57:39.133+08:00  INFO 130080 --- [micro-demo-order] [main] com.alibaba.nacos.client.naming          : Create naming rpc client for uuid->7a2a605d-edf5-4d80-8b7b-2ec7bd6f84fe
2025-10-25T16:57:39.134+08:00  INFO 130080 --- [micro-demo-order] [main] com.alibaba.nacos.common.remote.client   : [7a2a605d-edf5-4d80-8b7b-2ec7bd6f84fe] RpcClient init, ServerListFactory = com.alibaba.nacos.client.naming.core.ServerListManager
2025-10-25T16:57:39.134+08:00  INFO 130080 --- [micro-demo-order] [main] com.alibaba.nacos.common.remote.client   : [7a2a605d-edf5-4d80-8b7b-2ec7bd6f84fe] Registry connection listener to current client:com.alibaba.nacos.client.naming.remote.gprc.redo.NamingGrpcRedoService
2025-10-25T16:57:39.134+08:00  INFO 130080 --- [micro-demo-order] [main] com.alibaba.nacos.common.remote.client   : [7a2a605d-edf5-4d80-8b7b-2ec7bd6f84fe] Register server push request handler:com.alibaba.nacos.client.naming.remote.gprc.NamingPushRequestHandler
2025-10-25T16:57:39.136+08:00  INFO 130080 --- [micro-demo-order] [main] com.alibaba.nacos.common.remote.client   : [7a2a605d-edf5-4d80-8b7b-2ec7bd6f84fe] Try to connect to server on start up, server: {serverIp = 'localhost', server main port = 8848}
2025-10-25T16:57:39.166+08:00  INFO 104960 --- [micro-demo-order] [main] c.a.n.c.remote.client.grpc.GrpcClient    : grpc client connection server:localhost ip,serverPort:9848,grpcTslConfig:{"sslProvider":"","enableTls":false,"mutualAuthEnable":false,"trustAll":false}
2025-10-25T16:57:39.169+08:00  INFO 130080 --- [micro-demo-order] [main] c.a.n.c.remote.client.grpc.GrpcClient    : grpc client connection server:localhost ip,serverPort:9848,grpcTslConfig:{"sslProvider":"","enableTls":false,"mutualAuthEnable":false,"trustAll":false}
2025-10-25T16:57:39.191+08:00 DEBUG 37416 --- [micro-demo-order] [main] c.t.m.d.o.controller.OrderController     : 控制器入参：用户id=1,抢id=2
2025-10-25T16:57:39.193+08:00 DEBUG 37416 --- [micro-demo-order] [main] c.t.m.d.o.s.imp.OrderServiceImplement    : 业务层入参：用户id=1,墙编号：2
2025-10-25T16:57:39.284+08:00  INFO 37416 --- [micro-demo-order] [main] com.alibaba.nacos.client.naming          : initializer namespace from ans.namespace attribute : null
2025-10-25T16:57:39.286+08:00  INFO 37416 --- [micro-demo-order] [main] com.alibaba.nacos.client.naming          : initializer namespace from ALIBABA_ALIWARE_NAMESPACE attribute :null
2025-10-25T16:57:39.287+08:00  INFO 37416 --- [micro-demo-order] [main] com.alibaba.nacos.client.naming          : initializer namespace from namespace attribute :null
2025-10-25T16:57:39.290+08:00  INFO 37416 --- [micro-demo-order] [Thread-4] c.a.n.c.a.r.identify.CredentialWatcher   : null No credential found
2025-10-25T16:57:39.299+08:00  INFO 37416 --- [micro-demo-order] [main] com.alibaba.nacos.client.naming          : FailoverDataSource type is class com.alibaba.nacos.client.naming.backups.datasource.DiskFailoverDataSource
2025-10-25T16:57:39.311+08:00  INFO 37416 --- [micro-demo-order] [main] c.alibaba.nacos.client.utils.ParamUtil   : [settings] [req-serv] nacos-server port:8848
2025-10-25T16:57:39.312+08:00  INFO 37416 --- [micro-demo-order] [main] c.alibaba.nacos.client.utils.ParamUtil   : [settings] [http-client] connect timeout:1000
2025-10-25T16:57:39.313+08:00  INFO 37416 --- [micro-demo-order] [main] c.alibaba.nacos.client.utils.ParamUtil   : PER_TASK_CONFIG_SIZE: 3000.0
2025-10-25T16:57:39.318+08:00  INFO 37416 --- [micro-demo-order] [main] c.a.n.p.a.s.c.ClientAuthPluginManager    : [ClientAuthPluginManager] Load ClientAuthService com.alibaba.nacos.client.auth.impl.NacosClientAuthServiceImpl success.
2025-10-25T16:57:39.318+08:00  INFO 37416 --- [micro-demo-order] [main] c.a.n.p.a.s.c.ClientAuthPluginManager    : [ClientAuthPluginManager] Load ClientAuthService com.alibaba.nacos.client.auth.ram.RamClientAuthServiceImpl success.
2025-10-25T16:57:39.327+08:00  INFO 37416 --- [micro-demo-order] [main] com.alibaba.nacos.common.remote.client   : [RpcClientFactory] create a new rpc client of c1821f35-c0a9-4e1f-916c-43af22894ed0
2025-10-25T16:57:39.343+08:00  INFO 37416 --- [micro-demo-order] [main] com.alibaba.nacos.client.naming          : Create naming rpc client for uuid->c1821f35-c0a9-4e1f-916c-43af22894ed0
2025-10-25T16:57:39.343+08:00  INFO 37416 --- [micro-demo-order] [main] com.alibaba.nacos.common.remote.client   : [c1821f35-c0a9-4e1f-916c-43af22894ed0] RpcClient init, ServerListFactory = com.alibaba.nacos.client.naming.core.ServerListManager
2025-10-25T16:57:39.344+08:00  INFO 37416 --- [micro-demo-order] [main] com.alibaba.nacos.common.remote.client   : [c1821f35-c0a9-4e1f-916c-43af22894ed0] Registry connection listener to current client:com.alibaba.nacos.client.naming.remote.gprc.redo.NamingGrpcRedoService
2025-10-25T16:57:39.344+08:00  INFO 37416 --- [micro-demo-order] [main] com.alibaba.nacos.common.remote.client   : [c1821f35-c0a9-4e1f-916c-43af22894ed0] Register server push request handler:com.alibaba.nacos.client.naming.remote.gprc.NamingPushRequestHandler
2025-10-25T16:57:39.346+08:00  INFO 37416 --- [micro-demo-order] [main] com.alibaba.nacos.common.remote.client   : [c1821f35-c0a9-4e1f-916c-43af22894ed0] Try to connect to server on start up, server: {serverIp = 'localhost', server main port = 8848}
2025-10-25T16:57:39.382+08:00  INFO 37416 --- [micro-demo-order] [main] c.a.n.c.remote.client.grpc.GrpcClient    : grpc client connection server:localhost ip,serverPort:9848,grpcTslConfig:{"sslProvider":"","enableTls":false,"mutualAuthEnable":false,"trustAll":false}
2025-10-25T16:57:39.747+08:00  INFO 104960 --- [micro-demo-order] [main] c.a.n.c.a.AbstractAbilityControlManager  : Ready to get current node abilities...
2025-10-25T16:57:39.748+08:00  INFO 104960 --- [micro-demo-order] [main] c.a.n.c.a.AbstractAbilityControlManager  : Ready to initialize current node abilities, support modes: [SDK_CLIENT]
2025-10-25T16:57:39.749+08:00  INFO 104960 --- [micro-demo-order] [main] c.a.n.c.a.AbstractAbilityControlManager  : Initialize current abilities finish...
2025-10-25T16:57:39.749+08:00  INFO 104960 --- [micro-demo-order] [main] c.a.n.c.a.d.NacosAbilityManagerHolder    : [AbilityControlManager] Successfully initialize AbilityControlManager
2025-10-25T16:57:39.780+08:00  INFO 130080 --- [micro-demo-order] [main] c.a.n.c.a.AbstractAbilityControlManager  : Ready to get current node abilities...
2025-10-25T16:57:39.781+08:00  INFO 130080 --- [micro-demo-order] [main] c.a.n.c.a.AbstractAbilityControlManager  : Ready to initialize current node abilities, support modes: [SDK_CLIENT]
2025-10-25T16:57:39.783+08:00  INFO 130080 --- [micro-demo-order] [main] c.a.n.c.a.AbstractAbilityControlManager  : Initialize current abilities finish...
2025-10-25T16:57:39.784+08:00  INFO 130080 --- [micro-demo-order] [main] c.a.n.c.a.d.NacosAbilityManagerHolder    : [AbilityControlManager] Successfully initialize AbilityControlManager
2025-10-25T16:57:39.861+08:00  INFO 104960 --- [micro-demo-order] [main] com.alibaba.nacos.common.remote.client   : [b34126fb-5a82-4b2b-b553-8572d97ef2b1] Success to connect to server [localhost:8848] on start up, connectionId = 1761382659665_127.0.0.1_52684
2025-10-25T16:57:39.861+08:00  INFO 104960 --- [micro-demo-order] [com.alibaba.nacos.client.remote.worker.0] com.alibaba.nacos.common.remote.client   : [b34126fb-5a82-4b2b-b553-8572d97ef2b1] Notify connected event to listeners.
2025-10-25T16:57:39.862+08:00  INFO 104960 --- [micro-demo-order] [com.alibaba.nacos.client.remote.worker.0] com.alibaba.nacos.client.naming          : Grpc connection connect
2025-10-25T16:57:39.862+08:00  INFO 104960 --- [micro-demo-order] [main] com.alibaba.nacos.common.remote.client   : [b34126fb-5a82-4b2b-b553-8572d97ef2b1] Register server push request handler:com.alibaba.nacos.common.remote.client.RpcClient$ConnectResetRequestHandler
2025-10-25T16:57:39.862+08:00  INFO 104960 --- [micro-demo-order] [main] com.alibaba.nacos.common.remote.client   : [b34126fb-5a82-4b2b-b553-8572d97ef2b1] Register server push request handler:com.alibaba.nacos.common.remote.client.RpcClient$$Lambda/0x000001db818b76d8
2025-10-25T16:57:39.863+08:00  INFO 104960 --- [micro-demo-order] [main] com.alibaba.nacos.client.naming          : [SUBSCRIBE-SERVICE] service:device-service, group:DEFAULT_GROUP, clusters: 
2025-10-25T16:57:39.863+08:00  INFO 104960 --- [micro-demo-order] [main] com.alibaba.nacos.client.naming          : [GRPC-SUBSCRIBE] service:device-service, group:DEFAULT_GROUP, cluster: 
2025-10-25T16:57:39.891+08:00  INFO 130080 --- [micro-demo-order] [main] com.alibaba.nacos.common.remote.client   : [7a2a605d-edf5-4d80-8b7b-2ec7bd6f84fe] Success to connect to server [localhost:8848] on start up, connectionId = 1761382659694_127.0.0.1_52685
2025-10-25T16:57:39.891+08:00  INFO 104960 --- [micro-demo-order] [main] com.alibaba.nacos.client.naming          : init new ips(3) service: DEFAULT_GROUP@@device-service -> [{"ip":"172.78.17.191","port":8000,"weight":1.0,"healthy":true,"enabled":true,"ephemeral":true,"clusterName":"DEFAULT","serviceName":"DEFAULT_GROUP@@device-service","metadata":{"preserved.register.source":"SPRING_CLOUD","IPv6":"[2409:8a45:74:25e0:b3f0:6ff2:39b9:1291]"},"ipDeleteTimeout":30000,"instanceHeartBeatTimeOut":15000,"instanceHeartBeatInterval":5000},{"ip":"172.78.17.191","port":8002,"weight":1.0,"healthy":true,"enabled":true,"ephemeral":true,"clusterName":"DEFAULT","serviceName":"DEFAULT_GROUP@@device-service","metadata":{"preserved.register.source":"SPRING_CLOUD","IPv6":"[2409:8a45:74:25e0:b3f0:6ff2:39b9:1291]"},"ipDeleteTimeout":30000,"instanceHeartBeatTimeOut":15000,"instanceHeartBeatInterval":5000},{"ip":"172.78.17.191","port":8001,"weight":1.0,"healthy":true,"enabled":true,"ephemeral":true,"clusterName":"DEFAULT","serviceName":"DEFAULT_GROUP@@device-service","metadata":{"preserved.register.source":"SPRING_CLOUD","IPv6":"[2409:8a45:74:25e0:b3f0:6ff2:39b9:1291]"},"ipDeleteTimeout":30000,"instanceHeartBeatTimeOut":15000,"instanceHeartBeatInterval":5000}]
2025-10-25T16:57:39.891+08:00  INFO 130080 --- [micro-demo-order] [com.alibaba.nacos.client.remote.worker.0] com.alibaba.nacos.common.remote.client   : [7a2a605d-edf5-4d80-8b7b-2ec7bd6f84fe] Notify connected event to listeners.
2025-10-25T16:57:39.891+08:00  INFO 130080 --- [micro-demo-order] [com.alibaba.nacos.client.remote.worker.0] com.alibaba.nacos.client.naming          : Grpc connection connect
2025-10-25T16:57:39.891+08:00  INFO 130080 --- [micro-demo-order] [main] com.alibaba.nacos.common.remote.client   : [7a2a605d-edf5-4d80-8b7b-2ec7bd6f84fe] Register server push request handler:com.alibaba.nacos.common.remote.client.RpcClient$ConnectResetRequestHandler
2025-10-25T16:57:39.892+08:00  INFO 130080 --- [micro-demo-order] [main] com.alibaba.nacos.common.remote.client   : [7a2a605d-edf5-4d80-8b7b-2ec7bd6f84fe] Register server push request handler:com.alibaba.nacos.common.remote.client.RpcClient$$Lambda/0x000001da018b1818
2025-10-25T16:57:39.894+08:00  INFO 130080 --- [micro-demo-order] [main] com.alibaba.nacos.client.naming          : [SUBSCRIBE-SERVICE] service:device-service, group:DEFAULT_GROUP, clusters: 
2025-10-25T16:57:39.894+08:00  INFO 130080 --- [micro-demo-order] [main] com.alibaba.nacos.client.naming          : [GRPC-SUBSCRIBE] service:device-service, group:DEFAULT_GROUP, cluster: 
2025-10-25T16:57:39.898+08:00  INFO 104960 --- [micro-demo-order] [main] com.alibaba.nacos.client.naming          : current ips:(3) service: DEFAULT_GROUP@@device-service -> [{"ip":"172.78.17.191","port":8000,"weight":1.0,"healthy":true,"enabled":true,"ephemeral":true,"clusterName":"DEFAULT","serviceName":"DEFAULT_GROUP@@device-service","metadata":{"preserved.register.source":"SPRING_CLOUD","IPv6":"[2409:8a45:74:25e0:b3f0:6ff2:39b9:1291]"},"ipDeleteTimeout":30000,"instanceHeartBeatTimeOut":15000,"instanceHeartBeatInterval":5000},{"ip":"172.78.17.191","port":8002,"weight":1.0,"healthy":true,"enabled":true,"ephemeral":true,"clusterName":"DEFAULT","serviceName":"DEFAULT_GROUP@@device-service","metadata":{"preserved.register.source":"SPRING_CLOUD","IPv6":"[2409:8a45:74:25e0:b3f0:6ff2:39b9:1291]"},"ipDeleteTimeout":30000,"instanceHeartBeatTimeOut":15000,"instanceHeartBeatInterval":5000},{"ip":"172.78.17.191","port":8001,"weight":1.0,"healthy":true,"enabled":true,"ephemeral":true,"clusterName":"DEFAULT","serviceName":"DEFAULT_GROUP@@device-service","metadata":{"preserved.register.source":"SPRING_CLOUD","IPv6":"[2409:8a45:74:25e0:b3f0:6ff2:39b9:1291]"},"ipDeleteTimeout":30000,"instanceHeartBeatTimeOut":15000,"instanceHeartBeatInterval":5000}]
2025-10-25T16:57:39.918+08:00  INFO 130080 --- [micro-demo-order] [main] com.alibaba.nacos.client.naming          : init new ips(3) service: DEFAULT_GROUP@@device-service -> [{"ip":"172.78.17.191","port":8000,"weight":1.0,"healthy":true,"enabled":true,"ephemeral":true,"clusterName":"DEFAULT","serviceName":"DEFAULT_GROUP@@device-service","metadata":{"preserved.register.source":"SPRING_CLOUD","IPv6":"[2409:8a45:74:25e0:b3f0:6ff2:39b9:1291]"},"instanceHeartBeatTimeOut":15000,"instanceHeartBeatInterval":5000,"ipDeleteTimeout":30000},{"ip":"172.78.17.191","port":8002,"weight":1.0,"healthy":true,"enabled":true,"ephemeral":true,"clusterName":"DEFAULT","serviceName":"DEFAULT_GROUP@@device-service","metadata":{"preserved.register.source":"SPRING_CLOUD","IPv6":"[2409:8a45:74:25e0:b3f0:6ff2:39b9:1291]"},"instanceHeartBeatTimeOut":15000,"instanceHeartBeatInterval":5000,"ipDeleteTimeout":30000},{"ip":"172.78.17.191","port":8001,"weight":1.0,"healthy":true,"enabled":true,"ephemeral":true,"clusterName":"DEFAULT","serviceName":"DEFAULT_GROUP@@device-service","metadata":{"preserved.register.source":"SPRING_CLOUD","IPv6":"[2409:8a45:74:25e0:b3f0:6ff2:39b9:1291]"},"instanceHeartBeatTimeOut":15000,"instanceHeartBeatInterval":5000,"ipDeleteTimeout":30000}]
2025-10-25T16:57:39.928+08:00  INFO 130080 --- [micro-demo-order] [main] com.alibaba.nacos.client.naming          : current ips:(3) service: DEFAULT_GROUP@@device-service -> [{"ip":"172.78.17.191","port":8000,"weight":1.0,"healthy":true,"enabled":true,"ephemeral":true,"clusterName":"DEFAULT","serviceName":"DEFAULT_GROUP@@device-service","metadata":{"preserved.register.source":"SPRING_CLOUD","IPv6":"[2409:8a45:74:25e0:b3f0:6ff2:39b9:1291]"},"instanceHeartBeatTimeOut":15000,"instanceHeartBeatInterval":5000,"ipDeleteTimeout":30000},{"ip":"172.78.17.191","port":8002,"weight":1.0,"healthy":true,"enabled":true,"ephemeral":true,"clusterName":"DEFAULT","serviceName":"DEFAULT_GROUP@@device-service","metadata":{"preserved.register.source":"SPRING_CLOUD","IPv6":"[2409:8a45:74:25e0:b3f0:6ff2:39b9:1291]"},"instanceHeartBeatTimeOut":15000,"instanceHeartBeatInterval":5000,"ipDeleteTimeout":30000},{"ip":"172.78.17.191","port":8001,"weight":1.0,"healthy":true,"enabled":true,"ephemeral":true,"clusterName":"DEFAULT","serviceName":"DEFAULT_GROUP@@device-service","metadata":{"preserved.register.source":"SPRING_CLOUD","IPv6":"[2409:8a45:74:25e0:b3f0:6ff2:39b9:1291]"},"instanceHeartBeatTimeOut":15000,"instanceHeartBeatInterval":5000,"ipDeleteTimeout":30000}]
2025-10-25T16:57:39.950+08:00  INFO 37416 --- [micro-demo-order] [main] c.a.n.c.a.AbstractAbilityControlManager  : Ready to get current node abilities...
2025-10-25T16:57:39.951+08:00  INFO 37416 --- [micro-demo-order] [main] c.a.n.c.a.AbstractAbilityControlManager  : Ready to initialize current node abilities, support modes: [SDK_CLIENT]
2025-10-25T16:57:39.952+08:00  INFO 37416 --- [micro-demo-order] [main] c.a.n.c.a.AbstractAbilityControlManager  : Initialize current abilities finish...
2025-10-25T16:57:39.953+08:00  INFO 37416 --- [micro-demo-order] [main] c.a.n.c.a.d.NacosAbilityManagerHolder    : [AbilityControlManager] Successfully initialize AbilityControlManager
2025-10-25T16:57:40.064+08:00  INFO 37416 --- [micro-demo-order] [main] com.alibaba.nacos.common.remote.client   : [c1821f35-c0a9-4e1f-916c-43af22894ed0] Success to connect to server [localhost:8848] on start up, connectionId = 1761382659866_127.0.0.1_52686
2025-10-25T16:57:40.065+08:00  INFO 37416 --- [micro-demo-order] [com.alibaba.nacos.client.remote.worker.0] com.alibaba.nacos.common.remote.client   : [c1821f35-c0a9-4e1f-916c-43af22894ed0] Notify connected event to listeners.
2025-10-25T16:57:40.065+08:00  INFO 37416 --- [micro-demo-order] [main] com.alibaba.nacos.common.remote.client   : [c1821f35-c0a9-4e1f-916c-43af22894ed0] Register server push request handler:com.alibaba.nacos.common.remote.client.RpcClient$ConnectResetRequestHandler
2025-10-25T16:57:40.065+08:00  INFO 37416 --- [micro-demo-order] [com.alibaba.nacos.client.remote.worker.0] com.alibaba.nacos.client.naming          : Grpc connection connect
2025-10-25T16:57:40.065+08:00  INFO 37416 --- [micro-demo-order] [main] com.alibaba.nacos.common.remote.client   : [c1821f35-c0a9-4e1f-916c-43af22894ed0] Register server push request handler:com.alibaba.nacos.common.remote.client.RpcClient$$Lambda/0x000001505f890c08
2025-10-25T16:57:40.066+08:00  INFO 37416 --- [micro-demo-order] [main] com.alibaba.nacos.client.naming          : [SUBSCRIBE-SERVICE] service:device-service, group:DEFAULT_GROUP, clusters: 
2025-10-25T16:57:40.066+08:00  INFO 37416 --- [micro-demo-order] [main] com.alibaba.nacos.client.naming          : [GRPC-SUBSCRIBE] service:device-service, group:DEFAULT_GROUP, cluster: 
2025-10-25T16:57:40.093+08:00  INFO 37416 --- [micro-demo-order] [main] com.alibaba.nacos.client.naming          : init new ips(3) service: DEFAULT_GROUP@@device-service -> [{"ip":"172.78.17.191","port":8000,"weight":1.0,"healthy":true,"enabled":true,"ephemeral":true,"clusterName":"DEFAULT","serviceName":"DEFAULT_GROUP@@device-service","metadata":{"preserved.register.source":"SPRING_CLOUD","IPv6":"[2409:8a45:74:25e0:b3f0:6ff2:39b9:1291]"},"ipDeleteTimeout":30000,"instanceHeartBeatInterval":5000,"instanceHeartBeatTimeOut":15000},{"ip":"172.78.17.191","port":8002,"weight":1.0,"healthy":true,"enabled":true,"ephemeral":true,"clusterName":"DEFAULT","serviceName":"DEFAULT_GROUP@@device-service","metadata":{"preserved.register.source":"SPRING_CLOUD","IPv6":"[2409:8a45:74:25e0:b3f0:6ff2:39b9:1291]"},"ipDeleteTimeout":30000,"instanceHeartBeatInterval":5000,"instanceHeartBeatTimeOut":15000},{"ip":"172.78.17.191","port":8001,"weight":1.0,"healthy":true,"enabled":true,"ephemeral":true,"clusterName":"DEFAULT","serviceName":"DEFAULT_GROUP@@device-service","metadata":{"preserved.register.source":"SPRING_CLOUD","IPv6":"[2409:8a45:74:25e0:b3f0:6ff2:39b9:1291]"},"ipDeleteTimeout":30000,"instanceHeartBeatInterval":5000,"instanceHeartBeatTimeOut":15000}]
2025-10-25T16:57:40.102+08:00  INFO 37416 --- [micro-demo-order] [main] com.alibaba.nacos.client.naming          : current ips:(3) service: DEFAULT_GROUP@@device-service -> [{"ip":"172.78.17.191","port":8000,"weight":1.0,"healthy":true,"enabled":true,"ephemeral":true,"clusterName":"DEFAULT","serviceName":"DEFAULT_GROUP@@device-service","metadata":{"preserved.register.source":"SPRING_CLOUD","IPv6":"[2409:8a45:74:25e0:b3f0:6ff2:39b9:1291]"},"ipDeleteTimeout":30000,"instanceHeartBeatInterval":5000,"instanceHeartBeatTimeOut":15000},{"ip":"172.78.17.191","port":8002,"weight":1.0,"healthy":true,"enabled":true,"ephemeral":true,"clusterName":"DEFAULT","serviceName":"DEFAULT_GROUP@@device-service","metadata":{"preserved.register.source":"SPRING_CLOUD","IPv6":"[2409:8a45:74:25e0:b3f0:6ff2:39b9:1291]"},"ipDeleteTimeout":30000,"instanceHeartBeatInterval":5000,"instanceHeartBeatTimeOut":15000},{"ip":"172.78.17.191","port":8001,"weight":1.0,"healthy":true,"enabled":true,"ephemeral":true,"clusterName":"DEFAULT","serviceName":"DEFAULT_GROUP@@device-service","metadata":{"preserved.register.source":"SPRING_CLOUD","IPv6":"[2409:8a45:74:25e0:b3f0:6ff2:39b9:1291]"},"ipDeleteTimeout":30000,"instanceHeartBeatInterval":5000,"instanceHeartBeatTimeOut":15000}]
2025-10-25T16:57:40.185+08:00 DEBUG 37416 --- [micro-demo-order] [main] c.t.m.d.o.d.r.i.OrderRepositoryImplement : 仓库层入参:OrderInfoPo(id=null, billId=19c450dca6104a7d8425d1ed29f8e4ab, userId=1, gunId=2, createTime=2025-10-25T16:57:40.183925800, updateTime=2025-10-25T16:57:40.183925800)
2025-10-25T16:57:40.249+08:00  INFO 37416 --- [micro-demo-order] [main] com.zaxxer.hikari.HikariDataSource       : HikariPool-1 - Starting...
2025-10-25T16:57:40.394+08:00  INFO 37416 --- [micro-demo-order] [main] com.zaxxer.hikari.pool.HikariPool        : HikariPool-1 - Added connection com.mysql.cj.jdbc.ConnectionImpl@543a7605
2025-10-25T16:57:40.395+08:00  INFO 37416 --- [micro-demo-order] [main] com.zaxxer.hikari.HikariDataSource       : HikariPool-1 - Start completed.
2025-10-25T16:57:40.472+08:00  INFO 37416 --- [micro-demo-order] [nacos-grpc-client-executor-localhost-10] com.alibaba.nacos.common.remote.client   : [c1821f35-c0a9-4e1f-916c-43af22894ed0] Receive server push request, request = NotifySubscriberRequest, requestId = 1
2025-10-25T16:57:40.473+08:00  INFO 37416 --- [micro-demo-order] [nacos-grpc-client-executor-localhost-10] com.alibaba.nacos.common.remote.client   : [c1821f35-c0a9-4e1f-916c-43af22894ed0] Ack server push request, request = NotifySubscriberRequest, requestId = 1
2025-10-25T16:57:40.475+08:00  INFO 104960 --- [micro-demo-order] [nacos-grpc-client-executor-localhost-10] com.alibaba.nacos.common.remote.client   : [b34126fb-5a82-4b2b-b553-8572d97ef2b1] Receive server push request, request = NotifySubscriberRequest, requestId = 3
2025-10-25T16:57:40.475+08:00  INFO 104960 --- [micro-demo-order] [nacos-grpc-client-executor-localhost-10] com.alibaba.nacos.common.remote.client   : [b34126fb-5a82-4b2b-b553-8572d97ef2b1] Ack server push request, request = NotifySubscriberRequest, requestId = 3
2025-10-25T16:57:40.477+08:00  INFO 130080 --- [micro-demo-order] [nacos-grpc-client-executor-localhost-10] com.alibaba.nacos.common.remote.client   : [7a2a605d-edf5-4d80-8b7b-2ec7bd6f84fe] Receive server push request, request = NotifySubscriberRequest, requestId = 2
2025-10-25T16:57:40.477+08:00  INFO 130080 --- [micro-demo-order] [nacos-grpc-client-executor-localhost-10] com.alibaba.nacos.common.remote.client   : [7a2a605d-edf5-4d80-8b7b-2ec7bd6f84fe] Ack server push request, request = NotifySubscriberRequest, requestId = 2
2025-10-25T16:57:40.529+08:00  WARN 37416 --- [micro-demo-order] [Thread-8] c.a.n.common.http.HttpClientBeanHolder   : [HttpClientBeanHolder] Start destroying common HttpClient
2025-10-25T16:57:40.530+08:00  WARN 37416 --- [micro-demo-order] [Thread-8] c.a.n.common.http.HttpClientBeanHolder   : [HttpClientBeanHolder] Destruction of the end
2025-10-25T16:57:40.530+08:00  WARN 37416 --- [micro-demo-order] [Thread-6] c.a.nacos.common.notify.NotifyCenter     : [NotifyCenter] Start destroying Publisher
2025-10-25T16:57:40.530+08:00  WARN 37416 --- [micro-demo-order] [Thread-6] c.a.nacos.common.notify.NotifyCenter     : [NotifyCenter] Destruction of the end
2025-10-25T16:57:40.533+08:00  INFO 37416 --- [micro-demo-order] [SpringApplicationShutdownHook] com.alibaba.nacos.client.naming          : com.alibaba.nacos.client.naming.cache.ServiceInfoHolder do shutdown begin
2025-10-25T16:57:40.533+08:00  INFO 37416 --- [micro-demo-order] [SpringApplicationShutdownHook] com.alibaba.nacos.client.naming          : com.alibaba.nacos.client.naming.backups.FailoverReactor do shutdown begin
2025-10-25T16:57:40.533+08:00  INFO 37416 --- [micro-demo-order] [SpringApplicationShutdownHook] com.alibaba.nacos.client.naming          : com.alibaba.nacos.client.naming.backups.FailoverReactor do shutdown stop
2025-10-25T16:57:40.533+08:00  INFO 37416 --- [micro-demo-order] [SpringApplicationShutdownHook] com.alibaba.nacos.client.naming          : com.alibaba.nacos.client.naming.cache.ServiceInfoHolder do shutdown stop
2025-10-25T16:57:40.533+08:00  INFO 37416 --- [micro-demo-order] [SpringApplicationShutdownHook] com.alibaba.nacos.client.naming          : com.alibaba.nacos.client.naming.remote.NamingClientProxyDelegate do shutdown begin
2025-10-25T16:57:40.533+08:00  INFO 37416 --- [micro-demo-order] [SpringApplicationShutdownHook] com.alibaba.nacos.client.naming          : com.alibaba.nacos.client.naming.core.ServiceInfoUpdateService do shutdown begin
2025-10-25T16:57:40.534+08:00  INFO 37416 --- [micro-demo-order] [SpringApplicationShutdownHook] com.alibaba.nacos.client.naming          : com.alibaba.nacos.client.naming.core.ServiceInfoUpdateService do shutdown stop
2025-10-25T16:57:40.534+08:00  INFO 37416 --- [micro-demo-order] [SpringApplicationShutdownHook] com.alibaba.nacos.client.naming          : com.alibaba.nacos.client.naming.core.ServerListManager do shutdown begin
2025-10-25T16:57:40.534+08:00  WARN 37416 --- [micro-demo-order] [SpringApplicationShutdownHook] com.alibaba.nacos.client.naming          : [NamingHttpClientManager] Start destroying NacosRestTemplate
2025-10-25T16:57:40.534+08:00  WARN 37416 --- [micro-demo-order] [SpringApplicationShutdownHook] com.alibaba.nacos.client.naming          : [NamingHttpClientManager] Destruction of the end
2025-10-25T16:57:40.534+08:00  INFO 37416 --- [micro-demo-order] [SpringApplicationShutdownHook] com.alibaba.nacos.client.naming          : com.alibaba.nacos.client.naming.core.ServerListManager do shutdown stop
2025-10-25T16:57:40.534+08:00  INFO 37416 --- [micro-demo-order] [SpringApplicationShutdownHook] com.alibaba.nacos.client.naming          : com.alibaba.nacos.client.naming.remote.http.NamingHttpClientProxy do shutdown begin
2025-10-25T16:57:40.534+08:00  WARN 37416 --- [micro-demo-order] [SpringApplicationShutdownHook] com.alibaba.nacos.client.naming          : [NamingHttpClientManager] Start destroying NacosRestTemplate
2025-10-25T16:57:40.534+08:00  WARN 37416 --- [micro-demo-order] [SpringApplicationShutdownHook] com.alibaba.nacos.client.naming          : [NamingHttpClientManager] Destruction of the end
2025-10-25T16:57:40.534+08:00  INFO 37416 --- [micro-demo-order] [SpringApplicationShutdownHook] com.alibaba.nacos.client.naming          : com.alibaba.nacos.client.naming.remote.http.NamingHttpClientProxy do shutdown stop
2025-10-25T16:57:40.534+08:00  INFO 37416 --- [micro-demo-order] [SpringApplicationShutdownHook] com.alibaba.nacos.client.naming          : Shutdown naming grpc client proxy for  uuid->c1821f35-c0a9-4e1f-916c-43af22894ed0
2025-10-25T16:57:40.534+08:00  INFO 37416 --- [micro-demo-order] [SpringApplicationShutdownHook] com.alibaba.nacos.client.naming          : Shutdown grpc redo service executor java.util.concurrent.ScheduledThreadPoolExecutor@3ec62141[Running, pool size = 1, active threads = 0, queued tasks = 1, completed tasks = 0]
2025-10-25T16:57:40.534+08:00  INFO 37416 --- [micro-demo-order] [SpringApplicationShutdownHook] com.alibaba.nacos.common.remote.client   : Shutdown rpc client, set status to shutdown
2025-10-25T16:57:40.534+08:00  INFO 37416 --- [micro-demo-order] [SpringApplicationShutdownHook] com.alibaba.nacos.common.remote.client   : Shutdown client event executor java.util.concurrent.ScheduledThreadPoolExecutor@1dce481b[Running, pool size = 2, active threads = 2, queued tasks = 0, completed tasks = 0]
2025-10-25T16:57:40.534+08:00  INFO 37416 --- [micro-demo-order] [SpringApplicationShutdownHook] com.alibaba.nacos.common.remote.client   : Close current connection 1761382659866_127.0.0.1_52686
2025-10-25T16:57:40.536+08:00  INFO 37416 --- [micro-demo-order] [nacos-grpc-client-executor-localhost-11] c.a.n.c.remote.client.grpc.GrpcClient    : [1761382659866_127.0.0.1_52686]Ignore complete event,isRunning:false,isAbandon=false
2025-10-25T16:57:40.538+08:00  INFO 37416 --- [micro-demo-order] [SpringApplicationShutdownHook] c.a.n.c.remote.client.grpc.GrpcClient    : Shutdown grpc executor java.util.concurrent.ThreadPoolExecutor@5ca8c904[Running, pool size = 12, active threads = 0, queued tasks = 0, completed tasks = 12]
2025-10-25T16:57:40.538+08:00  INFO 37416 --- [micro-demo-order] [SpringApplicationShutdownHook] com.alibaba.nacos.client.naming          : shutdown and remove naming rpc client  for uuid ->c1821f35-c0a9-4e1f-916c-43af22894ed0
2025-10-25T16:57:40.538+08:00  INFO 37416 --- [micro-demo-order] [SpringApplicationShutdownHook] c.a.n.c.a.r.identify.CredentialWatcher   : [null] CredentialWatcher is stopped
2025-10-25T16:57:40.538+08:00  INFO 37416 --- [micro-demo-order] [SpringApplicationShutdownHook] c.a.n.c.a.r.identify.CredentialService   : [null] CredentialService is freed
2025-10-25T16:57:40.538+08:00  INFO 37416 --- [micro-demo-order] [SpringApplicationShutdownHook] com.alibaba.nacos.client.naming          : com.alibaba.nacos.client.naming.remote.NamingClientProxyDelegate do shutdown stop
2025-10-25T16:57:40.541+08:00  INFO 37416 --- [micro-demo-order] [SpringApplicationShutdownHook] com.zaxxer.hikari.HikariDataSource       : HikariPool-1 - Shutdown initiated...
2025-10-25T16:57:40.549+08:00  INFO 37416 --- [micro-demo-order] [SpringApplicationShutdownHook] com.zaxxer.hikari.HikariDataSource       : HikariPool-1 - Shutdown completed.
2025-10-25T16:57:41.396+08:00 DEBUG 104960 --- [micro-demo-order] [main] c.t.m.d.o.d.r.i.OrderRepositoryImplement : 仓库层入参:OrderInfoPo(id=null, billId=fd6bf3cfde34407fb20eae476932fc22, userId=1, gunId=2, createTime=2025-10-25T16:57:41.395904600, updateTime=2025-10-25T16:57:41.395904600)
2025-10-25T16:57:41.396+08:00 DEBUG 130080 --- [micro-demo-order] [main] c.t.m.d.o.d.r.i.OrderRepositoryImplement : 仓库层入参:OrderInfoPo(id=null, billId=907c7d9aa9d14d068403763a47463289, userId=1, gunId=2, createTime=2025-10-25T16:57:41.394817300, updateTime=2025-10-25T16:57:41.394817300)
2025-10-25T16:57:41.451+08:00  INFO 104960 --- [micro-demo-order] [main] com.zaxxer.hikari.HikariDataSource       : HikariPool-1 - Starting...
2025-10-25T16:57:41.454+08:00  INFO 130080 --- [micro-demo-order] [main] com.zaxxer.hikari.HikariDataSource       : HikariPool-1 - Starting...
2025-10-25T16:57:41.599+08:00  INFO 104960 --- [micro-demo-order] [main] com.zaxxer.hikari.pool.HikariPool        : HikariPool-1 - Added connection com.mysql.cj.jdbc.ConnectionImpl@1e487d57
2025-10-25T16:57:41.600+08:00  INFO 104960 --- [micro-demo-order] [main] com.zaxxer.hikari.HikariDataSource       : HikariPool-1 - Start completed.
2025-10-25T16:57:41.614+08:00  INFO 130080 --- [micro-demo-order] [main] com.zaxxer.hikari.pool.HikariPool        : HikariPool-1 - Added connection com.mysql.cj.jdbc.ConnectionImpl@3497ecea
2025-10-25T16:57:41.616+08:00  INFO 130080 --- [micro-demo-order] [main] com.zaxxer.hikari.HikariDataSource       : HikariPool-1 - Start completed.
2025-10-25T16:57:41.709+08:00  WARN 104960 --- [micro-demo-order] [Thread-8] c.a.n.common.http.HttpClientBeanHolder   : [HttpClientBeanHolder] Start destroying common HttpClient
2025-10-25T16:57:41.709+08:00  WARN 104960 --- [micro-demo-order] [Thread-6] c.a.nacos.common.notify.NotifyCenter     : [NotifyCenter] Start destroying Publisher
2025-10-25T16:57:41.709+08:00  WARN 104960 --- [micro-demo-order] [Thread-6] c.a.nacos.common.notify.NotifyCenter     : [NotifyCenter] Destruction of the end
2025-10-25T16:57:41.709+08:00  WARN 130080 --- [micro-demo-order] [Thread-6] c.a.nacos.common.notify.NotifyCenter     : [NotifyCenter] Start destroying Publisher
2025-10-25T16:57:41.709+08:00  WARN 130080 --- [micro-demo-order] [Thread-8] c.a.n.common.http.HttpClientBeanHolder   : [HttpClientBeanHolder] Start destroying common HttpClient
2025-10-25T16:57:41.709+08:00  WARN 104960 --- [micro-demo-order] [Thread-8] c.a.n.common.http.HttpClientBeanHolder   : [HttpClientBeanHolder] Destruction of the end
2025-10-25T16:57:41.709+08:00  WARN 130080 --- [micro-demo-order] [Thread-6] c.a.nacos.common.notify.NotifyCenter     : [NotifyCenter] Destruction of the end
2025-10-25T16:57:41.710+08:00  WARN 130080 --- [micro-demo-order] [Thread-8] c.a.n.common.http.HttpClientBeanHolder   : [HttpClientBeanHolder] Destruction of the end
2025-10-25T16:57:41.711+08:00  INFO 104960 --- [micro-demo-order] [SpringApplicationShutdownHook] com.alibaba.nacos.client.naming          : com.alibaba.nacos.client.naming.cache.ServiceInfoHolder do shutdown begin
2025-10-25T16:57:41.713+08:00  INFO 104960 --- [micro-demo-order] [SpringApplicationShutdownHook] com.alibaba.nacos.client.naming          : com.alibaba.nacos.client.naming.backups.FailoverReactor do shutdown begin
2025-10-25T16:57:41.713+08:00  INFO 104960 --- [micro-demo-order] [SpringApplicationShutdownHook] com.alibaba.nacos.client.naming          : com.alibaba.nacos.client.naming.backups.FailoverReactor do shutdown stop
2025-10-25T16:57:41.713+08:00  INFO 130080 --- [micro-demo-order] [SpringApplicationShutdownHook] com.alibaba.nacos.client.naming          : com.alibaba.nacos.client.naming.cache.ServiceInfoHolder do shutdown begin
2025-10-25T16:57:41.713+08:00  INFO 104960 --- [micro-demo-order] [SpringApplicationShutdownHook] com.alibaba.nacos.client.naming          : com.alibaba.nacos.client.naming.cache.ServiceInfoHolder do shutdown stop
2025-10-25T16:57:41.713+08:00  INFO 104960 --- [micro-demo-order] [SpringApplicationShutdownHook] com.alibaba.nacos.client.naming          : com.alibaba.nacos.client.naming.remote.NamingClientProxyDelegate do shutdown begin
2025-10-25T16:57:41.713+08:00  INFO 130080 --- [micro-demo-order] [SpringApplicationShutdownHook] com.alibaba.nacos.client.naming          : com.alibaba.nacos.client.naming.backups.FailoverReactor do shutdown begin
2025-10-25T16:57:41.713+08:00  INFO 104960 --- [micro-demo-order] [SpringApplicationShutdownHook] com.alibaba.nacos.client.naming          : com.alibaba.nacos.client.naming.core.ServiceInfoUpdateService do shutdown begin
2025-10-25T16:57:41.713+08:00  INFO 104960 --- [micro-demo-order] [SpringApplicationShutdownHook] com.alibaba.nacos.client.naming          : com.alibaba.nacos.client.naming.core.ServiceInfoUpdateService do shutdown stop
2025-10-25T16:57:41.713+08:00  INFO 104960 --- [micro-demo-order] [SpringApplicationShutdownHook] com.alibaba.nacos.client.naming          : com.alibaba.nacos.client.naming.core.ServerListManager do shutdown begin
2025-10-25T16:57:41.713+08:00  WARN 104960 --- [micro-demo-order] [SpringApplicationShutdownHook] com.alibaba.nacos.client.naming          : [NamingHttpClientManager] Start destroying NacosRestTemplate
2025-10-25T16:57:41.713+08:00  INFO 130080 --- [micro-demo-order] [SpringApplicationShutdownHook] com.alibaba.nacos.client.naming          : com.alibaba.nacos.client.naming.backups.FailoverReactor do shutdown stop
2025-10-25T16:57:41.713+08:00  WARN 104960 --- [micro-demo-order] [SpringApplicationShutdownHook] com.alibaba.nacos.client.naming          : [NamingHttpClientManager] Destruction of the end
2025-10-25T16:57:41.713+08:00  INFO 130080 --- [micro-demo-order] [SpringApplicationShutdownHook] com.alibaba.nacos.client.naming          : com.alibaba.nacos.client.naming.cache.ServiceInfoHolder do shutdown stop
2025-10-25T16:57:41.713+08:00  INFO 104960 --- [micro-demo-order] [SpringApplicationShutdownHook] com.alibaba.nacos.client.naming          : com.alibaba.nacos.client.naming.core.ServerListManager do shutdown stop
2025-10-25T16:57:41.713+08:00  INFO 104960 --- [micro-demo-order] [SpringApplicationShutdownHook] com.alibaba.nacos.client.naming          : com.alibaba.nacos.client.naming.remote.http.NamingHttpClientProxy do shutdown begin
2025-10-25T16:57:41.713+08:00  INFO 130080 --- [micro-demo-order] [SpringApplicationShutdownHook] com.alibaba.nacos.client.naming          : com.alibaba.nacos.client.naming.remote.NamingClientProxyDelegate do shutdown begin
2025-10-25T16:57:41.714+08:00  WARN 104960 --- [micro-demo-order] [SpringApplicationShutdownHook] com.alibaba.nacos.client.naming          : [NamingHttpClientManager] Start destroying NacosRestTemplate
2025-10-25T16:57:41.714+08:00  WARN 104960 --- [micro-demo-order] [SpringApplicationShutdownHook] com.alibaba.nacos.client.naming          : [NamingHttpClientManager] Destruction of the end
2025-10-25T16:57:41.714+08:00  INFO 130080 --- [micro-demo-order] [SpringApplicationShutdownHook] com.alibaba.nacos.client.naming          : com.alibaba.nacos.client.naming.core.ServiceInfoUpdateService do shutdown begin
2025-10-25T16:57:41.714+08:00  INFO 104960 --- [micro-demo-order] [SpringApplicationShutdownHook] com.alibaba.nacos.client.naming          : com.alibaba.nacos.client.naming.remote.http.NamingHttpClientProxy do shutdown stop
2025-10-25T16:57:41.714+08:00  INFO 104960 --- [micro-demo-order] [SpringApplicationShutdownHook] com.alibaba.nacos.client.naming          : Shutdown naming grpc client proxy for  uuid->b34126fb-5a82-4b2b-b553-8572d97ef2b1
2025-10-25T16:57:41.714+08:00  INFO 130080 --- [micro-demo-order] [SpringApplicationShutdownHook] com.alibaba.nacos.client.naming          : com.alibaba.nacos.client.naming.core.ServiceInfoUpdateService do shutdown stop
2025-10-25T16:57:41.714+08:00  INFO 130080 --- [micro-demo-order] [SpringApplicationShutdownHook] com.alibaba.nacos.client.naming          : com.alibaba.nacos.client.naming.core.ServerListManager do shutdown begin
2025-10-25T16:57:41.714+08:00  INFO 104960 --- [micro-demo-order] [SpringApplicationShutdownHook] com.alibaba.nacos.client.naming          : Shutdown grpc redo service executor java.util.concurrent.ScheduledThreadPoolExecutor@11174bf[Running, pool size = 1, active threads = 0, queued tasks = 1, completed tasks = 0]
2025-10-25T16:57:41.714+08:00  WARN 130080 --- [micro-demo-order] [SpringApplicationShutdownHook] com.alibaba.nacos.client.naming          : [NamingHttpClientManager] Start destroying NacosRestTemplate
2025-10-25T16:57:41.714+08:00  INFO 104960 --- [micro-demo-order] [SpringApplicationShutdownHook] com.alibaba.nacos.common.remote.client   : Shutdown rpc client, set status to shutdown
2025-10-25T16:57:41.714+08:00  INFO 104960 --- [micro-demo-order] [SpringApplicationShutdownHook] com.alibaba.nacos.common.remote.client   : Shutdown client event executor java.util.concurrent.ScheduledThreadPoolExecutor@571c2ed8[Running, pool size = 2, active threads = 2, queued tasks = 0, completed tasks = 0]
2025-10-25T16:57:41.714+08:00  WARN 130080 --- [micro-demo-order] [SpringApplicationShutdownHook] com.alibaba.nacos.client.naming          : [NamingHttpClientManager] Destruction of the end
2025-10-25T16:57:41.714+08:00  INFO 130080 --- [micro-demo-order] [SpringApplicationShutdownHook] com.alibaba.nacos.client.naming          : com.alibaba.nacos.client.naming.core.ServerListManager do shutdown stop
2025-10-25T16:57:41.714+08:00  INFO 104960 --- [micro-demo-order] [SpringApplicationShutdownHook] com.alibaba.nacos.common.remote.client   : Close current connection 1761382659665_127.0.0.1_52684
2025-10-25T16:57:41.714+08:00  INFO 130080 --- [micro-demo-order] [SpringApplicationShutdownHook] com.alibaba.nacos.client.naming          : com.alibaba.nacos.client.naming.remote.http.NamingHttpClientProxy do shutdown begin
2025-10-25T16:57:41.714+08:00  WARN 130080 --- [micro-demo-order] [SpringApplicationShutdownHook] com.alibaba.nacos.client.naming          : [NamingHttpClientManager] Start destroying NacosRestTemplate
2025-10-25T16:57:41.714+08:00  WARN 130080 --- [micro-demo-order] [SpringApplicationShutdownHook] com.alibaba.nacos.client.naming          : [NamingHttpClientManager] Destruction of the end
2025-10-25T16:57:41.714+08:00  INFO 130080 --- [micro-demo-order] [SpringApplicationShutdownHook] com.alibaba.nacos.client.naming          : com.alibaba.nacos.client.naming.remote.http.NamingHttpClientProxy do shutdown stop
2025-10-25T16:57:41.714+08:00  INFO 130080 --- [micro-demo-order] [SpringApplicationShutdownHook] com.alibaba.nacos.client.naming          : Shutdown naming grpc client proxy for  uuid->7a2a605d-edf5-4d80-8b7b-2ec7bd6f84fe
2025-10-25T16:57:41.714+08:00  INFO 130080 --- [micro-demo-order] [SpringApplicationShutdownHook] com.alibaba.nacos.client.naming          : Shutdown grpc redo service executor java.util.concurrent.ScheduledThreadPoolExecutor@188ae8d2[Running, pool size = 1, active threads = 0, queued tasks = 1, completed tasks = 0]
2025-10-25T16:57:41.714+08:00  INFO 130080 --- [micro-demo-order] [SpringApplicationShutdownHook] com.alibaba.nacos.common.remote.client   : Shutdown rpc client, set status to shutdown
2025-10-25T16:57:41.714+08:00  INFO 130080 --- [micro-demo-order] [SpringApplicationShutdownHook] com.alibaba.nacos.common.remote.client   : Shutdown client event executor java.util.concurrent.ScheduledThreadPoolExecutor@4eacb6d1[Running, pool size = 2, active threads = 2, queued tasks = 0, completed tasks = 0]
2025-10-25T16:57:41.714+08:00  INFO 130080 --- [micro-demo-order] [SpringApplicationShutdownHook] com.alibaba.nacos.common.remote.client   : Close current connection 1761382659694_127.0.0.1_52685
2025-10-25T16:57:41.715+08:00  INFO 104960 --- [micro-demo-order] [nacos-grpc-client-executor-localhost-11] c.a.n.c.remote.client.grpc.GrpcClient    : [1761382659665_127.0.0.1_52684]Ignore complete event,isRunning:false,isAbandon=false
2025-10-25T16:57:41.716+08:00  INFO 130080 --- [micro-demo-order] [nacos-grpc-client-executor-localhost-11] c.a.n.c.remote.client.grpc.GrpcClient    : [1761382659694_127.0.0.1_52685]Ignore complete event,isRunning:false,isAbandon=false
2025-10-25T16:57:41.717+08:00  INFO 104960 --- [micro-demo-order] [SpringApplicationShutdownHook] c.a.n.c.remote.client.grpc.GrpcClient    : Shutdown grpc executor java.util.concurrent.ThreadPoolExecutor@40edc64e[Running, pool size = 12, active threads = 0, queued tasks = 0, completed tasks = 12]
2025-10-25T16:57:41.717+08:00  INFO 130080 --- [micro-demo-order] [SpringApplicationShutdownHook] c.a.n.c.remote.client.grpc.GrpcClient    : Shutdown grpc executor java.util.concurrent.ThreadPoolExecutor@372f7bc[Running, pool size = 12, active threads = 0, queued tasks = 0, completed tasks = 12]
2025-10-25T16:57:41.717+08:00  INFO 104960 --- [micro-demo-order] [SpringApplicationShutdownHook] com.alibaba.nacos.client.naming          : shutdown and remove naming rpc client  for uuid ->b34126fb-5a82-4b2b-b553-8572d97ef2b1
2025-10-25T16:57:41.718+08:00  INFO 130080 --- [micro-demo-order] [SpringApplicationShutdownHook] com.alibaba.nacos.client.naming          : shutdown and remove naming rpc client  for uuid ->7a2a605d-edf5-4d80-8b7b-2ec7bd6f84fe
2025-10-25T16:57:41.718+08:00  INFO 104960 --- [micro-demo-order] [SpringApplicationShutdownHook] c.a.n.c.a.r.identify.CredentialWatcher   : [null] CredentialWatcher is stopped
2025-10-25T16:57:41.718+08:00  INFO 104960 --- [micro-demo-order] [SpringApplicationShutdownHook] c.a.n.c.a.r.identify.CredentialService   : [null] CredentialService is freed
2025-10-25T16:57:41.718+08:00  INFO 130080 --- [micro-demo-order] [SpringApplicationShutdownHook] c.a.n.c.a.r.identify.CredentialWatcher   : [null] CredentialWatcher is stopped
2025-10-25T16:57:41.718+08:00  INFO 130080 --- [micro-demo-order] [SpringApplicationShutdownHook] c.a.n.c.a.r.identify.CredentialService   : [null] CredentialService is freed
2025-10-25T16:57:41.718+08:00  INFO 104960 --- [micro-demo-order] [SpringApplicationShutdownHook] com.alibaba.nacos.client.naming          : com.alibaba.nacos.client.naming.remote.NamingClientProxyDelegate do shutdown stop
2025-10-25T16:57:41.718+08:00  INFO 130080 --- [micro-demo-order] [SpringApplicationShutdownHook] com.alibaba.nacos.client.naming          : com.alibaba.nacos.client.naming.remote.NamingClientProxyDelegate do shutdown stop
2025-10-25T16:57:41.720+08:00  INFO 104960 --- [micro-demo-order] [SpringApplicationShutdownHook] com.zaxxer.hikari.HikariDataSource       : HikariPool-1 - Shutdown initiated...
2025-10-25T16:57:41.721+08:00  INFO 130080 --- [micro-demo-order] [SpringApplicationShutdownHook] com.zaxxer.hikari.HikariDataSource       : HikariPool-1 - Shutdown initiated...
2025-10-25T16:57:41.752+08:00  INFO 104960 --- [micro-demo-order] [SpringApplicationShutdownHook] com.zaxxer.hikari.HikariDataSource       : HikariPool-1 - Shutdown completed.
2025-10-25T16:57:41.766+08:00  INFO 130080 --- [micro-demo-order] [SpringApplicationShutdownHook] com.zaxxer.hikari.HikariDataSource       : HikariPool-1 - Shutdown completed.
