2025-10-27T10:45:30.865+08:00  INFO 19864 --- [micro-demo-device] [main] c.t.micro.demo.device.DeviceApplication  : Starting DeviceApplication using Java 21.0.7 with PID 19864 (I:\20250820\micro-demo-2507\micro-demo-device\target\classes started by snl19 in I:\20250820\micro-demo-2507)
2025-10-27T10:45:30.875+08:00  INFO 19864 --- [micro-demo-device] [main] c.t.micro.demo.device.DeviceApplication  : No active profile set, falling back to 1 default profile: "default"
2025-10-27T10:45:31.590+08:00  INFO 19864 --- [micro-demo-device] [main] o.s.cloud.context.scope.GenericScope     : BeanFactory id=10bf9b4b-74dc-390c-b42a-22c06aea2f0a
2025-10-27T10:45:31.922+08:00  INFO 19864 --- [micro-demo-device] [main] o.s.b.w.embedded.tomcat.TomcatWebServer  : Tomcat initialized with port 8000 (http)
2025-10-27T10:45:31.934+08:00  INFO 19864 --- [micro-demo-device] [main] o.apache.catalina.core.StandardService   : Starting service [Tomcat]
2025-10-27T10:45:31.934+08:00  INFO 19864 --- [micro-demo-device] [main] o.apache.catalina.core.StandardEngine    : Starting Servlet engine: [Apache Tomcat/10.1.28]
2025-10-27T10:45:32.000+08:00  INFO 19864 --- [micro-demo-device] [main] o.a.c.c.C.[Tomcat].[localhost].[/]       : Initializing Spring embedded WebApplicationContext
2025-10-27T10:45:32.000+08:00  INFO 19864 --- [micro-demo-device] [main] w.s.c.ServletWebServerApplicationContext : Root WebApplicationContext: initialization completed in 1079 ms
2025-10-27T10:45:34.429+08:00  INFO 30504 --- [micro-demo-device] [main] c.t.micro.demo.device.DeviceApplication  : Starting DeviceApplication using Java 21.0.7 with PID 30504 (I:\20250820\micro-demo-2507\micro-demo-device\target\classes started by snl19 in I:\20250820\micro-demo-2507)
2025-10-27T10:45:34.432+08:00  INFO 30504 --- [micro-demo-device] [main] c.t.micro.demo.device.DeviceApplication  : No active profile set, falling back to 1 default profile: "default"
2025-10-27T10:45:35.144+08:00  INFO 30504 --- [micro-demo-device] [main] o.s.cloud.context.scope.GenericScope     : BeanFactory id=10bf9b4b-74dc-390c-b42a-22c06aea2f0a
2025-10-27T10:45:35.475+08:00  INFO 30504 --- [micro-demo-device] [main] o.s.b.w.embedded.tomcat.TomcatWebServer  : Tomcat initialized with port 8001 (http)
2025-10-27T10:45:35.486+08:00  INFO 30504 --- [micro-demo-device] [main] o.apache.catalina.core.StandardService   : Starting service [Tomcat]
2025-10-27T10:45:35.487+08:00  INFO 30504 --- [micro-demo-device] [main] o.apache.catalina.core.StandardEngine    : Starting Servlet engine: [Apache Tomcat/10.1.28]
2025-10-27T10:45:35.557+08:00  INFO 30504 --- [micro-demo-device] [main] o.a.c.c.C.[Tomcat].[localhost].[/]       : Initializing Spring embedded WebApplicationContext
2025-10-27T10:45:35.557+08:00  INFO 30504 --- [micro-demo-device] [main] w.s.c.ServletWebServerApplicationContext : Root WebApplicationContext: initialization completed in 1085 ms
2025-10-27T10:45:37.093+08:00  INFO 44164 --- [micro-demo-device] [main] c.t.micro.demo.device.DeviceApplication  : Starting DeviceApplication using Java 21.0.7 with PID 44164 (I:\20250820\micro-demo-2507\micro-demo-device\target\classes started by snl19 in I:\20250820\micro-demo-2507)
2025-10-27T10:45:37.096+08:00  INFO 44164 --- [micro-demo-device] [main] c.t.micro.demo.device.DeviceApplication  : No active profile set, falling back to 1 default profile: "default"
2025-10-27T10:45:37.785+08:00  INFO 44164 --- [micro-demo-device] [main] o.s.cloud.context.scope.GenericScope     : BeanFactory id=10bf9b4b-74dc-390c-b42a-22c06aea2f0a
2025-10-27T10:45:38.157+08:00  INFO 44164 --- [micro-demo-device] [main] o.s.b.w.embedded.tomcat.TomcatWebServer  : Tomcat initialized with port 8002 (http)
2025-10-27T10:45:38.172+08:00  INFO 44164 --- [micro-demo-device] [main] o.apache.catalina.core.StandardService   : Starting service [Tomcat]
2025-10-27T10:45:38.173+08:00  INFO 44164 --- [micro-demo-device] [main] o.apache.catalina.core.StandardEngine    : Starting Servlet engine: [Apache Tomcat/10.1.28]
2025-10-27T10:45:38.239+08:00  INFO 44164 --- [micro-demo-device] [main] o.a.c.c.C.[Tomcat].[localhost].[/]       : Initializing Spring embedded WebApplicationContext
2025-10-27T10:45:38.240+08:00  INFO 44164 --- [micro-demo-device] [main] w.s.c.ServletWebServerApplicationContext : Root WebApplicationContext: initialization completed in 1107 ms
2025-10-27T10:45:45.960+08:00  INFO 19864 --- [micro-demo-device] [main] o.s.b.w.embedded.tomcat.TomcatWebServer  : Tomcat started on port 8000 (http) with context path '/'
2025-10-27T10:45:45.968+08:00  INFO 30504 --- [micro-demo-device] [main] o.s.b.w.embedded.tomcat.TomcatWebServer  : Tomcat started on port 8001 (http) with context path '/'
2025-10-27T10:45:46.091+08:00  INFO 30504 --- [micro-demo-device] [main] com.alibaba.nacos.client.naming          : initializer namespace from ans.namespace attribute : null
2025-10-27T10:45:46.091+08:00  INFO 19864 --- [micro-demo-device] [main] com.alibaba.nacos.client.naming          : initializer namespace from ans.namespace attribute : null
2025-10-27T10:45:46.109+08:00  INFO 30504 --- [micro-demo-device] [main] com.alibaba.nacos.client.naming          : initializer namespace from ALIBABA_ALIWARE_NAMESPACE attribute :null
2025-10-27T10:45:46.110+08:00  INFO 19864 --- [micro-demo-device] [main] com.alibaba.nacos.client.naming          : initializer namespace from ALIBABA_ALIWARE_NAMESPACE attribute :null
2025-10-27T10:45:46.111+08:00  INFO 19864 --- [micro-demo-device] [main] com.alibaba.nacos.client.naming          : initializer namespace from namespace attribute :null
2025-10-27T10:45:46.131+08:00  INFO 19864 --- [micro-demo-device] [Thread-3] c.a.n.c.a.r.identify.CredentialWatcher   : null No credential found
2025-10-27T10:45:46.115+08:00  INFO 30504 --- [micro-demo-device] [main] com.alibaba.nacos.client.naming          : initializer namespace from namespace attribute :null
2025-10-27T10:45:46.145+08:00  INFO 30504 --- [micro-demo-device] [Thread-3] c.a.n.c.a.r.identify.CredentialWatcher   : null No credential found
2025-10-27T10:45:46.201+08:00  INFO 44164 --- [micro-demo-device] [main] o.s.b.w.embedded.tomcat.TomcatWebServer  : Tomcat started on port 8002 (http) with context path '/'
2025-10-27T10:45:46.204+08:00  INFO 30504 --- [micro-demo-device] [main] com.alibaba.nacos.client.naming          : FailoverDataSource type is class com.alibaba.nacos.client.naming.backups.datasource.DiskFailoverDataSource
2025-10-27T10:45:46.249+08:00  INFO 19864 --- [micro-demo-device] [main] com.alibaba.nacos.client.naming          : FailoverDataSource type is class com.alibaba.nacos.client.naming.backups.datasource.DiskFailoverDataSource
2025-10-27T10:45:46.247+08:00  INFO 44164 --- [micro-demo-device] [main] com.alibaba.nacos.client.naming          : initializer namespace from ans.namespace attribute : null
2025-10-27T10:45:46.255+08:00  INFO 44164 --- [micro-demo-device] [main] com.alibaba.nacos.client.naming          : initializer namespace from ALIBABA_ALIWARE_NAMESPACE attribute :null
2025-10-27T10:45:46.256+08:00  INFO 44164 --- [micro-demo-device] [main] com.alibaba.nacos.client.naming          : initializer namespace from namespace attribute :null
2025-10-27T10:45:46.299+08:00  INFO 30504 --- [micro-demo-device] [main] c.alibaba.nacos.client.utils.ParamUtil   : [settings] [req-serv] nacos-server port:8848
2025-10-27T10:45:46.300+08:00  INFO 30504 --- [micro-demo-device] [main] c.alibaba.nacos.client.utils.ParamUtil   : [settings] [http-client] connect timeout:1000
2025-10-27T10:45:46.309+08:00  INFO 44164 --- [micro-demo-device] [Thread-3] c.a.n.c.a.r.identify.CredentialWatcher   : null No credential found
2025-10-27T10:45:46.316+08:00  INFO 30504 --- [micro-demo-device] [main] c.alibaba.nacos.client.utils.ParamUtil   : PER_TASK_CONFIG_SIZE: 3000.0
2025-10-27T10:45:46.333+08:00  INFO 30504 --- [micro-demo-device] [main] c.a.n.p.a.s.c.ClientAuthPluginManager    : [ClientAuthPluginManager] Load ClientAuthService com.alibaba.nacos.client.auth.impl.NacosClientAuthServiceImpl success.
2025-10-27T10:45:46.333+08:00  INFO 30504 --- [micro-demo-device] [main] c.a.n.p.a.s.c.ClientAuthPluginManager    : [ClientAuthPluginManager] Load ClientAuthService com.alibaba.nacos.client.auth.ram.RamClientAuthServiceImpl success.
2025-10-27T10:45:46.336+08:00  INFO 19864 --- [micro-demo-device] [main] c.alibaba.nacos.client.utils.ParamUtil   : [settings] [req-serv] nacos-server port:8848
2025-10-27T10:45:46.337+08:00  INFO 19864 --- [micro-demo-device] [main] c.alibaba.nacos.client.utils.ParamUtil   : [settings] [http-client] connect timeout:1000
2025-10-27T10:45:46.346+08:00  INFO 44164 --- [micro-demo-device] [main] com.alibaba.nacos.client.naming          : FailoverDataSource type is class com.alibaba.nacos.client.naming.backups.datasource.DiskFailoverDataSource
2025-10-27T10:45:46.358+08:00  INFO 19864 --- [micro-demo-device] [main] c.alibaba.nacos.client.utils.ParamUtil   : PER_TASK_CONFIG_SIZE: 3000.0
2025-10-27T10:45:46.386+08:00  INFO 30504 --- [micro-demo-device] [main] com.alibaba.nacos.common.remote.client   : [RpcClientFactory] create a new rpc client of 3f4e1ea8-4b0a-4855-a54c-cf1d4d9807a5
2025-10-27T10:45:46.401+08:00  INFO 19864 --- [micro-demo-device] [main] c.a.n.p.a.s.c.ClientAuthPluginManager    : [ClientAuthPluginManager] Load ClientAuthService com.alibaba.nacos.client.auth.impl.NacosClientAuthServiceImpl success.
2025-10-27T10:45:46.401+08:00  INFO 19864 --- [micro-demo-device] [main] c.a.n.p.a.s.c.ClientAuthPluginManager    : [ClientAuthPluginManager] Load ClientAuthService com.alibaba.nacos.client.auth.ram.RamClientAuthServiceImpl success.
2025-10-27T10:45:46.430+08:00  INFO 44164 --- [micro-demo-device] [main] c.alibaba.nacos.client.utils.ParamUtil   : [settings] [req-serv] nacos-server port:8848
2025-10-27T10:45:46.437+08:00  INFO 44164 --- [micro-demo-device] [main] c.alibaba.nacos.client.utils.ParamUtil   : [settings] [http-client] connect timeout:1000
2025-10-27T10:45:46.444+08:00  INFO 44164 --- [micro-demo-device] [main] c.alibaba.nacos.client.utils.ParamUtil   : PER_TASK_CONFIG_SIZE: 3000.0
2025-10-27T10:45:46.471+08:00  INFO 19864 --- [micro-demo-device] [main] com.alibaba.nacos.common.remote.client   : [RpcClientFactory] create a new rpc client of e3f0a305-19dd-4155-b927-606c5a2c2019
2025-10-27T10:45:46.474+08:00  INFO 44164 --- [micro-demo-device] [main] c.a.n.p.a.s.c.ClientAuthPluginManager    : [ClientAuthPluginManager] Load ClientAuthService com.alibaba.nacos.client.auth.impl.NacosClientAuthServiceImpl success.
2025-10-27T10:45:46.475+08:00  INFO 44164 --- [micro-demo-device] [main] c.a.n.p.a.s.c.ClientAuthPluginManager    : [ClientAuthPluginManager] Load ClientAuthService com.alibaba.nacos.client.auth.ram.RamClientAuthServiceImpl success.
2025-10-27T10:45:46.518+08:00  INFO 30504 --- [micro-demo-device] [main] com.alibaba.nacos.client.naming          : Create naming rpc client for uuid->3f4e1ea8-4b0a-4855-a54c-cf1d4d9807a5
2025-10-27T10:45:46.519+08:00  INFO 30504 --- [micro-demo-device] [main] com.alibaba.nacos.common.remote.client   : [3f4e1ea8-4b0a-4855-a54c-cf1d4d9807a5] RpcClient init, ServerListFactory = com.alibaba.nacos.client.naming.core.ServerListManager
2025-10-27T10:45:46.519+08:00  INFO 30504 --- [micro-demo-device] [main] com.alibaba.nacos.common.remote.client   : [3f4e1ea8-4b0a-4855-a54c-cf1d4d9807a5] Registry connection listener to current client:com.alibaba.nacos.client.naming.remote.gprc.redo.NamingGrpcRedoService
2025-10-27T10:45:46.523+08:00  INFO 30504 --- [micro-demo-device] [main] com.alibaba.nacos.common.remote.client   : [3f4e1ea8-4b0a-4855-a54c-cf1d4d9807a5] Register server push request handler:com.alibaba.nacos.client.naming.remote.gprc.NamingPushRequestHandler
2025-10-27T10:45:46.539+08:00  INFO 30504 --- [micro-demo-device] [main] com.alibaba.nacos.common.remote.client   : [3f4e1ea8-4b0a-4855-a54c-cf1d4d9807a5] Try to connect to server on start up, server: {serverIp = 'localhost', server main port = 8848}
2025-10-27T10:45:46.531+08:00  INFO 44164 --- [micro-demo-device] [main] com.alibaba.nacos.common.remote.client   : [RpcClientFactory] create a new rpc client of a07b8ac3-211b-4f9b-9734-73d4e66e2be5
2025-10-27T10:45:46.614+08:00  INFO 19864 --- [micro-demo-device] [main] com.alibaba.nacos.client.naming          : Create naming rpc client for uuid->e3f0a305-19dd-4155-b927-606c5a2c2019
2025-10-27T10:45:46.620+08:00  INFO 19864 --- [micro-demo-device] [main] com.alibaba.nacos.common.remote.client   : [e3f0a305-19dd-4155-b927-606c5a2c2019] RpcClient init, ServerListFactory = com.alibaba.nacos.client.naming.core.ServerListManager
2025-10-27T10:45:46.625+08:00  INFO 19864 --- [micro-demo-device] [main] com.alibaba.nacos.common.remote.client   : [e3f0a305-19dd-4155-b927-606c5a2c2019] Registry connection listener to current client:com.alibaba.nacos.client.naming.remote.gprc.redo.NamingGrpcRedoService
2025-10-27T10:45:46.627+08:00  INFO 19864 --- [micro-demo-device] [main] com.alibaba.nacos.common.remote.client   : [e3f0a305-19dd-4155-b927-606c5a2c2019] Register server push request handler:com.alibaba.nacos.client.naming.remote.gprc.NamingPushRequestHandler
2025-10-27T10:45:46.646+08:00  INFO 19864 --- [micro-demo-device] [main] com.alibaba.nacos.common.remote.client   : [e3f0a305-19dd-4155-b927-606c5a2c2019] Try to connect to server on start up, server: {serverIp = 'localhost', server main port = 8848}
2025-10-27T10:45:46.681+08:00  INFO 44164 --- [micro-demo-device] [main] com.alibaba.nacos.client.naming          : Create naming rpc client for uuid->a07b8ac3-211b-4f9b-9734-73d4e66e2be5
2025-10-27T10:45:46.690+08:00  INFO 44164 --- [micro-demo-device] [main] com.alibaba.nacos.common.remote.client   : [a07b8ac3-211b-4f9b-9734-73d4e66e2be5] RpcClient init, ServerListFactory = com.alibaba.nacos.client.naming.core.ServerListManager
2025-10-27T10:45:46.691+08:00  INFO 44164 --- [micro-demo-device] [main] com.alibaba.nacos.common.remote.client   : [a07b8ac3-211b-4f9b-9734-73d4e66e2be5] Registry connection listener to current client:com.alibaba.nacos.client.naming.remote.gprc.redo.NamingGrpcRedoService
2025-10-27T10:45:46.692+08:00  INFO 44164 --- [micro-demo-device] [main] com.alibaba.nacos.common.remote.client   : [a07b8ac3-211b-4f9b-9734-73d4e66e2be5] Register server push request handler:com.alibaba.nacos.client.naming.remote.gprc.NamingPushRequestHandler
2025-10-27T10:45:46.721+08:00  INFO 44164 --- [micro-demo-device] [main] com.alibaba.nacos.common.remote.client   : [a07b8ac3-211b-4f9b-9734-73d4e66e2be5] Try to connect to server on start up, server: {serverIp = 'localhost', server main port = 8848}
2025-10-27T10:45:46.787+08:00  INFO 30504 --- [micro-demo-device] [main] c.a.n.c.remote.client.grpc.GrpcClient    : grpc client connection server:localhost ip,serverPort:9848,grpcTslConfig:{"sslProvider":"","enableTls":false,"mutualAuthEnable":false,"trustAll":false}
2025-10-27T10:45:46.857+08:00  INFO 19864 --- [micro-demo-device] [main] c.a.n.c.remote.client.grpc.GrpcClient    : grpc client connection server:localhost ip,serverPort:9848,grpcTslConfig:{"sslProvider":"","enableTls":false,"mutualAuthEnable":false,"trustAll":false}
2025-10-27T10:45:46.910+08:00  INFO 44164 --- [micro-demo-device] [main] c.a.n.c.remote.client.grpc.GrpcClient    : grpc client connection server:localhost ip,serverPort:9848,grpcTslConfig:{"sslProvider":"","enableTls":false,"mutualAuthEnable":false,"trustAll":false}
2025-10-27T10:45:49.537+08:00  WARN 30504 --- [micro-demo-device] [com.alibaba.nacos.client.naming.grpc.redo.0] com.alibaba.nacos.client.naming          : Grpc Connection is disconnect, skip current redo task
2025-10-27T10:45:49.623+08:00  WARN 19864 --- [micro-demo-device] [com.alibaba.nacos.client.naming.grpc.redo.0] com.alibaba.nacos.client.naming          : Grpc Connection is disconnect, skip current redo task
2025-10-27T10:45:49.685+08:00  WARN 44164 --- [micro-demo-device] [com.alibaba.nacos.client.naming.grpc.redo.0] com.alibaba.nacos.client.naming          : Grpc Connection is disconnect, skip current redo task
2025-10-27T10:45:50.107+08:00  INFO 30504 --- [micro-demo-device] [main] c.a.n.c.a.AbstractAbilityControlManager  : Ready to get current node abilities...
2025-10-27T10:45:50.111+08:00  INFO 30504 --- [micro-demo-device] [main] c.a.n.c.a.AbstractAbilityControlManager  : Ready to initialize current node abilities, support modes: [SDK_CLIENT]
2025-10-27T10:45:50.121+08:00  INFO 30504 --- [micro-demo-device] [main] c.a.n.c.a.AbstractAbilityControlManager  : Initialize current abilities finish...
2025-10-27T10:45:50.122+08:00  INFO 30504 --- [micro-demo-device] [main] c.a.n.c.a.d.NacosAbilityManagerHolder    : [AbilityControlManager] Successfully initialize AbilityControlManager
2025-10-27T10:45:50.131+08:00  INFO 19864 --- [micro-demo-device] [main] c.a.n.c.a.AbstractAbilityControlManager  : Ready to get current node abilities...
2025-10-27T10:45:50.139+08:00  INFO 19864 --- [micro-demo-device] [main] c.a.n.c.a.AbstractAbilityControlManager  : Ready to initialize current node abilities, support modes: [SDK_CLIENT]
2025-10-27T10:45:50.140+08:00  INFO 19864 --- [micro-demo-device] [main] c.a.n.c.a.AbstractAbilityControlManager  : Initialize current abilities finish...
2025-10-27T10:45:50.141+08:00  INFO 19864 --- [micro-demo-device] [main] c.a.n.c.a.d.NacosAbilityManagerHolder    : [AbilityControlManager] Successfully initialize AbilityControlManager
2025-10-27T10:45:50.247+08:00  INFO 30504 --- [micro-demo-device] [main] com.alibaba.nacos.common.remote.client   : [3f4e1ea8-4b0a-4855-a54c-cf1d4d9807a5] Success to connect to server [localhost:8848] on start up, connectionId = 1761533149846_127.0.0.1_65145
2025-10-27T10:45:50.247+08:00  INFO 30504 --- [micro-demo-device] [com.alibaba.nacos.client.remote.worker.0] com.alibaba.nacos.common.remote.client   : [3f4e1ea8-4b0a-4855-a54c-cf1d4d9807a5] Notify connected event to listeners.
2025-10-27T10:45:50.249+08:00  INFO 30504 --- [micro-demo-device] [com.alibaba.nacos.client.remote.worker.0] com.alibaba.nacos.client.naming          : Grpc connection connect
2025-10-27T10:45:50.253+08:00  INFO 30504 --- [micro-demo-device] [main] com.alibaba.nacos.common.remote.client   : [3f4e1ea8-4b0a-4855-a54c-cf1d4d9807a5] Register server push request handler:com.alibaba.nacos.common.remote.client.RpcClient$ConnectResetRequestHandler
2025-10-27T10:45:50.253+08:00  INFO 30504 --- [micro-demo-device] [main] com.alibaba.nacos.common.remote.client   : [3f4e1ea8-4b0a-4855-a54c-cf1d4d9807a5] Register server push request handler:com.alibaba.nacos.common.remote.client.RpcClient$$Lambda/0x0000016510641850
2025-10-27T10:45:50.256+08:00  INFO 30504 --- [micro-demo-device] [main] com.alibaba.nacos.client.naming          : [REGISTER-SERVICE] public registering service device-service with instance Instance{instanceId='null', ip='172.78.17.191', port=8001, weight=1.0, healthy=true, enabled=true, ephemeral=true, clusterName='DEFAULT', serviceName='null', metadata={IPv6=[2409:8a45:73:b480:b93e:2464:f150:1bc1], preserved.register.source=SPRING_CLOUD}}
2025-10-27T10:45:50.263+08:00  INFO 19864 --- [micro-demo-device] [main] com.alibaba.nacos.common.remote.client   : [e3f0a305-19dd-4155-b927-606c5a2c2019] Success to connect to server [localhost:8848] on start up, connectionId = 1761533149863_127.0.0.1_65146
2025-10-27T10:45:50.264+08:00  INFO 19864 --- [micro-demo-device] [com.alibaba.nacos.client.remote.worker.1] com.alibaba.nacos.common.remote.client   : [e3f0a305-19dd-4155-b927-606c5a2c2019] Notify connected event to listeners.
2025-10-27T10:45:50.265+08:00  INFO 19864 --- [micro-demo-device] [com.alibaba.nacos.client.remote.worker.1] com.alibaba.nacos.client.naming          : Grpc connection connect
2025-10-27T10:45:50.269+08:00  INFO 19864 --- [micro-demo-device] [main] com.alibaba.nacos.common.remote.client   : [e3f0a305-19dd-4155-b927-606c5a2c2019] Register server push request handler:com.alibaba.nacos.common.remote.client.RpcClient$ConnectResetRequestHandler
2025-10-27T10:45:50.272+08:00  INFO 19864 --- [micro-demo-device] [main] com.alibaba.nacos.common.remote.client   : [e3f0a305-19dd-4155-b927-606c5a2c2019] Register server push request handler:com.alibaba.nacos.common.remote.client.RpcClient$$Lambda/0x0000016681648220
2025-10-27T10:45:50.275+08:00  INFO 19864 --- [micro-demo-device] [main] com.alibaba.nacos.client.naming          : [REGISTER-SERVICE] public registering service device-service with instance Instance{instanceId='null', ip='172.78.17.191', port=8000, weight=1.0, healthy=true, enabled=true, ephemeral=true, clusterName='DEFAULT', serviceName='null', metadata={IPv6=[2409:8a45:73:b480:b93e:2464:f150:1bc1], preserved.register.source=SPRING_CLOUD}}
2025-10-27T10:45:50.334+08:00  INFO 30504 --- [micro-demo-device] [main] c.a.c.n.registry.NacosServiceRegistry    : nacos registry, DEFAULT_GROUP device-service 172.78.17.191:8001 register finished
2025-10-27T10:45:50.346+08:00  INFO 19864 --- [micro-demo-device] [main] c.a.c.n.registry.NacosServiceRegistry    : nacos registry, DEFAULT_GROUP device-service 172.78.17.191:8000 register finished
2025-10-27T10:45:50.429+08:00  INFO 30504 --- [micro-demo-device] [main] c.t.micro.demo.device.DeviceApplication  : Started DeviceApplication in 16.513 seconds (process running for 16.884)
2025-10-27T10:45:50.471+08:00  INFO 19864 --- [micro-demo-device] [main] c.t.micro.demo.device.DeviceApplication  : Started DeviceApplication in 20.074 seconds (process running for 20.438)
2025-10-27T10:45:51.651+08:00  INFO 44164 --- [micro-demo-device] [main] c.a.n.c.a.AbstractAbilityControlManager  : Ready to get current node abilities...
2025-10-27T10:45:51.654+08:00  INFO 44164 --- [micro-demo-device] [main] c.a.n.c.a.AbstractAbilityControlManager  : Ready to initialize current node abilities, support modes: [SDK_CLIENT]
2025-10-27T10:45:51.655+08:00  INFO 44164 --- [micro-demo-device] [main] c.a.n.c.a.AbstractAbilityControlManager  : Initialize current abilities finish...
2025-10-27T10:45:51.657+08:00  INFO 44164 --- [micro-demo-device] [main] c.a.n.c.a.d.NacosAbilityManagerHolder    : [AbilityControlManager] Successfully initialize AbilityControlManager
2025-10-27T10:45:51.774+08:00  INFO 44164 --- [micro-demo-device] [main] com.alibaba.nacos.common.remote.client   : [a07b8ac3-211b-4f9b-9734-73d4e66e2be5] Success to connect to server [localhost:8848] on start up, connectionId = 1761533150998_127.0.0.1_65159
2025-10-27T10:45:51.776+08:00  INFO 44164 --- [micro-demo-device] [com.alibaba.nacos.client.remote.worker.0] com.alibaba.nacos.common.remote.client   : [a07b8ac3-211b-4f9b-9734-73d4e66e2be5] Notify connected event to listeners.
2025-10-27T10:45:51.777+08:00  INFO 44164 --- [micro-demo-device] [main] com.alibaba.nacos.common.remote.client   : [a07b8ac3-211b-4f9b-9734-73d4e66e2be5] Register server push request handler:com.alibaba.nacos.common.remote.client.RpcClient$ConnectResetRequestHandler
2025-10-27T10:45:51.777+08:00  INFO 44164 --- [micro-demo-device] [com.alibaba.nacos.client.remote.worker.0] com.alibaba.nacos.client.naming          : Grpc connection connect
2025-10-27T10:45:51.777+08:00  INFO 44164 --- [micro-demo-device] [main] com.alibaba.nacos.common.remote.client   : [a07b8ac3-211b-4f9b-9734-73d4e66e2be5] Register server push request handler:com.alibaba.nacos.common.remote.client.RpcClient$$Lambda/0x000001abcd642088
2025-10-27T10:45:51.778+08:00  INFO 44164 --- [micro-demo-device] [main] com.alibaba.nacos.client.naming          : [REGISTER-SERVICE] public registering service device-service with instance Instance{instanceId='null', ip='172.78.17.191', port=8002, weight=1.0, healthy=true, enabled=true, ephemeral=true, clusterName='DEFAULT', serviceName='null', metadata={IPv6=[2409:8a45:73:b480:b93e:2464:f150:1bc1], preserved.register.source=SPRING_CLOUD}}
2025-10-27T10:45:51.834+08:00  INFO 44164 --- [micro-demo-device] [main] c.a.c.n.registry.NacosServiceRegistry    : nacos registry, DEFAULT_GROUP device-service 172.78.17.191:8002 register finished
2025-10-27T10:45:51.943+08:00  INFO 44164 --- [micro-demo-device] [main] c.t.micro.demo.device.DeviceApplication  : Started DeviceApplication in 15.298 seconds (process running for 15.704)
2025-10-27T10:51:41.540+08:00  INFO 19864 --- [micro-demo-device] [http-nio-8000-exec-1] o.a.c.c.C.[Tomcat].[localhost].[/]       : Initializing Spring DispatcherServlet 'dispatcherServlet'
2025-10-27T10:51:41.541+08:00  INFO 19864 --- [micro-demo-device] [http-nio-8000-exec-1] o.s.web.servlet.DispatcherServlet        : Initializing Servlet 'dispatcherServlet'
2025-10-27T10:51:41.546+08:00  INFO 19864 --- [micro-demo-device] [http-nio-8000-exec-1] o.s.web.servlet.DispatcherServlet        : Completed initialization in 5 ms
2025-10-27T10:51:44.572+08:00  INFO 44164 --- [micro-demo-device] [http-nio-8002-exec-1] o.a.c.c.C.[Tomcat].[localhost].[/]       : Initializing Spring DispatcherServlet 'dispatcherServlet'
2025-10-27T10:51:44.573+08:00  INFO 44164 --- [micro-demo-device] [http-nio-8002-exec-1] o.s.web.servlet.DispatcherServlet        : Initializing Servlet 'dispatcherServlet'
2025-10-27T10:51:44.580+08:00  INFO 44164 --- [micro-demo-device] [http-nio-8002-exec-1] o.s.web.servlet.DispatcherServlet        : Completed initialization in 7 ms
2025-10-27T10:51:46.364+08:00  INFO 30504 --- [micro-demo-device] [http-nio-8001-exec-1] o.a.c.c.C.[Tomcat].[localhost].[/]       : Initializing Spring DispatcherServlet 'dispatcherServlet'
2025-10-27T10:51:46.365+08:00  INFO 30504 --- [micro-demo-device] [http-nio-8001-exec-1] o.s.web.servlet.DispatcherServlet        : Initializing Servlet 'dispatcherServlet'
2025-10-27T10:51:46.370+08:00  INFO 30504 --- [micro-demo-device] [http-nio-8001-exec-1] o.s.web.servlet.DispatcherServlet        : Completed initialization in 4 ms
2025-10-27T10:52:58.109+08:00  WARN 44164 --- [micro-demo-device] [Thread-5] c.a.nacos.common.notify.NotifyCenter     : [NotifyCenter] Start destroying Publisher
2025-10-27T10:52:58.109+08:00  WARN 44164 --- [micro-demo-device] [Thread-7] c.a.n.common.http.HttpClientBeanHolder   : [HttpClientBeanHolder] Start destroying common HttpClient
2025-10-27T10:52:58.110+08:00  WARN 44164 --- [micro-demo-device] [Thread-5] c.a.nacos.common.notify.NotifyCenter     : [NotifyCenter] Destruction of the end
2025-10-27T10:52:58.111+08:00  WARN 44164 --- [micro-demo-device] [Thread-7] c.a.n.common.http.HttpClientBeanHolder   : [HttpClientBeanHolder] Destruction of the end
2025-10-27T10:52:58.119+08:00  INFO 44164 --- [micro-demo-device] [SpringApplicationShutdownHook] c.a.c.n.registry.NacosServiceRegistry    : De-registering from Nacos Server now...
2025-10-27T10:52:58.119+08:00  INFO 44164 --- [micro-demo-device] [SpringApplicationShutdownHook] com.alibaba.nacos.client.naming          : [DEREGISTER-SERVICE] public deregistering service device-service with instance: Instance{instanceId='null', ip='172.78.17.191', port=8002, weight=1.0, healthy=true, enabled=true, ephemeral=true, clusterName='DEFAULT', serviceName='null', metadata={}}
2025-10-27T10:52:58.122+08:00  INFO 44164 --- [micro-demo-device] [SpringApplicationShutdownHook] c.a.c.n.registry.NacosServiceRegistry    : De-registration finished.
2025-10-27T10:52:58.122+08:00  INFO 44164 --- [micro-demo-device] [SpringApplicationShutdownHook] com.alibaba.nacos.client.naming          : com.alibaba.nacos.client.naming.cache.ServiceInfoHolder do shutdown begin
2025-10-27T10:52:58.122+08:00  INFO 44164 --- [micro-demo-device] [SpringApplicationShutdownHook] com.alibaba.nacos.client.naming          : com.alibaba.nacos.client.naming.backups.FailoverReactor do shutdown begin
2025-10-27T10:52:58.122+08:00  INFO 44164 --- [micro-demo-device] [SpringApplicationShutdownHook] com.alibaba.nacos.client.naming          : com.alibaba.nacos.client.naming.backups.FailoverReactor do shutdown stop
2025-10-27T10:52:58.122+08:00  INFO 44164 --- [micro-demo-device] [SpringApplicationShutdownHook] com.alibaba.nacos.client.naming          : com.alibaba.nacos.client.naming.cache.ServiceInfoHolder do shutdown stop
2025-10-27T10:52:58.122+08:00  INFO 44164 --- [micro-demo-device] [SpringApplicationShutdownHook] com.alibaba.nacos.client.naming          : com.alibaba.nacos.client.naming.remote.NamingClientProxyDelegate do shutdown begin
2025-10-27T10:52:58.122+08:00  INFO 44164 --- [micro-demo-device] [SpringApplicationShutdownHook] com.alibaba.nacos.client.naming          : com.alibaba.nacos.client.naming.core.ServiceInfoUpdateService do shutdown begin
2025-10-27T10:52:58.124+08:00  INFO 44164 --- [micro-demo-device] [SpringApplicationShutdownHook] com.alibaba.nacos.client.naming          : com.alibaba.nacos.client.naming.core.ServiceInfoUpdateService do shutdown stop
2025-10-27T10:52:58.124+08:00  INFO 44164 --- [micro-demo-device] [SpringApplicationShutdownHook] com.alibaba.nacos.client.naming          : com.alibaba.nacos.client.naming.core.ServerListManager do shutdown begin
2025-10-27T10:52:58.124+08:00  WARN 44164 --- [micro-demo-device] [SpringApplicationShutdownHook] com.alibaba.nacos.client.naming          : [NamingHttpClientManager] Start destroying NacosRestTemplate
2025-10-27T10:52:58.124+08:00  WARN 44164 --- [micro-demo-device] [SpringApplicationShutdownHook] com.alibaba.nacos.client.naming          : [NamingHttpClientManager] Destruction of the end
2025-10-27T10:52:58.124+08:00  INFO 44164 --- [micro-demo-device] [SpringApplicationShutdownHook] com.alibaba.nacos.client.naming          : com.alibaba.nacos.client.naming.core.ServerListManager do shutdown stop
2025-10-27T10:52:58.124+08:00  INFO 44164 --- [micro-demo-device] [SpringApplicationShutdownHook] com.alibaba.nacos.client.naming          : com.alibaba.nacos.client.naming.remote.http.NamingHttpClientProxy do shutdown begin
2025-10-27T10:52:58.124+08:00  WARN 44164 --- [micro-demo-device] [SpringApplicationShutdownHook] com.alibaba.nacos.client.naming          : [NamingHttpClientManager] Start destroying NacosRestTemplate
2025-10-27T10:52:58.124+08:00  WARN 44164 --- [micro-demo-device] [SpringApplicationShutdownHook] com.alibaba.nacos.client.naming          : [NamingHttpClientManager] Destruction of the end
2025-10-27T10:52:58.124+08:00  INFO 44164 --- [micro-demo-device] [SpringApplicationShutdownHook] com.alibaba.nacos.client.naming          : com.alibaba.nacos.client.naming.remote.http.NamingHttpClientProxy do shutdown stop
2025-10-27T10:52:58.124+08:00  INFO 44164 --- [micro-demo-device] [SpringApplicationShutdownHook] com.alibaba.nacos.client.naming          : Shutdown naming grpc client proxy for  uuid->a07b8ac3-211b-4f9b-9734-73d4e66e2be5
2025-10-27T10:52:58.124+08:00  INFO 44164 --- [micro-demo-device] [SpringApplicationShutdownHook] com.alibaba.nacos.client.naming          : Shutdown grpc redo service executor java.util.concurrent.ScheduledThreadPoolExecutor@19002b34[Running, pool size = 1, active threads = 0, queued tasks = 1, completed tasks = 143]
2025-10-27T10:52:58.124+08:00  INFO 44164 --- [micro-demo-device] [SpringApplicationShutdownHook] com.alibaba.nacos.common.remote.client   : Shutdown rpc client, set status to shutdown
2025-10-27T10:52:58.124+08:00  INFO 44164 --- [micro-demo-device] [SpringApplicationShutdownHook] com.alibaba.nacos.common.remote.client   : Shutdown client event executor java.util.concurrent.ScheduledThreadPoolExecutor@4975dda1[Running, pool size = 2, active threads = 2, queued tasks = 0, completed tasks = 0]
2025-10-27T10:52:58.124+08:00  INFO 44164 --- [micro-demo-device] [SpringApplicationShutdownHook] com.alibaba.nacos.common.remote.client   : Close current connection 1761533150998_127.0.0.1_65159
2025-10-27T10:52:58.126+08:00  INFO 44164 --- [micro-demo-device] [nacos-grpc-client-executor-localhost-99] c.a.n.c.remote.client.grpc.GrpcClient    : [1761533150998_127.0.0.1_65159]Ignore complete event,isRunning:false,isAbandon=false
2025-10-27T10:52:58.126+08:00  INFO 44164 --- [micro-demo-device] [SpringApplicationShutdownHook] c.a.n.c.remote.client.grpc.GrpcClient    : Shutdown grpc executor java.util.concurrent.ThreadPoolExecutor@25f0c5e7[Running, pool size = 4, active threads = 0, queued tasks = 0, completed tasks = 100]
2025-10-27T10:52:58.126+08:00  INFO 44164 --- [micro-demo-device] [SpringApplicationShutdownHook] com.alibaba.nacos.client.naming          : shutdown and remove naming rpc client  for uuid ->a07b8ac3-211b-4f9b-9734-73d4e66e2be5
2025-10-27T10:52:58.127+08:00  INFO 44164 --- [micro-demo-device] [SpringApplicationShutdownHook] c.a.n.c.a.r.identify.CredentialWatcher   : [null] CredentialWatcher is stopped
2025-10-27T10:52:58.127+08:00  INFO 44164 --- [micro-demo-device] [SpringApplicationShutdownHook] c.a.n.c.a.r.identify.CredentialService   : [null] CredentialService is freed
2025-10-27T10:52:58.127+08:00  INFO 44164 --- [micro-demo-device] [SpringApplicationShutdownHook] com.alibaba.nacos.client.naming          : com.alibaba.nacos.client.naming.remote.NamingClientProxyDelegate do shutdown stop
2025-10-27T10:53:01.488+08:00  WARN 30504 --- [micro-demo-device] [Thread-7] c.a.n.common.http.HttpClientBeanHolder   : [HttpClientBeanHolder] Start destroying common HttpClient
2025-10-27T10:53:01.488+08:00  WARN 30504 --- [micro-demo-device] [Thread-5] c.a.nacos.common.notify.NotifyCenter     : [NotifyCenter] Start destroying Publisher
2025-10-27T10:53:01.488+08:00  WARN 30504 --- [micro-demo-device] [Thread-5] c.a.nacos.common.notify.NotifyCenter     : [NotifyCenter] Destruction of the end
2025-10-27T10:53:01.489+08:00  WARN 30504 --- [micro-demo-device] [Thread-7] c.a.n.common.http.HttpClientBeanHolder   : [HttpClientBeanHolder] Destruction of the end
2025-10-27T10:53:01.499+08:00  INFO 30504 --- [micro-demo-device] [SpringApplicationShutdownHook] c.a.c.n.registry.NacosServiceRegistry    : De-registering from Nacos Server now...
2025-10-27T10:53:01.499+08:00  INFO 30504 --- [micro-demo-device] [SpringApplicationShutdownHook] com.alibaba.nacos.client.naming          : [DEREGISTER-SERVICE] public deregistering service device-service with instance: Instance{instanceId='null', ip='172.78.17.191', port=8001, weight=1.0, healthy=true, enabled=true, ephemeral=true, clusterName='DEFAULT', serviceName='null', metadata={}}
2025-10-27T10:53:01.502+08:00  INFO 30504 --- [micro-demo-device] [SpringApplicationShutdownHook] c.a.c.n.registry.NacosServiceRegistry    : De-registration finished.
2025-10-27T10:53:01.503+08:00  INFO 30504 --- [micro-demo-device] [SpringApplicationShutdownHook] com.alibaba.nacos.client.naming          : com.alibaba.nacos.client.naming.cache.ServiceInfoHolder do shutdown begin
2025-10-27T10:53:01.503+08:00  INFO 30504 --- [micro-demo-device] [SpringApplicationShutdownHook] com.alibaba.nacos.client.naming          : com.alibaba.nacos.client.naming.backups.FailoverReactor do shutdown begin
2025-10-27T10:53:01.503+08:00  INFO 30504 --- [micro-demo-device] [SpringApplicationShutdownHook] com.alibaba.nacos.client.naming          : com.alibaba.nacos.client.naming.backups.FailoverReactor do shutdown stop
2025-10-27T10:53:01.503+08:00  INFO 30504 --- [micro-demo-device] [SpringApplicationShutdownHook] com.alibaba.nacos.client.naming          : com.alibaba.nacos.client.naming.cache.ServiceInfoHolder do shutdown stop
2025-10-27T10:53:01.503+08:00  INFO 30504 --- [micro-demo-device] [SpringApplicationShutdownHook] com.alibaba.nacos.client.naming          : com.alibaba.nacos.client.naming.remote.NamingClientProxyDelegate do shutdown begin
2025-10-27T10:53:01.503+08:00  INFO 30504 --- [micro-demo-device] [SpringApplicationShutdownHook] com.alibaba.nacos.client.naming          : com.alibaba.nacos.client.naming.core.ServiceInfoUpdateService do shutdown begin
2025-10-27T10:53:01.503+08:00  INFO 30504 --- [micro-demo-device] [SpringApplicationShutdownHook] com.alibaba.nacos.client.naming          : com.alibaba.nacos.client.naming.core.ServiceInfoUpdateService do shutdown stop
2025-10-27T10:53:01.503+08:00  INFO 30504 --- [micro-demo-device] [SpringApplicationShutdownHook] com.alibaba.nacos.client.naming          : com.alibaba.nacos.client.naming.core.ServerListManager do shutdown begin
2025-10-27T10:53:01.503+08:00  WARN 30504 --- [micro-demo-device] [SpringApplicationShutdownHook] com.alibaba.nacos.client.naming          : [NamingHttpClientManager] Start destroying NacosRestTemplate
2025-10-27T10:53:01.503+08:00  WARN 30504 --- [micro-demo-device] [SpringApplicationShutdownHook] com.alibaba.nacos.client.naming          : [NamingHttpClientManager] Destruction of the end
2025-10-27T10:53:01.503+08:00  INFO 30504 --- [micro-demo-device] [SpringApplicationShutdownHook] com.alibaba.nacos.client.naming          : com.alibaba.nacos.client.naming.core.ServerListManager do shutdown stop
2025-10-27T10:53:01.503+08:00  INFO 30504 --- [micro-demo-device] [SpringApplicationShutdownHook] com.alibaba.nacos.client.naming          : com.alibaba.nacos.client.naming.remote.http.NamingHttpClientProxy do shutdown begin
2025-10-27T10:53:01.503+08:00  WARN 30504 --- [micro-demo-device] [SpringApplicationShutdownHook] com.alibaba.nacos.client.naming          : [NamingHttpClientManager] Start destroying NacosRestTemplate
2025-10-27T10:53:01.503+08:00  WARN 30504 --- [micro-demo-device] [SpringApplicationShutdownHook] com.alibaba.nacos.client.naming          : [NamingHttpClientManager] Destruction of the end
2025-10-27T10:53:01.503+08:00  INFO 30504 --- [micro-demo-device] [SpringApplicationShutdownHook] com.alibaba.nacos.client.naming          : com.alibaba.nacos.client.naming.remote.http.NamingHttpClientProxy do shutdown stop
2025-10-27T10:53:01.503+08:00  INFO 30504 --- [micro-demo-device] [SpringApplicationShutdownHook] com.alibaba.nacos.client.naming          : Shutdown naming grpc client proxy for  uuid->3f4e1ea8-4b0a-4855-a54c-cf1d4d9807a5
2025-10-27T10:53:01.503+08:00  INFO 30504 --- [micro-demo-device] [SpringApplicationShutdownHook] com.alibaba.nacos.client.naming          : Shutdown grpc redo service executor java.util.concurrent.ScheduledThreadPoolExecutor@3dfd7eaa[Running, pool size = 1, active threads = 0, queued tasks = 1, completed tasks = 144]
2025-10-27T10:53:01.504+08:00  INFO 30504 --- [micro-demo-device] [SpringApplicationShutdownHook] com.alibaba.nacos.common.remote.client   : Shutdown rpc client, set status to shutdown
2025-10-27T10:53:01.504+08:00  INFO 30504 --- [micro-demo-device] [SpringApplicationShutdownHook] com.alibaba.nacos.common.remote.client   : Shutdown client event executor java.util.concurrent.ScheduledThreadPoolExecutor@68aec50[Running, pool size = 2, active threads = 2, queued tasks = 0, completed tasks = 0]
2025-10-27T10:53:01.504+08:00  INFO 30504 --- [micro-demo-device] [SpringApplicationShutdownHook] com.alibaba.nacos.common.remote.client   : Close current connection 1761533149846_127.0.0.1_65145
2025-10-27T10:53:01.506+08:00  INFO 30504 --- [micro-demo-device] [nacos-grpc-client-executor-localhost-107] c.a.n.c.remote.client.grpc.GrpcClient    : [1761533149846_127.0.0.1_65145]Ignore complete event,isRunning:false,isAbandon=false
2025-10-27T10:53:01.507+08:00  INFO 30504 --- [micro-demo-device] [SpringApplicationShutdownHook] c.a.n.c.remote.client.grpc.GrpcClient    : Shutdown grpc executor java.util.concurrent.ThreadPoolExecutor@1e92c3b6[Running, pool size = 4, active threads = 0, queued tasks = 0, completed tasks = 108]
2025-10-27T10:53:01.507+08:00  INFO 30504 --- [micro-demo-device] [SpringApplicationShutdownHook] com.alibaba.nacos.client.naming          : shutdown and remove naming rpc client  for uuid ->3f4e1ea8-4b0a-4855-a54c-cf1d4d9807a5
2025-10-27T10:53:01.507+08:00  INFO 30504 --- [micro-demo-device] [SpringApplicationShutdownHook] c.a.n.c.a.r.identify.CredentialWatcher   : [null] CredentialWatcher is stopped
2025-10-27T10:53:01.507+08:00  INFO 30504 --- [micro-demo-device] [SpringApplicationShutdownHook] c.a.n.c.a.r.identify.CredentialService   : [null] CredentialService is freed
2025-10-27T10:53:01.507+08:00  INFO 30504 --- [micro-demo-device] [SpringApplicationShutdownHook] com.alibaba.nacos.client.naming          : com.alibaba.nacos.client.naming.remote.NamingClientProxyDelegate do shutdown stop
2025-10-27T10:53:02.418+08:00  INFO 2792 --- [micro-demo-device] [main] c.t.micro.demo.device.DeviceApplication  : Starting DeviceApplication using Java 21.0.7 with PID 2792 (I:\20250820\micro-demo-2507\micro-demo-device\target\classes started by snl19 in I:\20250820\micro-demo-2507)
2025-10-27T10:53:02.421+08:00  INFO 2792 --- [micro-demo-device] [main] c.t.micro.demo.device.DeviceApplication  : No active profile set, falling back to 1 default profile: "default"
2025-10-27T10:53:03.305+08:00  INFO 2792 --- [micro-demo-device] [main] o.s.cloud.context.scope.GenericScope     : BeanFactory id=377de5af-0947-3806-9217-991b1c5a3afc
2025-10-27T10:53:03.678+08:00  INFO 26292 --- [micro-demo-device] [main] c.t.micro.demo.device.DeviceApplication  : Starting DeviceApplication using Java 21.0.7 with PID 26292 (I:\20250820\micro-demo-2507\micro-demo-device\target\classes started by snl19 in I:\20250820\micro-demo-2507)
2025-10-27T10:53:03.679+08:00  INFO 26292 --- [micro-demo-device] [main] c.t.micro.demo.device.DeviceApplication  : No active profile set, falling back to 1 default profile: "default"
2025-10-27T10:53:03.682+08:00  INFO 2792 --- [micro-demo-device] [main] o.s.b.w.embedded.tomcat.TomcatWebServer  : Tomcat initialized with port 8002 (http)
2025-10-27T10:53:03.697+08:00  INFO 2792 --- [micro-demo-device] [main] o.apache.catalina.core.StandardService   : Starting service [Tomcat]
2025-10-27T10:53:03.698+08:00  INFO 2792 --- [micro-demo-device] [main] o.apache.catalina.core.StandardEngine    : Starting Servlet engine: [Apache Tomcat/10.1.28]
2025-10-27T10:53:03.773+08:00  INFO 2792 --- [micro-demo-device] [main] o.a.c.c.C.[Tomcat].[localhost].[/]       : Initializing Spring embedded WebApplicationContext
2025-10-27T10:53:03.773+08:00  INFO 2792 --- [micro-demo-device] [main] w.s.c.ServletWebServerApplicationContext : Root WebApplicationContext: initialization completed in 1299 ms
2025-10-27T10:53:04.621+08:00  INFO 26292 --- [micro-demo-device] [main] o.s.cloud.context.scope.GenericScope     : BeanFactory id=377de5af-0947-3806-9217-991b1c5a3afc
2025-10-27T10:53:04.980+08:00  INFO 26292 --- [micro-demo-device] [main] o.s.b.w.embedded.tomcat.TomcatWebServer  : Tomcat initialized with port 8001 (http)
2025-10-27T10:53:04.995+08:00  INFO 26292 --- [micro-demo-device] [main] o.apache.catalina.core.StandardService   : Starting service [Tomcat]
2025-10-27T10:53:04.995+08:00  INFO 26292 --- [micro-demo-device] [main] o.apache.catalina.core.StandardEngine    : Starting Servlet engine: [Apache Tomcat/10.1.28]
2025-10-27T10:53:05.061+08:00  INFO 26292 --- [micro-demo-device] [main] o.a.c.c.C.[Tomcat].[localhost].[/]       : Initializing Spring embedded WebApplicationContext
2025-10-27T10:53:05.061+08:00  INFO 26292 --- [micro-demo-device] [main] w.s.c.ServletWebServerApplicationContext : Root WebApplicationContext: initialization completed in 1337 ms
2025-10-27T10:53:15.956+08:00  INFO 26292 --- [micro-demo-device] [main] o.s.b.w.embedded.tomcat.TomcatWebServer  : Tomcat started on port 8001 (http) with context path '/'
2025-10-27T10:53:15.964+08:00  INFO 2792 --- [micro-demo-device] [main] o.s.b.w.embedded.tomcat.TomcatWebServer  : Tomcat started on port 8002 (http) with context path '/'
2025-10-27T10:53:15.965+08:00  INFO 26292 --- [micro-demo-device] [main] com.alibaba.nacos.client.naming          : initializer namespace from ans.namespace attribute : null
2025-10-27T10:53:15.967+08:00  INFO 26292 --- [micro-demo-device] [main] com.alibaba.nacos.client.naming          : initializer namespace from ALIBABA_ALIWARE_NAMESPACE attribute :null
2025-10-27T10:53:15.972+08:00  INFO 26292 --- [micro-demo-device] [main] com.alibaba.nacos.client.naming          : initializer namespace from namespace attribute :null
2025-10-27T10:53:15.972+08:00  INFO 26292 --- [micro-demo-device] [Thread-3] c.a.n.c.a.r.identify.CredentialWatcher   : null No credential found
2025-10-27T10:53:15.974+08:00  INFO 2792 --- [micro-demo-device] [main] com.alibaba.nacos.client.naming          : initializer namespace from ans.namespace attribute : null
2025-10-27T10:53:15.977+08:00  INFO 2792 --- [micro-demo-device] [main] com.alibaba.nacos.client.naming          : initializer namespace from ALIBABA_ALIWARE_NAMESPACE attribute :null
2025-10-27T10:53:15.977+08:00  INFO 2792 --- [micro-demo-device] [main] com.alibaba.nacos.client.naming          : initializer namespace from namespace attribute :null
2025-10-27T10:53:15.978+08:00  INFO 2792 --- [micro-demo-device] [Thread-3] c.a.n.c.a.r.identify.CredentialWatcher   : null No credential found
2025-10-27T10:53:15.983+08:00  INFO 26292 --- [micro-demo-device] [main] com.alibaba.nacos.client.naming          : FailoverDataSource type is class com.alibaba.nacos.client.naming.backups.datasource.DiskFailoverDataSource
2025-10-27T10:53:15.994+08:00  INFO 2792 --- [micro-demo-device] [main] com.alibaba.nacos.client.naming          : FailoverDataSource type is class com.alibaba.nacos.client.naming.backups.datasource.DiskFailoverDataSource
2025-10-27T10:53:15.997+08:00  INFO 26292 --- [micro-demo-device] [main] c.alibaba.nacos.client.utils.ParamUtil   : [settings] [req-serv] nacos-server port:8848
2025-10-27T10:53:15.997+08:00  INFO 26292 --- [micro-demo-device] [main] c.alibaba.nacos.client.utils.ParamUtil   : [settings] [http-client] connect timeout:1000
2025-10-27T10:53:15.999+08:00  INFO 26292 --- [micro-demo-device] [main] c.alibaba.nacos.client.utils.ParamUtil   : PER_TASK_CONFIG_SIZE: 3000.0
2025-10-27T10:53:16.003+08:00  INFO 26292 --- [micro-demo-device] [main] c.a.n.p.a.s.c.ClientAuthPluginManager    : [ClientAuthPluginManager] Load ClientAuthService com.alibaba.nacos.client.auth.impl.NacosClientAuthServiceImpl success.
2025-10-27T10:53:16.003+08:00  INFO 26292 --- [micro-demo-device] [main] c.a.n.p.a.s.c.ClientAuthPluginManager    : [ClientAuthPluginManager] Load ClientAuthService com.alibaba.nacos.client.auth.ram.RamClientAuthServiceImpl success.
2025-10-27T10:53:16.007+08:00  INFO 2792 --- [micro-demo-device] [main] c.alibaba.nacos.client.utils.ParamUtil   : [settings] [req-serv] nacos-server port:8848
2025-10-27T10:53:16.007+08:00  INFO 2792 --- [micro-demo-device] [main] c.alibaba.nacos.client.utils.ParamUtil   : [settings] [http-client] connect timeout:1000
2025-10-27T10:53:16.009+08:00  INFO 2792 --- [micro-demo-device] [main] c.alibaba.nacos.client.utils.ParamUtil   : PER_TASK_CONFIG_SIZE: 3000.0
2025-10-27T10:53:16.011+08:00  INFO 26292 --- [micro-demo-device] [main] com.alibaba.nacos.common.remote.client   : [RpcClientFactory] create a new rpc client of 29243dba-8a4d-4573-b1f0-4caa4e367ccf
2025-10-27T10:53:16.014+08:00  INFO 2792 --- [micro-demo-device] [main] c.a.n.p.a.s.c.ClientAuthPluginManager    : [ClientAuthPluginManager] Load ClientAuthService com.alibaba.nacos.client.auth.impl.NacosClientAuthServiceImpl success.
2025-10-27T10:53:16.015+08:00  INFO 2792 --- [micro-demo-device] [main] c.a.n.p.a.s.c.ClientAuthPluginManager    : [ClientAuthPluginManager] Load ClientAuthService com.alibaba.nacos.client.auth.ram.RamClientAuthServiceImpl success.
2025-10-27T10:53:16.025+08:00  INFO 2792 --- [micro-demo-device] [main] com.alibaba.nacos.common.remote.client   : [RpcClientFactory] create a new rpc client of ce19670b-a7d2-472a-b434-a62c35e20c2b
2025-10-27T10:53:16.032+08:00  INFO 26292 --- [micro-demo-device] [main] com.alibaba.nacos.client.naming          : Create naming rpc client for uuid->29243dba-8a4d-4573-b1f0-4caa4e367ccf
2025-10-27T10:53:16.032+08:00  INFO 26292 --- [micro-demo-device] [main] com.alibaba.nacos.common.remote.client   : [29243dba-8a4d-4573-b1f0-4caa4e367ccf] RpcClient init, ServerListFactory = com.alibaba.nacos.client.naming.core.ServerListManager
2025-10-27T10:53:16.032+08:00  INFO 26292 --- [micro-demo-device] [main] com.alibaba.nacos.common.remote.client   : [29243dba-8a4d-4573-b1f0-4caa4e367ccf] Registry connection listener to current client:com.alibaba.nacos.client.naming.remote.gprc.redo.NamingGrpcRedoService
2025-10-27T10:53:16.033+08:00  INFO 26292 --- [micro-demo-device] [main] com.alibaba.nacos.common.remote.client   : [29243dba-8a4d-4573-b1f0-4caa4e367ccf] Register server push request handler:com.alibaba.nacos.client.naming.remote.gprc.NamingPushRequestHandler
2025-10-27T10:53:16.036+08:00  INFO 26292 --- [micro-demo-device] [main] com.alibaba.nacos.common.remote.client   : [29243dba-8a4d-4573-b1f0-4caa4e367ccf] Try to connect to server on start up, server: {serverIp = 'localhost', server main port = 8848}
2025-10-27T10:53:16.051+08:00  INFO 2792 --- [micro-demo-device] [main] com.alibaba.nacos.client.naming          : Create naming rpc client for uuid->ce19670b-a7d2-472a-b434-a62c35e20c2b
2025-10-27T10:53:16.051+08:00  INFO 2792 --- [micro-demo-device] [main] com.alibaba.nacos.common.remote.client   : [ce19670b-a7d2-472a-b434-a62c35e20c2b] RpcClient init, ServerListFactory = com.alibaba.nacos.client.naming.core.ServerListManager
2025-10-27T10:53:16.051+08:00  INFO 2792 --- [micro-demo-device] [main] com.alibaba.nacos.common.remote.client   : [ce19670b-a7d2-472a-b434-a62c35e20c2b] Registry connection listener to current client:com.alibaba.nacos.client.naming.remote.gprc.redo.NamingGrpcRedoService
2025-10-27T10:53:16.051+08:00  INFO 2792 --- [micro-demo-device] [main] com.alibaba.nacos.common.remote.client   : [ce19670b-a7d2-472a-b434-a62c35e20c2b] Register server push request handler:com.alibaba.nacos.client.naming.remote.gprc.NamingPushRequestHandler
2025-10-27T10:53:16.053+08:00  INFO 2792 --- [micro-demo-device] [main] com.alibaba.nacos.common.remote.client   : [ce19670b-a7d2-472a-b434-a62c35e20c2b] Try to connect to server on start up, server: {serverIp = 'localhost', server main port = 8848}
2025-10-27T10:53:16.071+08:00  INFO 26292 --- [micro-demo-device] [main] c.a.n.c.remote.client.grpc.GrpcClient    : grpc client connection server:localhost ip,serverPort:9848,grpcTslConfig:{"sslProvider":"","enableTls":false,"mutualAuthEnable":false,"trustAll":false}
2025-10-27T10:53:16.087+08:00  INFO 2792 --- [micro-demo-device] [main] c.a.n.c.remote.client.grpc.GrpcClient    : grpc client connection server:localhost ip,serverPort:9848,grpcTslConfig:{"sslProvider":"","enableTls":false,"mutualAuthEnable":false,"trustAll":false}
2025-10-27T10:53:16.577+08:00  INFO 26292 --- [micro-demo-device] [main] c.a.n.c.a.AbstractAbilityControlManager  : Ready to get current node abilities...
2025-10-27T10:53:16.579+08:00  INFO 26292 --- [micro-demo-device] [main] c.a.n.c.a.AbstractAbilityControlManager  : Ready to initialize current node abilities, support modes: [SDK_CLIENT]
2025-10-27T10:53:16.580+08:00  INFO 26292 --- [micro-demo-device] [main] c.a.n.c.a.AbstractAbilityControlManager  : Initialize current abilities finish...
2025-10-27T10:53:16.580+08:00  INFO 26292 --- [micro-demo-device] [main] c.a.n.c.a.d.NacosAbilityManagerHolder    : [AbilityControlManager] Successfully initialize AbilityControlManager
2025-10-27T10:53:16.608+08:00  INFO 2792 --- [micro-demo-device] [main] c.a.n.c.a.AbstractAbilityControlManager  : Ready to get current node abilities...
2025-10-27T10:53:16.608+08:00  INFO 2792 --- [micro-demo-device] [main] c.a.n.c.a.AbstractAbilityControlManager  : Ready to initialize current node abilities, support modes: [SDK_CLIENT]
2025-10-27T10:53:16.609+08:00  INFO 2792 --- [micro-demo-device] [main] c.a.n.c.a.AbstractAbilityControlManager  : Initialize current abilities finish...
2025-10-27T10:53:16.609+08:00  INFO 2792 --- [micro-demo-device] [main] c.a.n.c.a.d.NacosAbilityManagerHolder    : [AbilityControlManager] Successfully initialize AbilityControlManager
2025-10-27T10:53:16.684+08:00  INFO 26292 --- [micro-demo-device] [main] com.alibaba.nacos.common.remote.client   : [29243dba-8a4d-4573-b1f0-4caa4e367ccf] Success to connect to server [localhost:8848] on start up, connectionId = 1761533596499_127.0.0.1_64303
2025-10-27T10:53:16.684+08:00  INFO 26292 --- [micro-demo-device] [com.alibaba.nacos.client.remote.worker.0] com.alibaba.nacos.common.remote.client   : [29243dba-8a4d-4573-b1f0-4caa4e367ccf] Notify connected event to listeners.
2025-10-27T10:53:16.684+08:00  INFO 26292 --- [micro-demo-device] [com.alibaba.nacos.client.remote.worker.0] com.alibaba.nacos.client.naming          : Grpc connection connect
2025-10-27T10:53:16.684+08:00  INFO 26292 --- [micro-demo-device] [main] com.alibaba.nacos.common.remote.client   : [29243dba-8a4d-4573-b1f0-4caa4e367ccf] Register server push request handler:com.alibaba.nacos.common.remote.client.RpcClient$ConnectResetRequestHandler
2025-10-27T10:53:16.685+08:00  INFO 26292 --- [micro-demo-device] [main] com.alibaba.nacos.common.remote.client   : [29243dba-8a4d-4573-b1f0-4caa4e367ccf] Register server push request handler:com.alibaba.nacos.common.remote.client.RpcClient$$Lambda/0x0000023dcc640df0
2025-10-27T10:53:16.685+08:00  INFO 26292 --- [micro-demo-device] [main] com.alibaba.nacos.client.naming          : [REGISTER-SERVICE] public registering service device-service with instance Instance{instanceId='null', ip='172.78.17.191', port=8001, weight=1.0, healthy=true, enabled=true, ephemeral=true, clusterName='DEFAULT', serviceName='null', metadata={IPv6=[2409:8a45:73:b480:b93e:2464:f150:1bc1], preserved.register.source=SPRING_CLOUD}}
2025-10-27T10:53:16.699+08:00  INFO 26292 --- [micro-demo-device] [main] c.a.c.n.registry.NacosServiceRegistry    : nacos registry, DEFAULT_GROUP device-service 172.78.17.191:8001 register finished
2025-10-27T10:53:16.707+08:00  INFO 26292 --- [micro-demo-device] [main] c.t.micro.demo.device.DeviceApplication  : Started DeviceApplication in 13.582 seconds (process running for 14.083)
2025-10-27T10:53:16.715+08:00  INFO 2792 --- [micro-demo-device] [main] com.alibaba.nacos.common.remote.client   : [ce19670b-a7d2-472a-b434-a62c35e20c2b] Success to connect to server [localhost:8848] on start up, connectionId = 1761533596541_127.0.0.1_64304
2025-10-27T10:53:16.715+08:00  INFO 2792 --- [micro-demo-device] [com.alibaba.nacos.client.remote.worker.0] com.alibaba.nacos.common.remote.client   : [ce19670b-a7d2-472a-b434-a62c35e20c2b] Notify connected event to listeners.
2025-10-27T10:53:16.716+08:00  INFO 2792 --- [micro-demo-device] [com.alibaba.nacos.client.remote.worker.0] com.alibaba.nacos.client.naming          : Grpc connection connect
2025-10-27T10:53:16.716+08:00  INFO 2792 --- [micro-demo-device] [main] com.alibaba.nacos.common.remote.client   : [ce19670b-a7d2-472a-b434-a62c35e20c2b] Register server push request handler:com.alibaba.nacos.common.remote.client.RpcClient$ConnectResetRequestHandler
2025-10-27T10:53:16.716+08:00  INFO 2792 --- [micro-demo-device] [main] com.alibaba.nacos.common.remote.client   : [ce19670b-a7d2-472a-b434-a62c35e20c2b] Register server push request handler:com.alibaba.nacos.common.remote.client.RpcClient$$Lambda/0x00000198b8642088
2025-10-27T10:53:16.717+08:00  INFO 2792 --- [micro-demo-device] [main] com.alibaba.nacos.client.naming          : [REGISTER-SERVICE] public registering service device-service with instance Instance{instanceId='null', ip='172.78.17.191', port=8002, weight=1.0, healthy=true, enabled=true, ephemeral=true, clusterName='DEFAULT', serviceName='null', metadata={IPv6=[2409:8a45:73:b480:b93e:2464:f150:1bc1], preserved.register.source=SPRING_CLOUD}}
2025-10-27T10:53:16.733+08:00  INFO 2792 --- [micro-demo-device] [main] c.a.c.n.registry.NacosServiceRegistry    : nacos registry, DEFAULT_GROUP device-service 172.78.17.191:8002 register finished
2025-10-27T10:53:16.743+08:00  INFO 2792 --- [micro-demo-device] [main] c.t.micro.demo.device.DeviceApplication  : Started DeviceApplication in 14.866 seconds (process running for 15.206)
2025-10-27T10:53:23.597+08:00  INFO 26292 --- [micro-demo-device] [http-nio-8001-exec-3] o.a.c.c.C.[Tomcat].[localhost].[/]       : Initializing Spring DispatcherServlet 'dispatcherServlet'
2025-10-27T10:53:23.598+08:00  INFO 26292 --- [micro-demo-device] [http-nio-8001-exec-3] o.s.web.servlet.DispatcherServlet        : Initializing Servlet 'dispatcherServlet'
2025-10-27T10:53:23.601+08:00  INFO 26292 --- [micro-demo-device] [http-nio-8001-exec-3] o.s.web.servlet.DispatcherServlet        : Completed initialization in 2 ms
2025-10-27T10:53:26.455+08:00  INFO 2792 --- [micro-demo-device] [http-nio-8002-exec-2] o.a.c.c.C.[Tomcat].[localhost].[/]       : Initializing Spring DispatcherServlet 'dispatcherServlet'
2025-10-27T10:53:26.456+08:00  INFO 2792 --- [micro-demo-device] [http-nio-8002-exec-2] o.s.web.servlet.DispatcherServlet        : Initializing Servlet 'dispatcherServlet'
2025-10-27T10:53:26.460+08:00  INFO 2792 --- [micro-demo-device] [http-nio-8002-exec-2] o.s.web.servlet.DispatcherServlet        : Completed initialization in 4 ms
2025-10-27T10:53:33.014+08:00  WARN 2792 --- [micro-demo-device] [Thread-5] c.a.nacos.common.notify.NotifyCenter     : [NotifyCenter] Start destroying Publisher
2025-10-27T10:53:33.014+08:00  WARN 2792 --- [micro-demo-device] [Thread-7] c.a.n.common.http.HttpClientBeanHolder   : [HttpClientBeanHolder] Start destroying common HttpClient
2025-10-27T10:53:33.014+08:00  WARN 2792 --- [micro-demo-device] [Thread-5] c.a.nacos.common.notify.NotifyCenter     : [NotifyCenter] Destruction of the end
2025-10-27T10:53:33.015+08:00  WARN 2792 --- [micro-demo-device] [Thread-7] c.a.n.common.http.HttpClientBeanHolder   : [HttpClientBeanHolder] Destruction of the end
2025-10-27T10:53:33.023+08:00  INFO 2792 --- [micro-demo-device] [SpringApplicationShutdownHook] c.a.c.n.registry.NacosServiceRegistry    : De-registering from Nacos Server now...
2025-10-27T10:53:33.023+08:00  INFO 2792 --- [micro-demo-device] [SpringApplicationShutdownHook] com.alibaba.nacos.client.naming          : [DEREGISTER-SERVICE] public deregistering service device-service with instance: Instance{instanceId='null', ip='172.78.17.191', port=8002, weight=1.0, healthy=true, enabled=true, ephemeral=true, clusterName='DEFAULT', serviceName='null', metadata={}}
2025-10-27T10:53:33.028+08:00  INFO 2792 --- [micro-demo-device] [SpringApplicationShutdownHook] c.a.c.n.registry.NacosServiceRegistry    : De-registration finished.
2025-10-27T10:53:33.028+08:00  INFO 2792 --- [micro-demo-device] [SpringApplicationShutdownHook] com.alibaba.nacos.client.naming          : com.alibaba.nacos.client.naming.cache.ServiceInfoHolder do shutdown begin
2025-10-27T10:53:33.028+08:00  INFO 2792 --- [micro-demo-device] [SpringApplicationShutdownHook] com.alibaba.nacos.client.naming          : com.alibaba.nacos.client.naming.backups.FailoverReactor do shutdown begin
2025-10-27T10:53:33.028+08:00  INFO 2792 --- [micro-demo-device] [SpringApplicationShutdownHook] com.alibaba.nacos.client.naming          : com.alibaba.nacos.client.naming.backups.FailoverReactor do shutdown stop
2025-10-27T10:53:33.028+08:00  INFO 2792 --- [micro-demo-device] [SpringApplicationShutdownHook] com.alibaba.nacos.client.naming          : com.alibaba.nacos.client.naming.cache.ServiceInfoHolder do shutdown stop
2025-10-27T10:53:33.028+08:00  INFO 2792 --- [micro-demo-device] [SpringApplicationShutdownHook] com.alibaba.nacos.client.naming          : com.alibaba.nacos.client.naming.remote.NamingClientProxyDelegate do shutdown begin
2025-10-27T10:53:33.029+08:00  INFO 2792 --- [micro-demo-device] [SpringApplicationShutdownHook] com.alibaba.nacos.client.naming          : com.alibaba.nacos.client.naming.core.ServiceInfoUpdateService do shutdown begin
2025-10-27T10:53:33.029+08:00  INFO 2792 --- [micro-demo-device] [SpringApplicationShutdownHook] com.alibaba.nacos.client.naming          : com.alibaba.nacos.client.naming.core.ServiceInfoUpdateService do shutdown stop
2025-10-27T10:53:33.029+08:00  INFO 2792 --- [micro-demo-device] [SpringApplicationShutdownHook] com.alibaba.nacos.client.naming          : com.alibaba.nacos.client.naming.core.ServerListManager do shutdown begin
2025-10-27T10:53:33.029+08:00  WARN 2792 --- [micro-demo-device] [SpringApplicationShutdownHook] com.alibaba.nacos.client.naming          : [NamingHttpClientManager] Start destroying NacosRestTemplate
2025-10-27T10:53:33.029+08:00  WARN 2792 --- [micro-demo-device] [SpringApplicationShutdownHook] com.alibaba.nacos.client.naming          : [NamingHttpClientManager] Destruction of the end
2025-10-27T10:53:33.029+08:00  INFO 2792 --- [micro-demo-device] [SpringApplicationShutdownHook] com.alibaba.nacos.client.naming          : com.alibaba.nacos.client.naming.core.ServerListManager do shutdown stop
2025-10-27T10:53:33.029+08:00  INFO 2792 --- [micro-demo-device] [SpringApplicationShutdownHook] com.alibaba.nacos.client.naming          : com.alibaba.nacos.client.naming.remote.http.NamingHttpClientProxy do shutdown begin
2025-10-27T10:53:33.029+08:00  WARN 2792 --- [micro-demo-device] [SpringApplicationShutdownHook] com.alibaba.nacos.client.naming          : [NamingHttpClientManager] Start destroying NacosRestTemplate
2025-10-27T10:53:33.029+08:00  WARN 2792 --- [micro-demo-device] [SpringApplicationShutdownHook] com.alibaba.nacos.client.naming          : [NamingHttpClientManager] Destruction of the end
2025-10-27T10:53:33.029+08:00  INFO 2792 --- [micro-demo-device] [SpringApplicationShutdownHook] com.alibaba.nacos.client.naming          : com.alibaba.nacos.client.naming.remote.http.NamingHttpClientProxy do shutdown stop
2025-10-27T10:53:33.029+08:00  INFO 2792 --- [micro-demo-device] [SpringApplicationShutdownHook] com.alibaba.nacos.client.naming          : Shutdown naming grpc client proxy for  uuid->ce19670b-a7d2-472a-b434-a62c35e20c2b
2025-10-27T10:53:33.029+08:00  INFO 2792 --- [micro-demo-device] [SpringApplicationShutdownHook] com.alibaba.nacos.client.naming          : Shutdown grpc redo service executor java.util.concurrent.ScheduledThreadPoolExecutor@7cfb8e98[Running, pool size = 1, active threads = 0, queued tasks = 1, completed tasks = 5]
2025-10-27T10:53:33.029+08:00  INFO 2792 --- [micro-demo-device] [SpringApplicationShutdownHook] com.alibaba.nacos.common.remote.client   : Shutdown rpc client, set status to shutdown
2025-10-27T10:53:33.029+08:00  INFO 2792 --- [micro-demo-device] [SpringApplicationShutdownHook] com.alibaba.nacos.common.remote.client   : Shutdown client event executor java.util.concurrent.ScheduledThreadPoolExecutor@427308f8[Running, pool size = 2, active threads = 2, queued tasks = 0, completed tasks = 0]
2025-10-27T10:53:33.029+08:00  INFO 2792 --- [micro-demo-device] [SpringApplicationShutdownHook] com.alibaba.nacos.common.remote.client   : Close current connection 1761533596541_127.0.0.1_64304
2025-10-27T10:53:33.032+08:00  INFO 2792 --- [micro-demo-device] [nacos-grpc-client-executor-localhost-11] c.a.n.c.remote.client.grpc.GrpcClient    : [1761533596541_127.0.0.1_64304]Ignore complete event,isRunning:false,isAbandon=false
2025-10-27T10:53:33.033+08:00  INFO 2792 --- [micro-demo-device] [SpringApplicationShutdownHook] c.a.n.c.remote.client.grpc.GrpcClient    : Shutdown grpc executor java.util.concurrent.ThreadPoolExecutor@23ad2d17[Running, pool size = 4, active threads = 0, queued tasks = 0, completed tasks = 12]
2025-10-27T10:53:33.033+08:00  INFO 2792 --- [micro-demo-device] [SpringApplicationShutdownHook] com.alibaba.nacos.client.naming          : shutdown and remove naming rpc client  for uuid ->ce19670b-a7d2-472a-b434-a62c35e20c2b
2025-10-27T10:53:33.034+08:00  INFO 2792 --- [micro-demo-device] [SpringApplicationShutdownHook] c.a.n.c.a.r.identify.CredentialWatcher   : [null] CredentialWatcher is stopped
2025-10-27T10:53:33.034+08:00  INFO 2792 --- [micro-demo-device] [SpringApplicationShutdownHook] c.a.n.c.a.r.identify.CredentialService   : [null] CredentialService is freed
2025-10-27T10:53:33.034+08:00  INFO 2792 --- [micro-demo-device] [SpringApplicationShutdownHook] com.alibaba.nacos.client.naming          : com.alibaba.nacos.client.naming.remote.NamingClientProxyDelegate do shutdown stop
2025-10-27T10:53:34.705+08:00  INFO 22140 --- [micro-demo-device] [main] c.t.micro.demo.device.DeviceApplication  : Starting DeviceApplication using Java 21.0.7 with PID 22140 (I:\20250820\micro-demo-2507\micro-demo-device\target\classes started by snl19 in I:\20250820\micro-demo-2507)
2025-10-27T10:53:34.707+08:00  INFO 22140 --- [micro-demo-device] [main] c.t.micro.demo.device.DeviceApplication  : No active profile set, falling back to 1 default profile: "default"
2025-10-27T10:53:35.372+08:00  INFO 22140 --- [micro-demo-device] [main] o.s.cloud.context.scope.GenericScope     : BeanFactory id=377de5af-0947-3806-9217-991b1c5a3afc
2025-10-27T10:53:35.681+08:00  INFO 22140 --- [micro-demo-device] [main] o.s.b.w.embedded.tomcat.TomcatWebServer  : Tomcat initialized with port 8002 (http)
2025-10-27T10:53:35.692+08:00  INFO 22140 --- [micro-demo-device] [main] o.apache.catalina.core.StandardService   : Starting service [Tomcat]
2025-10-27T10:53:35.692+08:00  INFO 22140 --- [micro-demo-device] [main] o.apache.catalina.core.StandardEngine    : Starting Servlet engine: [Apache Tomcat/10.1.28]
2025-10-27T10:53:35.755+08:00  INFO 22140 --- [micro-demo-device] [main] o.a.c.c.C.[Tomcat].[localhost].[/]       : Initializing Spring embedded WebApplicationContext
2025-10-27T10:53:35.756+08:00  INFO 22140 --- [micro-demo-device] [main] w.s.c.ServletWebServerApplicationContext : Root WebApplicationContext: initialization completed in 1014 ms
2025-10-27T10:53:47.861+08:00  INFO 22140 --- [micro-demo-device] [main] o.s.b.w.embedded.tomcat.TomcatWebServer  : Tomcat started on port 8002 (http) with context path '/'
2025-10-27T10:53:47.868+08:00  INFO 22140 --- [micro-demo-device] [main] com.alibaba.nacos.client.naming          : initializer namespace from ans.namespace attribute : null
2025-10-27T10:53:47.870+08:00  INFO 22140 --- [micro-demo-device] [main] com.alibaba.nacos.client.naming          : initializer namespace from ALIBABA_ALIWARE_NAMESPACE attribute :null
2025-10-27T10:53:47.870+08:00  INFO 22140 --- [micro-demo-device] [main] com.alibaba.nacos.client.naming          : initializer namespace from namespace attribute :null
2025-10-27T10:53:47.871+08:00  INFO 22140 --- [micro-demo-device] [Thread-3] c.a.n.c.a.r.identify.CredentialWatcher   : null No credential found
2025-10-27T10:53:47.882+08:00  INFO 22140 --- [micro-demo-device] [main] com.alibaba.nacos.client.naming          : FailoverDataSource type is class com.alibaba.nacos.client.naming.backups.datasource.DiskFailoverDataSource
2025-10-27T10:53:47.892+08:00  INFO 22140 --- [micro-demo-device] [main] c.alibaba.nacos.client.utils.ParamUtil   : [settings] [req-serv] nacos-server port:8848
2025-10-27T10:53:47.893+08:00  INFO 22140 --- [micro-demo-device] [main] c.alibaba.nacos.client.utils.ParamUtil   : [settings] [http-client] connect timeout:1000
2025-10-27T10:53:47.895+08:00  INFO 22140 --- [micro-demo-device] [main] c.alibaba.nacos.client.utils.ParamUtil   : PER_TASK_CONFIG_SIZE: 3000.0
2025-10-27T10:53:47.899+08:00  INFO 22140 --- [micro-demo-device] [main] c.a.n.p.a.s.c.ClientAuthPluginManager    : [ClientAuthPluginManager] Load ClientAuthService com.alibaba.nacos.client.auth.impl.NacosClientAuthServiceImpl success.
2025-10-27T10:53:47.899+08:00  INFO 22140 --- [micro-demo-device] [main] c.a.n.p.a.s.c.ClientAuthPluginManager    : [ClientAuthPluginManager] Load ClientAuthService com.alibaba.nacos.client.auth.ram.RamClientAuthServiceImpl success.
2025-10-27T10:53:47.904+08:00  INFO 22140 --- [micro-demo-device] [main] com.alibaba.nacos.common.remote.client   : [RpcClientFactory] create a new rpc client of 942e57e1-9f02-46f6-845f-5e69791ccb8c
2025-10-27T10:53:47.917+08:00  INFO 22140 --- [micro-demo-device] [main] com.alibaba.nacos.client.naming          : Create naming rpc client for uuid->942e57e1-9f02-46f6-845f-5e69791ccb8c
2025-10-27T10:53:47.917+08:00  INFO 22140 --- [micro-demo-device] [main] com.alibaba.nacos.common.remote.client   : [942e57e1-9f02-46f6-845f-5e69791ccb8c] RpcClient init, ServerListFactory = com.alibaba.nacos.client.naming.core.ServerListManager
2025-10-27T10:53:47.917+08:00  INFO 22140 --- [micro-demo-device] [main] com.alibaba.nacos.common.remote.client   : [942e57e1-9f02-46f6-845f-5e69791ccb8c] Registry connection listener to current client:com.alibaba.nacos.client.naming.remote.gprc.redo.NamingGrpcRedoService
2025-10-27T10:53:47.917+08:00  INFO 22140 --- [micro-demo-device] [main] com.alibaba.nacos.common.remote.client   : [942e57e1-9f02-46f6-845f-5e69791ccb8c] Register server push request handler:com.alibaba.nacos.client.naming.remote.gprc.NamingPushRequestHandler
2025-10-27T10:53:47.919+08:00  INFO 22140 --- [micro-demo-device] [main] com.alibaba.nacos.common.remote.client   : [942e57e1-9f02-46f6-845f-5e69791ccb8c] Try to connect to server on start up, server: {serverIp = 'localhost', server main port = 8848}
2025-10-27T10:53:47.943+08:00  INFO 22140 --- [micro-demo-device] [main] c.a.n.c.remote.client.grpc.GrpcClient    : grpc client connection server:localhost ip,serverPort:9848,grpcTslConfig:{"sslProvider":"","enableTls":false,"mutualAuthEnable":false,"trustAll":false}
2025-10-27T10:53:48.374+08:00  INFO 22140 --- [micro-demo-device] [main] c.a.n.c.a.AbstractAbilityControlManager  : Ready to get current node abilities...
2025-10-27T10:53:48.374+08:00  INFO 22140 --- [micro-demo-device] [main] c.a.n.c.a.AbstractAbilityControlManager  : Ready to initialize current node abilities, support modes: [SDK_CLIENT]
2025-10-27T10:53:48.376+08:00  INFO 22140 --- [micro-demo-device] [main] c.a.n.c.a.AbstractAbilityControlManager  : Initialize current abilities finish...
2025-10-27T10:53:48.376+08:00  INFO 22140 --- [micro-demo-device] [main] c.a.n.c.a.d.NacosAbilityManagerHolder    : [AbilityControlManager] Successfully initialize AbilityControlManager
2025-10-27T10:53:48.487+08:00  INFO 22140 --- [micro-demo-device] [main] com.alibaba.nacos.common.remote.client   : [942e57e1-9f02-46f6-845f-5e69791ccb8c] Success to connect to server [localhost:8848] on start up, connectionId = 1761533628317_127.0.0.1_64361
2025-10-27T10:53:48.487+08:00  INFO 22140 --- [micro-demo-device] [com.alibaba.nacos.client.remote.worker.0] com.alibaba.nacos.common.remote.client   : [942e57e1-9f02-46f6-845f-5e69791ccb8c] Notify connected event to listeners.
2025-10-27T10:53:48.487+08:00  INFO 22140 --- [micro-demo-device] [com.alibaba.nacos.client.remote.worker.0] com.alibaba.nacos.client.naming          : Grpc connection connect
2025-10-27T10:53:48.487+08:00  INFO 22140 --- [micro-demo-device] [main] com.alibaba.nacos.common.remote.client   : [942e57e1-9f02-46f6-845f-5e69791ccb8c] Register server push request handler:com.alibaba.nacos.common.remote.client.RpcClient$ConnectResetRequestHandler
2025-10-27T10:53:48.488+08:00  INFO 22140 --- [micro-demo-device] [main] com.alibaba.nacos.common.remote.client   : [942e57e1-9f02-46f6-845f-5e69791ccb8c] Register server push request handler:com.alibaba.nacos.common.remote.client.RpcClient$$Lambda/0x00000209016422c0
2025-10-27T10:53:48.489+08:00  INFO 22140 --- [micro-demo-device] [main] com.alibaba.nacos.client.naming          : [REGISTER-SERVICE] public registering service device-service with instance Instance{instanceId='null', ip='172.78.17.191', port=8002, weight=1.0, healthy=true, enabled=true, ephemeral=true, clusterName='DEFAULT', serviceName='null', metadata={IPv6=[2409:8a45:73:b480:b93e:2464:f150:1bc1], preserved.register.source=SPRING_CLOUD}}
2025-10-27T10:53:48.505+08:00  INFO 22140 --- [micro-demo-device] [main] c.a.c.n.registry.NacosServiceRegistry    : nacos registry, DEFAULT_GROUP device-service 172.78.17.191:8002 register finished
2025-10-27T10:53:48.514+08:00  INFO 22140 --- [micro-demo-device] [main] c.t.micro.demo.device.DeviceApplication  : Started DeviceApplication in 14.262 seconds (process running for 14.629)
2025-10-27T10:53:53.324+08:00  INFO 22140 --- [micro-demo-device] [http-nio-8002-exec-1] o.a.c.c.C.[Tomcat].[localhost].[/]       : Initializing Spring DispatcherServlet 'dispatcherServlet'
2025-10-27T10:53:53.324+08:00  INFO 22140 --- [micro-demo-device] [http-nio-8002-exec-1] o.s.web.servlet.DispatcherServlet        : Initializing Servlet 'dispatcherServlet'
2025-10-27T10:53:53.326+08:00  INFO 22140 --- [micro-demo-device] [http-nio-8002-exec-1] o.s.web.servlet.DispatcherServlet        : Completed initialization in 2 ms
2025-10-27T10:54:23.317+08:00  WARN 19864 --- [micro-demo-device] [Thread-5] c.a.nacos.common.notify.NotifyCenter     : [NotifyCenter] Start destroying Publisher
2025-10-27T10:54:23.317+08:00  WARN 19864 --- [micro-demo-device] [Thread-7] c.a.n.common.http.HttpClientBeanHolder   : [HttpClientBeanHolder] Start destroying common HttpClient
2025-10-27T10:54:23.319+08:00  WARN 19864 --- [micro-demo-device] [Thread-5] c.a.nacos.common.notify.NotifyCenter     : [NotifyCenter] Destruction of the end
2025-10-27T10:54:23.320+08:00  WARN 19864 --- [micro-demo-device] [Thread-7] c.a.n.common.http.HttpClientBeanHolder   : [HttpClientBeanHolder] Destruction of the end
2025-10-27T10:54:23.342+08:00  INFO 19864 --- [micro-demo-device] [SpringApplicationShutdownHook] c.a.c.n.registry.NacosServiceRegistry    : De-registering from Nacos Server now...
2025-10-27T10:54:23.342+08:00  INFO 19864 --- [micro-demo-device] [SpringApplicationShutdownHook] com.alibaba.nacos.client.naming          : [DEREGISTER-SERVICE] public deregistering service device-service with instance: Instance{instanceId='null', ip='172.78.17.191', port=8000, weight=1.0, healthy=true, enabled=true, ephemeral=true, clusterName='DEFAULT', serviceName='null', metadata={}}
2025-10-27T10:54:23.348+08:00  INFO 19864 --- [micro-demo-device] [SpringApplicationShutdownHook] c.a.c.n.registry.NacosServiceRegistry    : De-registration finished.
2025-10-27T10:54:23.348+08:00  INFO 19864 --- [micro-demo-device] [SpringApplicationShutdownHook] com.alibaba.nacos.client.naming          : com.alibaba.nacos.client.naming.cache.ServiceInfoHolder do shutdown begin
2025-10-27T10:54:23.348+08:00  INFO 19864 --- [micro-demo-device] [SpringApplicationShutdownHook] com.alibaba.nacos.client.naming          : com.alibaba.nacos.client.naming.backups.FailoverReactor do shutdown begin
2025-10-27T10:54:23.349+08:00  INFO 19864 --- [micro-demo-device] [SpringApplicationShutdownHook] com.alibaba.nacos.client.naming          : com.alibaba.nacos.client.naming.backups.FailoverReactor do shutdown stop
2025-10-27T10:54:23.349+08:00  INFO 19864 --- [micro-demo-device] [SpringApplicationShutdownHook] com.alibaba.nacos.client.naming          : com.alibaba.nacos.client.naming.cache.ServiceInfoHolder do shutdown stop
2025-10-27T10:54:23.349+08:00  INFO 19864 --- [micro-demo-device] [SpringApplicationShutdownHook] com.alibaba.nacos.client.naming          : com.alibaba.nacos.client.naming.remote.NamingClientProxyDelegate do shutdown begin
2025-10-27T10:54:23.349+08:00  INFO 19864 --- [micro-demo-device] [SpringApplicationShutdownHook] com.alibaba.nacos.client.naming          : com.alibaba.nacos.client.naming.core.ServiceInfoUpdateService do shutdown begin
2025-10-27T10:54:23.349+08:00  INFO 19864 --- [micro-demo-device] [SpringApplicationShutdownHook] com.alibaba.nacos.client.naming          : com.alibaba.nacos.client.naming.core.ServiceInfoUpdateService do shutdown stop
2025-10-27T10:54:23.349+08:00  INFO 19864 --- [micro-demo-device] [SpringApplicationShutdownHook] com.alibaba.nacos.client.naming          : com.alibaba.nacos.client.naming.core.ServerListManager do shutdown begin
2025-10-27T10:54:23.349+08:00  WARN 19864 --- [micro-demo-device] [SpringApplicationShutdownHook] com.alibaba.nacos.client.naming          : [NamingHttpClientManager] Start destroying NacosRestTemplate
2025-10-27T10:54:23.349+08:00  WARN 19864 --- [micro-demo-device] [SpringApplicationShutdownHook] com.alibaba.nacos.client.naming          : [NamingHttpClientManager] Destruction of the end
2025-10-27T10:54:23.349+08:00  INFO 19864 --- [micro-demo-device] [SpringApplicationShutdownHook] com.alibaba.nacos.client.naming          : com.alibaba.nacos.client.naming.core.ServerListManager do shutdown stop
2025-10-27T10:54:23.349+08:00  INFO 19864 --- [micro-demo-device] [SpringApplicationShutdownHook] com.alibaba.nacos.client.naming          : com.alibaba.nacos.client.naming.remote.http.NamingHttpClientProxy do shutdown begin
2025-10-27T10:54:23.349+08:00  WARN 19864 --- [micro-demo-device] [SpringApplicationShutdownHook] com.alibaba.nacos.client.naming          : [NamingHttpClientManager] Start destroying NacosRestTemplate
2025-10-27T10:54:23.349+08:00  WARN 19864 --- [micro-demo-device] [SpringApplicationShutdownHook] com.alibaba.nacos.client.naming          : [NamingHttpClientManager] Destruction of the end
2025-10-27T10:54:23.349+08:00  INFO 19864 --- [micro-demo-device] [SpringApplicationShutdownHook] com.alibaba.nacos.client.naming          : com.alibaba.nacos.client.naming.remote.http.NamingHttpClientProxy do shutdown stop
2025-10-27T10:54:23.349+08:00  INFO 19864 --- [micro-demo-device] [SpringApplicationShutdownHook] com.alibaba.nacos.client.naming          : Shutdown naming grpc client proxy for  uuid->e3f0a305-19dd-4155-b927-606c5a2c2019
2025-10-27T10:54:23.350+08:00  INFO 19864 --- [micro-demo-device] [SpringApplicationShutdownHook] com.alibaba.nacos.client.naming          : Shutdown grpc redo service executor java.util.concurrent.ScheduledThreadPoolExecutor@5e2a6991[Running, pool size = 1, active threads = 0, queued tasks = 1, completed tasks = 171]
2025-10-27T10:54:23.350+08:00  INFO 19864 --- [micro-demo-device] [SpringApplicationShutdownHook] com.alibaba.nacos.common.remote.client   : Shutdown rpc client, set status to shutdown
2025-10-27T10:54:23.350+08:00  INFO 19864 --- [micro-demo-device] [SpringApplicationShutdownHook] com.alibaba.nacos.common.remote.client   : Shutdown client event executor java.util.concurrent.ScheduledThreadPoolExecutor@24197b13[Running, pool size = 2, active threads = 2, queued tasks = 0, completed tasks = 0]
2025-10-27T10:54:23.350+08:00  INFO 19864 --- [micro-demo-device] [SpringApplicationShutdownHook] com.alibaba.nacos.common.remote.client   : Close current connection 1761533149863_127.0.0.1_65146
2025-10-27T10:54:23.353+08:00  INFO 19864 --- [micro-demo-device] [nacos-grpc-client-executor-localhost-130] c.a.n.c.remote.client.grpc.GrpcClient    : [1761533149863_127.0.0.1_65146]Ignore complete event,isRunning:false,isAbandon=false
2025-10-27T10:54:23.353+08:00  INFO 19864 --- [micro-demo-device] [SpringApplicationShutdownHook] c.a.n.c.remote.client.grpc.GrpcClient    : Shutdown grpc executor java.util.concurrent.ThreadPoolExecutor@10e9a5fe[Running, pool size = 4, active threads = 0, queued tasks = 0, completed tasks = 131]
2025-10-27T10:54:23.353+08:00  INFO 19864 --- [micro-demo-device] [SpringApplicationShutdownHook] com.alibaba.nacos.client.naming          : shutdown and remove naming rpc client  for uuid ->e3f0a305-19dd-4155-b927-606c5a2c2019
2025-10-27T10:54:23.354+08:00  INFO 19864 --- [micro-demo-device] [SpringApplicationShutdownHook] c.a.n.c.a.r.identify.CredentialWatcher   : [null] CredentialWatcher is stopped
2025-10-27T10:54:23.354+08:00  INFO 19864 --- [micro-demo-device] [SpringApplicationShutdownHook] c.a.n.c.a.r.identify.CredentialService   : [null] CredentialService is freed
2025-10-27T10:54:23.354+08:00  INFO 19864 --- [micro-demo-device] [SpringApplicationShutdownHook] com.alibaba.nacos.client.naming          : com.alibaba.nacos.client.naming.remote.NamingClientProxyDelegate do shutdown stop
2025-10-27T10:54:25.016+08:00  INFO 40712 --- [micro-demo-device] [main] c.t.micro.demo.device.DeviceApplication  : Starting DeviceApplication using Java 21.0.7 with PID 40712 (I:\20250820\micro-demo-2507\micro-demo-device\target\classes started by snl19 in I:\20250820\micro-demo-2507)
2025-10-27T10:54:25.018+08:00  INFO 40712 --- [micro-demo-device] [main] c.t.micro.demo.device.DeviceApplication  : No active profile set, falling back to 1 default profile: "default"
2025-10-27T10:54:25.687+08:00  INFO 40712 --- [micro-demo-device] [main] o.s.cloud.context.scope.GenericScope     : BeanFactory id=377de5af-0947-3806-9217-991b1c5a3afc
2025-10-27T10:54:25.996+08:00  INFO 40712 --- [micro-demo-device] [main] o.s.b.w.embedded.tomcat.TomcatWebServer  : Tomcat initialized with port 8000 (http)
2025-10-27T10:54:26.009+08:00  INFO 40712 --- [micro-demo-device] [main] o.apache.catalina.core.StandardService   : Starting service [Tomcat]
2025-10-27T10:54:26.009+08:00  INFO 40712 --- [micro-demo-device] [main] o.apache.catalina.core.StandardEngine    : Starting Servlet engine: [Apache Tomcat/10.1.28]
2025-10-27T10:54:26.071+08:00  INFO 40712 --- [micro-demo-device] [main] o.a.c.c.C.[Tomcat].[localhost].[/]       : Initializing Spring embedded WebApplicationContext
2025-10-27T10:54:26.072+08:00  INFO 40712 --- [micro-demo-device] [main] w.s.c.ServletWebServerApplicationContext : Root WebApplicationContext: initialization completed in 1014 ms
2025-10-27T10:54:39.224+08:00  INFO 40712 --- [micro-demo-device] [main] o.s.b.w.embedded.tomcat.TomcatWebServer  : Tomcat started on port 8000 (http) with context path '/'
2025-10-27T10:54:39.235+08:00  INFO 40712 --- [micro-demo-device] [main] com.alibaba.nacos.client.naming          : initializer namespace from ans.namespace attribute : null
2025-10-27T10:54:39.238+08:00  INFO 40712 --- [micro-demo-device] [main] com.alibaba.nacos.client.naming          : initializer namespace from ALIBABA_ALIWARE_NAMESPACE attribute :null
2025-10-27T10:54:39.238+08:00  INFO 40712 --- [micro-demo-device] [main] com.alibaba.nacos.client.naming          : initializer namespace from namespace attribute :null
2025-10-27T10:54:39.240+08:00  INFO 40712 --- [micro-demo-device] [Thread-3] c.a.n.c.a.r.identify.CredentialWatcher   : null No credential found
2025-10-27T10:54:39.254+08:00  INFO 40712 --- [micro-demo-device] [main] com.alibaba.nacos.client.naming          : FailoverDataSource type is class com.alibaba.nacos.client.naming.backups.datasource.DiskFailoverDataSource
2025-10-27T10:54:39.262+08:00  INFO 40712 --- [micro-demo-device] [main] c.alibaba.nacos.client.utils.ParamUtil   : [settings] [req-serv] nacos-server port:8848
2025-10-27T10:54:39.263+08:00  INFO 40712 --- [micro-demo-device] [main] c.alibaba.nacos.client.utils.ParamUtil   : [settings] [http-client] connect timeout:1000
2025-10-27T10:54:39.265+08:00  INFO 40712 --- [micro-demo-device] [main] c.alibaba.nacos.client.utils.ParamUtil   : PER_TASK_CONFIG_SIZE: 3000.0
2025-10-27T10:54:39.268+08:00  INFO 40712 --- [micro-demo-device] [main] c.a.n.p.a.s.c.ClientAuthPluginManager    : [ClientAuthPluginManager] Load ClientAuthService com.alibaba.nacos.client.auth.impl.NacosClientAuthServiceImpl success.
2025-10-27T10:54:39.269+08:00  INFO 40712 --- [micro-demo-device] [main] c.a.n.p.a.s.c.ClientAuthPluginManager    : [ClientAuthPluginManager] Load ClientAuthService com.alibaba.nacos.client.auth.ram.RamClientAuthServiceImpl success.
2025-10-27T10:54:39.275+08:00  INFO 40712 --- [micro-demo-device] [main] com.alibaba.nacos.common.remote.client   : [RpcClientFactory] create a new rpc client of 89456864-e20e-4abc-8c58-b4cd6a7b076a
2025-10-27T10:54:39.299+08:00  INFO 40712 --- [micro-demo-device] [main] com.alibaba.nacos.client.naming          : Create naming rpc client for uuid->89456864-e20e-4abc-8c58-b4cd6a7b076a
2025-10-27T10:54:39.299+08:00  INFO 40712 --- [micro-demo-device] [main] com.alibaba.nacos.common.remote.client   : [89456864-e20e-4abc-8c58-b4cd6a7b076a] RpcClient init, ServerListFactory = com.alibaba.nacos.client.naming.core.ServerListManager
2025-10-27T10:54:39.299+08:00  INFO 40712 --- [micro-demo-device] [main] com.alibaba.nacos.common.remote.client   : [89456864-e20e-4abc-8c58-b4cd6a7b076a] Registry connection listener to current client:com.alibaba.nacos.client.naming.remote.gprc.redo.NamingGrpcRedoService
2025-10-27T10:54:39.301+08:00  INFO 40712 --- [micro-demo-device] [main] com.alibaba.nacos.common.remote.client   : [89456864-e20e-4abc-8c58-b4cd6a7b076a] Register server push request handler:com.alibaba.nacos.client.naming.remote.gprc.NamingPushRequestHandler
2025-10-27T10:54:39.303+08:00  INFO 40712 --- [micro-demo-device] [main] com.alibaba.nacos.common.remote.client   : [89456864-e20e-4abc-8c58-b4cd6a7b076a] Try to connect to server on start up, server: {serverIp = 'localhost', server main port = 8848}
2025-10-27T10:54:39.330+08:00  INFO 40712 --- [micro-demo-device] [main] c.a.n.c.remote.client.grpc.GrpcClient    : grpc client connection server:localhost ip,serverPort:9848,grpcTslConfig:{"sslProvider":"","enableTls":false,"mutualAuthEnable":false,"trustAll":false}
2025-10-27T10:54:39.783+08:00  INFO 40712 --- [micro-demo-device] [main] c.a.n.c.a.AbstractAbilityControlManager  : Ready to get current node abilities...
2025-10-27T10:54:39.783+08:00  INFO 40712 --- [micro-demo-device] [main] c.a.n.c.a.AbstractAbilityControlManager  : Ready to initialize current node abilities, support modes: [SDK_CLIENT]
2025-10-27T10:54:39.784+08:00  INFO 40712 --- [micro-demo-device] [main] c.a.n.c.a.AbstractAbilityControlManager  : Initialize current abilities finish...
2025-10-27T10:54:39.785+08:00  INFO 40712 --- [micro-demo-device] [main] c.a.n.c.a.d.NacosAbilityManagerHolder    : [AbilityControlManager] Successfully initialize AbilityControlManager
2025-10-27T10:54:39.897+08:00  INFO 40712 --- [micro-demo-device] [main] com.alibaba.nacos.common.remote.client   : [89456864-e20e-4abc-8c58-b4cd6a7b076a] Success to connect to server [localhost:8848] on start up, connectionId = 1761533679723_127.0.0.1_64427
2025-10-27T10:54:39.897+08:00  INFO 40712 --- [micro-demo-device] [com.alibaba.nacos.client.remote.worker.0] com.alibaba.nacos.common.remote.client   : [89456864-e20e-4abc-8c58-b4cd6a7b076a] Notify connected event to listeners.
2025-10-27T10:54:39.897+08:00  INFO 40712 --- [micro-demo-device] [com.alibaba.nacos.client.remote.worker.0] com.alibaba.nacos.client.naming          : Grpc connection connect
2025-10-27T10:54:39.898+08:00  INFO 40712 --- [micro-demo-device] [main] com.alibaba.nacos.common.remote.client   : [89456864-e20e-4abc-8c58-b4cd6a7b076a] Register server push request handler:com.alibaba.nacos.common.remote.client.RpcClient$ConnectResetRequestHandler
2025-10-27T10:54:39.898+08:00  INFO 40712 --- [micro-demo-device] [main] com.alibaba.nacos.common.remote.client   : [89456864-e20e-4abc-8c58-b4cd6a7b076a] Register server push request handler:com.alibaba.nacos.common.remote.client.RpcClient$$Lambda/0x000002da60640000
2025-10-27T10:54:39.899+08:00  INFO 40712 --- [micro-demo-device] [main] com.alibaba.nacos.client.naming          : [REGISTER-SERVICE] public registering service device-service with instance Instance{instanceId='null', ip='172.78.17.191', port=8000, weight=1.0, healthy=true, enabled=true, ephemeral=true, clusterName='DEFAULT', serviceName='null', metadata={IPv6=[2409:8a45:73:b480:b93e:2464:f150:1bc1], preserved.register.source=SPRING_CLOUD}}
2025-10-27T10:54:39.913+08:00  INFO 40712 --- [micro-demo-device] [main] c.a.c.n.registry.NacosServiceRegistry    : nacos registry, DEFAULT_GROUP device-service 172.78.17.191:8000 register finished
2025-10-27T10:54:39.929+08:00  INFO 40712 --- [micro-demo-device] [main] c.t.micro.demo.device.DeviceApplication  : Started DeviceApplication in 15.386 seconds (process running for 15.74)
2025-10-27T10:54:46.704+08:00  INFO 40712 --- [micro-demo-device] [http-nio-8000-exec-1] o.a.c.c.C.[Tomcat].[localhost].[/]       : Initializing Spring DispatcherServlet 'dispatcherServlet'
2025-10-27T10:54:46.705+08:00  INFO 40712 --- [micro-demo-device] [http-nio-8000-exec-1] o.s.web.servlet.DispatcherServlet        : Initializing Servlet 'dispatcherServlet'
2025-10-27T10:54:46.712+08:00  INFO 40712 --- [micro-demo-device] [http-nio-8000-exec-1] o.s.web.servlet.DispatcherServlet        : Completed initialization in 7 ms
2025-10-27T20:17:13.455+08:00  WARN 40712 --- [micro-demo-device] [Thread-5] c.a.nacos.common.notify.NotifyCenter     : [NotifyCenter] Start destroying Publisher
2025-10-27T20:17:13.455+08:00  WARN 40712 --- [micro-demo-device] [Thread-7] c.a.n.common.http.HttpClientBeanHolder   : [HttpClientBeanHolder] Start destroying common HttpClient
2025-10-27T20:17:13.472+08:00  WARN 40712 --- [micro-demo-device] [Thread-5] c.a.nacos.common.notify.NotifyCenter     : [NotifyCenter] Destruction of the end
2025-10-27T20:17:13.462+08:00  WARN 26292 --- [micro-demo-device] [Thread-7] c.a.n.common.http.HttpClientBeanHolder   : [HttpClientBeanHolder] Start destroying common HttpClient
2025-10-27T20:17:13.462+08:00  WARN 26292 --- [micro-demo-device] [Thread-5] c.a.nacos.common.notify.NotifyCenter     : [NotifyCenter] Start destroying Publisher
2025-10-27T20:17:13.480+08:00  WARN 26292 --- [micro-demo-device] [Thread-5] c.a.nacos.common.notify.NotifyCenter     : [NotifyCenter] Destruction of the end
2025-10-27T20:17:13.480+08:00  WARN 40712 --- [micro-demo-device] [Thread-7] c.a.n.common.http.HttpClientBeanHolder   : [HttpClientBeanHolder] Destruction of the end
2025-10-27T20:17:13.469+08:00  WARN 22140 --- [micro-demo-device] [Thread-5] c.a.nacos.common.notify.NotifyCenter     : [NotifyCenter] Start destroying Publisher
2025-10-27T20:17:13.469+08:00  WARN 22140 --- [micro-demo-device] [Thread-7] c.a.n.common.http.HttpClientBeanHolder   : [HttpClientBeanHolder] Start destroying common HttpClient
2025-10-27T20:17:13.487+08:00  WARN 26292 --- [micro-demo-device] [Thread-7] c.a.n.common.http.HttpClientBeanHolder   : [HttpClientBeanHolder] Destruction of the end
2025-10-27T20:17:13.488+08:00  WARN 22140 --- [micro-demo-device] [Thread-5] c.a.nacos.common.notify.NotifyCenter     : [NotifyCenter] Destruction of the end
2025-10-27T20:17:13.494+08:00  WARN 22140 --- [micro-demo-device] [Thread-7] c.a.n.common.http.HttpClientBeanHolder   : [HttpClientBeanHolder] Destruction of the end
2025-10-27T20:17:13.594+08:00  INFO 40712 --- [micro-demo-device] [SpringApplicationShutdownHook] c.a.c.n.registry.NacosServiceRegistry    : De-registering from Nacos Server now...
2025-10-27T20:17:13.596+08:00  INFO 40712 --- [micro-demo-device] [SpringApplicationShutdownHook] com.alibaba.nacos.client.naming          : [DEREGISTER-SERVICE] public deregistering service device-service with instance: Instance{instanceId='null', ip='172.78.17.191', port=8000, weight=1.0, healthy=true, enabled=true, ephemeral=true, clusterName='DEFAULT', serviceName='null', metadata={}}
2025-10-27T20:17:13.623+08:00  INFO 26292 --- [micro-demo-device] [SpringApplicationShutdownHook] c.a.c.n.registry.NacosServiceRegistry    : De-registering from Nacos Server now...
2025-10-27T20:17:13.625+08:00  INFO 22140 --- [micro-demo-device] [SpringApplicationShutdownHook] c.a.c.n.registry.NacosServiceRegistry    : De-registering from Nacos Server now...
2025-10-27T20:17:13.626+08:00  INFO 26292 --- [micro-demo-device] [SpringApplicationShutdownHook] com.alibaba.nacos.client.naming          : [DEREGISTER-SERVICE] public deregistering service device-service with instance: Instance{instanceId='null', ip='172.78.17.191', port=8001, weight=1.0, healthy=true, enabled=true, ephemeral=true, clusterName='DEFAULT', serviceName='null', metadata={}}
2025-10-27T20:17:13.627+08:00  INFO 22140 --- [micro-demo-device] [SpringApplicationShutdownHook] com.alibaba.nacos.client.naming          : [DEREGISTER-SERVICE] public deregistering service device-service with instance: Instance{instanceId='null', ip='172.78.17.191', port=8002, weight=1.0, healthy=true, enabled=true, ephemeral=true, clusterName='DEFAULT', serviceName='null', metadata={}}
2025-10-27T20:17:13.682+08:00  INFO 40712 --- [micro-demo-device] [SpringApplicationShutdownHook] c.a.c.n.registry.NacosServiceRegistry    : De-registration finished.
2025-10-27T20:17:13.683+08:00  INFO 22140 --- [micro-demo-device] [SpringApplicationShutdownHook] c.a.c.n.registry.NacosServiceRegistry    : De-registration finished.
2025-10-27T20:17:13.683+08:00  INFO 40712 --- [micro-demo-device] [SpringApplicationShutdownHook] com.alibaba.nacos.client.naming          : com.alibaba.nacos.client.naming.cache.ServiceInfoHolder do shutdown begin
2025-10-27T20:17:13.683+08:00  INFO 40712 --- [micro-demo-device] [SpringApplicationShutdownHook] com.alibaba.nacos.client.naming          : com.alibaba.nacos.client.naming.backups.FailoverReactor do shutdown begin
2025-10-27T20:17:13.684+08:00  INFO 26292 --- [micro-demo-device] [SpringApplicationShutdownHook] c.a.c.n.registry.NacosServiceRegistry    : De-registration finished.
2025-10-27T20:17:13.684+08:00  INFO 22140 --- [micro-demo-device] [SpringApplicationShutdownHook] com.alibaba.nacos.client.naming          : com.alibaba.nacos.client.naming.cache.ServiceInfoHolder do shutdown begin
2025-10-27T20:17:13.684+08:00  INFO 22140 --- [micro-demo-device] [SpringApplicationShutdownHook] com.alibaba.nacos.client.naming          : com.alibaba.nacos.client.naming.backups.FailoverReactor do shutdown begin
2025-10-27T20:17:13.684+08:00  INFO 40712 --- [micro-demo-device] [SpringApplicationShutdownHook] com.alibaba.nacos.client.naming          : com.alibaba.nacos.client.naming.backups.FailoverReactor do shutdown stop
2025-10-27T20:17:13.684+08:00  INFO 40712 --- [micro-demo-device] [SpringApplicationShutdownHook] com.alibaba.nacos.client.naming          : com.alibaba.nacos.client.naming.cache.ServiceInfoHolder do shutdown stop
2025-10-27T20:17:13.684+08:00  INFO 40712 --- [micro-demo-device] [SpringApplicationShutdownHook] com.alibaba.nacos.client.naming          : com.alibaba.nacos.client.naming.remote.NamingClientProxyDelegate do shutdown begin
2025-10-27T20:17:13.684+08:00  INFO 40712 --- [micro-demo-device] [SpringApplicationShutdownHook] com.alibaba.nacos.client.naming          : com.alibaba.nacos.client.naming.core.ServiceInfoUpdateService do shutdown begin
2025-10-27T20:17:13.686+08:00  INFO 40712 --- [micro-demo-device] [SpringApplicationShutdownHook] com.alibaba.nacos.client.naming          : com.alibaba.nacos.client.naming.core.ServiceInfoUpdateService do shutdown stop
2025-10-27T20:17:13.686+08:00  INFO 40712 --- [micro-demo-device] [SpringApplicationShutdownHook] com.alibaba.nacos.client.naming          : com.alibaba.nacos.client.naming.core.ServerListManager do shutdown begin
2025-10-27T20:17:13.686+08:00  WARN 40712 --- [micro-demo-device] [SpringApplicationShutdownHook] com.alibaba.nacos.client.naming          : [NamingHttpClientManager] Start destroying NacosRestTemplate
2025-10-27T20:17:13.686+08:00  INFO 26292 --- [micro-demo-device] [SpringApplicationShutdownHook] com.alibaba.nacos.client.naming          : com.alibaba.nacos.client.naming.cache.ServiceInfoHolder do shutdown begin
2025-10-27T20:17:13.686+08:00  WARN 40712 --- [micro-demo-device] [SpringApplicationShutdownHook] com.alibaba.nacos.client.naming          : [NamingHttpClientManager] Destruction of the end
2025-10-27T20:17:13.686+08:00  INFO 26292 --- [micro-demo-device] [SpringApplicationShutdownHook] com.alibaba.nacos.client.naming          : com.alibaba.nacos.client.naming.backups.FailoverReactor do shutdown begin
2025-10-27T20:17:13.686+08:00  INFO 40712 --- [micro-demo-device] [SpringApplicationShutdownHook] com.alibaba.nacos.client.naming          : com.alibaba.nacos.client.naming.core.ServerListManager do shutdown stop
2025-10-27T20:17:13.687+08:00  INFO 40712 --- [micro-demo-device] [SpringApplicationShutdownHook] com.alibaba.nacos.client.naming          : com.alibaba.nacos.client.naming.remote.http.NamingHttpClientProxy do shutdown begin
2025-10-27T20:17:13.687+08:00  WARN 40712 --- [micro-demo-device] [SpringApplicationShutdownHook] com.alibaba.nacos.client.naming          : [NamingHttpClientManager] Start destroying NacosRestTemplate
2025-10-27T20:17:13.687+08:00  WARN 40712 --- [micro-demo-device] [SpringApplicationShutdownHook] com.alibaba.nacos.client.naming          : [NamingHttpClientManager] Destruction of the end
2025-10-27T20:17:13.687+08:00  INFO 40712 --- [micro-demo-device] [SpringApplicationShutdownHook] com.alibaba.nacos.client.naming          : com.alibaba.nacos.client.naming.remote.http.NamingHttpClientProxy do shutdown stop
2025-10-27T20:17:13.686+08:00  INFO 22140 --- [micro-demo-device] [SpringApplicationShutdownHook] com.alibaba.nacos.client.naming          : com.alibaba.nacos.client.naming.backups.FailoverReactor do shutdown stop
2025-10-27T20:17:13.687+08:00  INFO 40712 --- [micro-demo-device] [SpringApplicationShutdownHook] com.alibaba.nacos.client.naming          : Shutdown naming grpc client proxy for  uuid->89456864-e20e-4abc-8c58-b4cd6a7b076a
2025-10-27T20:17:13.687+08:00  INFO 22140 --- [micro-demo-device] [SpringApplicationShutdownHook] com.alibaba.nacos.client.naming          : com.alibaba.nacos.client.naming.cache.ServiceInfoHolder do shutdown stop
2025-10-27T20:17:13.687+08:00  INFO 26292 --- [micro-demo-device] [SpringApplicationShutdownHook] com.alibaba.nacos.client.naming          : com.alibaba.nacos.client.naming.backups.FailoverReactor do shutdown stop
2025-10-27T20:17:13.687+08:00  INFO 40712 --- [micro-demo-device] [SpringApplicationShutdownHook] com.alibaba.nacos.client.naming          : Shutdown grpc redo service executor java.util.concurrent.ScheduledThreadPoolExecutor@1d91fa02[Running, pool size = 1, active threads = 0, queued tasks = 1, completed tasks = 6105]
2025-10-27T20:17:13.687+08:00  INFO 26292 --- [micro-demo-device] [SpringApplicationShutdownHook] com.alibaba.nacos.client.naming          : com.alibaba.nacos.client.naming.cache.ServiceInfoHolder do shutdown stop
2025-10-27T20:17:13.687+08:00  INFO 22140 --- [micro-demo-device] [SpringApplicationShutdownHook] com.alibaba.nacos.client.naming          : com.alibaba.nacos.client.naming.remote.NamingClientProxyDelegate do shutdown begin
2025-10-27T20:17:13.687+08:00  INFO 26292 --- [micro-demo-device] [SpringApplicationShutdownHook] com.alibaba.nacos.client.naming          : com.alibaba.nacos.client.naming.remote.NamingClientProxyDelegate do shutdown begin
2025-10-27T20:17:13.687+08:00  INFO 26292 --- [micro-demo-device] [SpringApplicationShutdownHook] com.alibaba.nacos.client.naming          : com.alibaba.nacos.client.naming.core.ServiceInfoUpdateService do shutdown begin
2025-10-27T20:17:13.687+08:00  INFO 22140 --- [micro-demo-device] [SpringApplicationShutdownHook] com.alibaba.nacos.client.naming          : com.alibaba.nacos.client.naming.core.ServiceInfoUpdateService do shutdown begin
2025-10-27T20:17:13.687+08:00  INFO 22140 --- [micro-demo-device] [SpringApplicationShutdownHook] com.alibaba.nacos.client.naming          : com.alibaba.nacos.client.naming.core.ServiceInfoUpdateService do shutdown stop
2025-10-27T20:17:13.687+08:00  INFO 40712 --- [micro-demo-device] [SpringApplicationShutdownHook] com.alibaba.nacos.common.remote.client   : Shutdown rpc client, set status to shutdown
2025-10-27T20:17:13.687+08:00  INFO 22140 --- [micro-demo-device] [SpringApplicationShutdownHook] com.alibaba.nacos.client.naming          : com.alibaba.nacos.client.naming.core.ServerListManager do shutdown begin
2025-10-27T20:17:13.687+08:00  INFO 26292 --- [micro-demo-device] [SpringApplicationShutdownHook] com.alibaba.nacos.client.naming          : com.alibaba.nacos.client.naming.core.ServiceInfoUpdateService do shutdown stop
2025-10-27T20:17:13.688+08:00  INFO 40712 --- [micro-demo-device] [SpringApplicationShutdownHook] com.alibaba.nacos.common.remote.client   : Shutdown client event executor java.util.concurrent.ScheduledThreadPoolExecutor@21f9c6ea[Running, pool size = 2, active threads = 2, queued tasks = 0, completed tasks = 0]
2025-10-27T20:17:13.688+08:00  WARN 22140 --- [micro-demo-device] [SpringApplicationShutdownHook] com.alibaba.nacos.client.naming          : [NamingHttpClientManager] Start destroying NacosRestTemplate
2025-10-27T20:17:13.688+08:00  INFO 26292 --- [micro-demo-device] [SpringApplicationShutdownHook] com.alibaba.nacos.client.naming          : com.alibaba.nacos.client.naming.core.ServerListManager do shutdown begin
2025-10-27T20:17:13.688+08:00  WARN 26292 --- [micro-demo-device] [SpringApplicationShutdownHook] com.alibaba.nacos.client.naming          : [NamingHttpClientManager] Start destroying NacosRestTemplate
2025-10-27T20:17:13.688+08:00  WARN 22140 --- [micro-demo-device] [SpringApplicationShutdownHook] com.alibaba.nacos.client.naming          : [NamingHttpClientManager] Destruction of the end
2025-10-27T20:17:13.688+08:00  INFO 40712 --- [micro-demo-device] [SpringApplicationShutdownHook] com.alibaba.nacos.common.remote.client   : Close current connection 1761533679723_127.0.0.1_64427
2025-10-27T20:17:13.688+08:00  INFO 22140 --- [micro-demo-device] [SpringApplicationShutdownHook] com.alibaba.nacos.client.naming          : com.alibaba.nacos.client.naming.core.ServerListManager do shutdown stop
2025-10-27T20:17:13.688+08:00  WARN 26292 --- [micro-demo-device] [SpringApplicationShutdownHook] com.alibaba.nacos.client.naming          : [NamingHttpClientManager] Destruction of the end
2025-10-27T20:17:13.688+08:00  INFO 22140 --- [micro-demo-device] [SpringApplicationShutdownHook] com.alibaba.nacos.client.naming          : com.alibaba.nacos.client.naming.remote.http.NamingHttpClientProxy do shutdown begin
2025-10-27T20:17:13.688+08:00  INFO 26292 --- [micro-demo-device] [SpringApplicationShutdownHook] com.alibaba.nacos.client.naming          : com.alibaba.nacos.client.naming.core.ServerListManager do shutdown stop
2025-10-27T20:17:13.688+08:00  WARN 22140 --- [micro-demo-device] [SpringApplicationShutdownHook] com.alibaba.nacos.client.naming          : [NamingHttpClientManager] Start destroying NacosRestTemplate
2025-10-27T20:17:13.688+08:00  WARN 22140 --- [micro-demo-device] [SpringApplicationShutdownHook] com.alibaba.nacos.client.naming          : [NamingHttpClientManager] Destruction of the end
2025-10-27T20:17:13.688+08:00  INFO 22140 --- [micro-demo-device] [SpringApplicationShutdownHook] com.alibaba.nacos.client.naming          : com.alibaba.nacos.client.naming.remote.http.NamingHttpClientProxy do shutdown stop
2025-10-27T20:17:13.688+08:00  INFO 26292 --- [micro-demo-device] [SpringApplicationShutdownHook] com.alibaba.nacos.client.naming          : com.alibaba.nacos.client.naming.remote.http.NamingHttpClientProxy do shutdown begin
2025-10-27T20:17:13.688+08:00  INFO 22140 --- [micro-demo-device] [SpringApplicationShutdownHook] com.alibaba.nacos.client.naming          : Shutdown naming grpc client proxy for  uuid->942e57e1-9f02-46f6-845f-5e69791ccb8c
2025-10-27T20:17:13.688+08:00  WARN 26292 --- [micro-demo-device] [SpringApplicationShutdownHook] com.alibaba.nacos.client.naming          : [NamingHttpClientManager] Start destroying NacosRestTemplate
2025-10-27T20:17:13.688+08:00  WARN 26292 --- [micro-demo-device] [SpringApplicationShutdownHook] com.alibaba.nacos.client.naming          : [NamingHttpClientManager] Destruction of the end
2025-10-27T20:17:13.688+08:00  INFO 26292 --- [micro-demo-device] [SpringApplicationShutdownHook] com.alibaba.nacos.client.naming          : com.alibaba.nacos.client.naming.remote.http.NamingHttpClientProxy do shutdown stop
2025-10-27T20:17:13.688+08:00  INFO 22140 --- [micro-demo-device] [SpringApplicationShutdownHook] com.alibaba.nacos.client.naming          : Shutdown grpc redo service executor java.util.concurrent.ScheduledThreadPoolExecutor@6af78a48[Running, pool size = 1, active threads = 0, queued tasks = 1, completed tasks = 6125]
2025-10-27T20:17:13.689+08:00  INFO 26292 --- [micro-demo-device] [SpringApplicationShutdownHook] com.alibaba.nacos.client.naming          : Shutdown naming grpc client proxy for  uuid->29243dba-8a4d-4573-b1f0-4caa4e367ccf
2025-10-27T20:17:13.689+08:00  INFO 26292 --- [micro-demo-device] [SpringApplicationShutdownHook] com.alibaba.nacos.client.naming          : Shutdown grpc redo service executor java.util.concurrent.ScheduledThreadPoolExecutor@3dfd7eaa[Running, pool size = 1, active threads = 0, queued tasks = 1, completed tasks = 6136]
2025-10-27T20:17:13.689+08:00  INFO 22140 --- [micro-demo-device] [SpringApplicationShutdownHook] com.alibaba.nacos.common.remote.client   : Shutdown rpc client, set status to shutdown
2025-10-27T20:17:13.689+08:00  INFO 22140 --- [micro-demo-device] [SpringApplicationShutdownHook] com.alibaba.nacos.common.remote.client   : Shutdown client event executor java.util.concurrent.ScheduledThreadPoolExecutor@22f8adc2[Running, pool size = 2, active threads = 2, queued tasks = 0, completed tasks = 0]
2025-10-27T20:17:13.689+08:00  INFO 26292 --- [micro-demo-device] [SpringApplicationShutdownHook] com.alibaba.nacos.common.remote.client   : Shutdown rpc client, set status to shutdown
2025-10-27T20:17:13.689+08:00  INFO 22140 --- [micro-demo-device] [SpringApplicationShutdownHook] com.alibaba.nacos.common.remote.client   : Close current connection 1761533628317_127.0.0.1_64361
2025-10-27T20:17:13.690+08:00  INFO 26292 --- [micro-demo-device] [SpringApplicationShutdownHook] com.alibaba.nacos.common.remote.client   : Shutdown client event executor java.util.concurrent.ScheduledThreadPoolExecutor@68aec50[Running, pool size = 2, active threads = 2, queued tasks = 0, completed tasks = 0]
2025-10-27T20:17:13.690+08:00  INFO 26292 --- [micro-demo-device] [SpringApplicationShutdownHook] com.alibaba.nacos.common.remote.client   : Close current connection 1761533596499_127.0.0.1_64303
2025-10-27T20:17:13.693+08:00  INFO 40712 --- [micro-demo-device] [nacos-grpc-client-executor-localhost-3522] c.a.n.c.remote.client.grpc.GrpcClient    : [1761533679723_127.0.0.1_64427]Ignore complete event,isRunning:false,isAbandon=false
2025-10-27T20:17:13.693+08:00  INFO 22140 --- [micro-demo-device] [nacos-grpc-client-executor-localhost-3553] c.a.n.c.remote.client.grpc.GrpcClient    : [1761533628317_127.0.0.1_64361]Ignore complete event,isRunning:false,isAbandon=false
2025-10-27T20:17:13.694+08:00  INFO 26292 --- [micro-demo-device] [nacos-grpc-client-executor-localhost-3534] c.a.n.c.remote.client.grpc.GrpcClient    : [1761533596499_127.0.0.1_64303]Ignore complete event,isRunning:false,isAbandon=false
2025-10-27T20:17:13.706+08:00  INFO 40712 --- [micro-demo-device] [SpringApplicationShutdownHook] c.a.n.c.remote.client.grpc.GrpcClient    : Shutdown grpc executor java.util.concurrent.ThreadPoolExecutor@6aff97d6[Running, pool size = 4, active threads = 0, queued tasks = 0, completed tasks = 3523]
2025-10-27T20:17:13.706+08:00  INFO 40712 --- [micro-demo-device] [SpringApplicationShutdownHook] com.alibaba.nacos.client.naming          : shutdown and remove naming rpc client  for uuid ->89456864-e20e-4abc-8c58-b4cd6a7b076a
2025-10-27T20:17:13.706+08:00  INFO 40712 --- [micro-demo-device] [SpringApplicationShutdownHook] c.a.n.c.a.r.identify.CredentialWatcher   : [null] CredentialWatcher is stopped
2025-10-27T20:17:13.706+08:00  INFO 26292 --- [micro-demo-device] [SpringApplicationShutdownHook] c.a.n.c.remote.client.grpc.GrpcClient    : Shutdown grpc executor java.util.concurrent.ThreadPoolExecutor@1e92c3b6[Running, pool size = 4, active threads = 0, queued tasks = 0, completed tasks = 3535]
2025-10-27T20:17:13.706+08:00  INFO 22140 --- [micro-demo-device] [SpringApplicationShutdownHook] c.a.n.c.remote.client.grpc.GrpcClient    : Shutdown grpc executor java.util.concurrent.ThreadPoolExecutor@65f3e805[Running, pool size = 5, active threads = 0, queued tasks = 0, completed tasks = 3554]
2025-10-27T20:17:13.707+08:00  INFO 40712 --- [micro-demo-device] [SpringApplicationShutdownHook] c.a.n.c.a.r.identify.CredentialService   : [null] CredentialService is freed
2025-10-27T20:17:13.707+08:00  INFO 22140 --- [micro-demo-device] [SpringApplicationShutdownHook] com.alibaba.nacos.client.naming          : shutdown and remove naming rpc client  for uuid ->942e57e1-9f02-46f6-845f-5e69791ccb8c
2025-10-27T20:17:13.707+08:00  INFO 26292 --- [micro-demo-device] [SpringApplicationShutdownHook] com.alibaba.nacos.client.naming          : shutdown and remove naming rpc client  for uuid ->29243dba-8a4d-4573-b1f0-4caa4e367ccf
2025-10-27T20:17:13.707+08:00  INFO 40712 --- [micro-demo-device] [SpringApplicationShutdownHook] com.alibaba.nacos.client.naming          : com.alibaba.nacos.client.naming.remote.NamingClientProxyDelegate do shutdown stop
2025-10-27T20:17:13.707+08:00  INFO 26292 --- [micro-demo-device] [SpringApplicationShutdownHook] c.a.n.c.a.r.identify.CredentialWatcher   : [null] CredentialWatcher is stopped
2025-10-27T20:17:13.707+08:00  INFO 26292 --- [micro-demo-device] [SpringApplicationShutdownHook] c.a.n.c.a.r.identify.CredentialService   : [null] CredentialService is freed
2025-10-27T20:17:13.707+08:00  INFO 26292 --- [micro-demo-device] [SpringApplicationShutdownHook] com.alibaba.nacos.client.naming          : com.alibaba.nacos.client.naming.remote.NamingClientProxyDelegate do shutdown stop
2025-10-27T20:17:13.707+08:00  INFO 22140 --- [micro-demo-device] [SpringApplicationShutdownHook] c.a.n.c.a.r.identify.CredentialWatcher   : [null] CredentialWatcher is stopped
2025-10-27T20:17:13.707+08:00  INFO 22140 --- [micro-demo-device] [SpringApplicationShutdownHook] c.a.n.c.a.r.identify.CredentialService   : [null] CredentialService is freed
2025-10-27T20:17:13.709+08:00  INFO 22140 --- [micro-demo-device] [SpringApplicationShutdownHook] com.alibaba.nacos.client.naming          : com.alibaba.nacos.client.naming.remote.NamingClientProxyDelegate do shutdown stop
